Starling ID,Headwords,Gloss,chosen_abbr,suggestion_1,field_1,score_1,suggestion_2,field_2,score_2,suggestion_3,field_3,score_3
PDR001,*ac-,mould (n.),PA_MD,PA_MD,"Physical Acts & Materials — to Mold, Form",0.533,CA_RA,Clothing & Adornment — Razor,0.342,CA_LO,Clothing & Adornment — Loom,0.335
PDR002,*ac-,thorn; to cut,WH_SP,WH_SP,Warfare & Hunting — Spear,0.425,PA_CU,Physical Acts & Materials — to Cut,0.419,WH_SW,Warfare & Hunting — Sword,0.405
PDR003,*aḍái,to hide; to press down,BP_SH,BP_SH,"Body Parts & Functions — Skin, Hide",0.459,SR_HC,"Spatial Relations — to Hide, Conceal",0.435,CA_BU,Clothing & Adornment — Button,0.341
PDR004,*aḍái,green plants (leaves),AV_LE,AV_LE,Agriculture & Vegetation — Leaf,0.593,AV_PN,"Agriculture & Vegetation — Plant, Herb",0.478,AV_TO,Agriculture & Vegetation — Tobacco,0.462
PDR005,*aḍái ~ *aḍí,"to compact, gather together; lump, clot",SR_CG,SR_CG,"Spatial Relations — to Gather, Collect",0.352,SR_NS,Spatial Relations — Thin (in Density),0.318,PA_FO,Physical Acts & Materials — to Fold,0.317
PDR006,*aḍái[j]āḷ- (?),"mark, token",CA_BU,CA_BU,Clothing & Adornment — Button,0.295,CA_NA,Clothing & Adornment — Napkin,0.294,PT_CO,Possession & Trade — Coin,0.293
PDR007,*aḍái[-kāj/-kat-],areca nut (betel nut),FD_NT,FD_NT,Food & Drink — Nut,0.564,FD_FI,Food & Drink — Fig,0.396,FD_MF,"Food & Drink — Meal, Flour",0.356
PDR008,*adáḷ-,"to start, be alarmed",TI_BB,TI_BB,Time — to Begin; Beginning,0.495,EM_FF,"Emotion — Fear, Fright",0.411,TI_FI,Time — to Finish,0.352
PDR009,*aḍál- ~ *aḍáv-,a k. of marine fish,AN_FI,AN_FI,Animals — Fish (n),0.598,AN_FM,Animals — Fisherman,0.565,PW_SE,Physical World — Sea,0.427
PDR010,*aḌ[Ḍ]- (?),thirst; hunger,FD_TH,FD_TH,Food & Drink — Thirst (n),0.806,FD_HU,Food & Drink — Hunger (n),0.782,FD_SS,Food & Drink — Sugar,0.552
PDR011,*ádda- [?],mirror,CA_MR,CA_MR,Clothing & Adornment — Mirror,0.543,MT_TR,"Mind & Thought — to Think, Reflect",0.448,TI_DW,Time — Dawn,0.340
PDR012,*áḍḍa- ~ *aḍái-,to hinder; obstacle,MO_PU,MO_PU,Motion & Transportation — to Pursue,0.411,MO_FE,Motion & Transportation — to Flee,0.409,TI_HH,"Time — to Hurry, Hasten",0.394
PDR013,*áḍḍi-,"necklace, ornament",CA_NC,CA_NC,Clothing & Adornment — Necklace,0.696,CA_FR,Clothing & Adornment — Finger Ring,0.511,CA_BR,"Clothing & Adornment — Armband, Bracelet",0.494
PDR014,*aḍí,"foot; lower, below",BP_FT,BP_FT,Body Parts & Functions — Foot,0.583,BP_TE,Body Parts & Functions — Toe,0.478,BP_LE,Body Parts & Functions — Leg,0.382
PDR015,*aḍí-,"to flap, throb",BP_YG,BP_YG,"Body Parts & Functions — to Gape, Yawn",0.292,TI_FI,Time — to Finish,0.288,AV_TH,Agriculture & Vegetation — to Thresh,0.277
PDR016,*adír-,"to shake, tremble; to be troubled",MO_SH,MO_SH,Motion & Transportation — to Shake,0.523,LM_TH,Language & Music — to Threaten,0.406,EM_DA,Emotion — to Dare,0.395
PDR017,*aḍú-,"fit, appropriate",CA_TA,CA_TA,"Clothing & Adornment — Tailor, Seamstress",0.331,CA_SH,Clothing & Adornment — Shirt,0.323,CA_SO,Clothing & Adornment — Shoe,0.317
PDR018,*aḍ-[úg-],"to ask, request",LM_AR,LM_AR,"Language & Music — to Ask, Request",0.406,EM_PL,Emotion — to Please,0.344,PT_SE,Possession & Trade — to Seek,0.321
PDR019,*adúm-,"to squeeze, press",PA_PR,PA_PR,Physical Acts & Materials — to Press,0.404,FD_SU,"Food & Drink — to Suck, Suckle",0.328,BP_LC,Body Parts & Functions — to Lick,0.325
PDR020,*aḍ-[úŋ]-,"to be piled up, arranged",PT_SP,PT_SP,Possession & Trade — to Spoil,0.378,PT_GI,Possession & Trade — to Give,0.367,PT_HO,Possession & Trade — to Hold,0.366
PDR021,*aḍV́-,to strike,PA_SH,PA_SH,"Physical Acts & Materials — to Hit, Strike, Beat",0.432,BP_BI,Body Parts & Functions — to Bite,0.336,WH_FI,Warfare & Hunting — to Fight,0.328
PDR022,*aḍV́-,to be near; to happen,SR_NE,SR_NE,Spatial Relations — Near (adj),0.461,TI_SI,"Time — Soon, Immediately",0.430,TI_FI,Time — to Finish,0.403
PDR023,*aḍV́-,bad,EM_BD,EM_BD,Emotion — Bad,0.528,EM_GD,Emotion — Good,0.422,EM_SA,Emotion — Sad,0.312
PDR024,*agá-,1 to appear 2 inside,QN_ON,QN_ON,Quantity & Number — One,0.497,QN_HA,Quantity & Number — Half,0.424,QN_FI,Quantity & Number — First,0.402
PDR025,*agá-,"to press, hold firmly",PA_PR,PA_PR,Physical Acts & Materials — to Press,0.533,PT_SG,"Possession & Trade — to Grasp, Seize, Take Hold of",0.347,BP_HN,Body Parts & Functions — Hand,0.333
PDR026,*agáḍ-,viciousness; fault,EM_FA,EM_FA,"Emotion — Fault, Guilt",0.536,EM_BL,Emotion — Blame (n),0.516,EM_RF,"Emotion — Rage, Fury",0.483
PDR027,*agái,"to be broken, torn",EM_TR,EM_TR,Emotion — Tear (n),0.483,PA_TE,Physical Acts & Materials — to Tear,0.416,PA_BK,Physical Acts & Materials — to Break,0.396
PDR028,*agál-,"1 wide, broad 2 to leave, depart",SR_RO,SR_RO,Spatial Relations — Round (adj),0.374,MO_GA,"Motion & Transportation — to Depart, Go Away",0.348,SR_NR,Spatial Relations — Narrow,0.345
PDR029,*agál-,pot (earthen),FD_PO,FD_PO,Food & Drink — Pot,0.619,FD_KE,Food & Drink — Kettle,0.416,PW_GS,"Physical World — Ground, Soil",0.413
PDR030,*agápai,ladle,FD_ML,FD_ML,Food & Drink — Mill,0.353,FD_SG,Food & Drink — Sausage,0.331,FD_MD,Food & Drink — Mead,0.325
PDR031,*agásaj-,common flax,CA_FL,CA_FL,"Clothing & Adornment — Flax, Linen",0.628,FD_PP,Food & Drink — Pepper,0.336,FD_FI,Food & Drink — Fig,0.321
PDR032,*agásti,a k. of tree (pea-tree),AV_TR,AV_TR,Agriculture & Vegetation — Tree (generic),0.524,FD_PE,Food & Drink — Pea,0.445,PW_TR,"Physical World — Tree, Oak",0.436
PDR033,*agáẓ-,to dig,AV_DI,AV_DI,"Agriculture & Vegetation — to Dig, Delve",0.514,AN_HU,Animals — to Hunt,0.385,BP_BD,Body Parts & Functions — to Bury the Dead,0.354
PDR034,*ággai,"sprout, shoot",AV_SS,AV_SS,Agriculture & Vegetation — to Sow; Seed,0.333,WH_GP,Warfare & Hunting — Gunpowder,0.332,FD_FR,Food & Drink — Fruit,0.321
PDR035,*agí-,"to fear, tremble",EM_FF,EM_FF,"Emotion — Fear, Fright",0.536,EM_DA,Emotion — to Dare,0.436,EM_DG,"Emotion — Peril, Danger",0.418
PDR036,*agíl,eagle-wood,PW_WD,PW_WD,"Physical World — Wood, Timber",0.461,AN_BI,Animals — Bird,0.454,PW_TR,"Physical World — Tree, Oak",0.443
PDR037,*aj-,mother,MK_ML,MK_ML,Mankind — Mother-in-Law,0.578,MK_MO,Mankind — Mother,0.564,MK_GM,Mankind — Grandmother,0.496
PDR038,*ája-,an elder relative (father's brother; grandfather; father),MK_BS,MK_BS,Mankind — Sibling(s),0.490,MK_GF,Mankind — Grandfather,0.487,SO_TC,"Social Relations — Tribe, Clan, Family",0.485
PDR039,*ája- ~ *ajír-,"to doubt, suspect",MT_SU,MT_SU,Mind & Thought — Suspicion,0.512,MT_DB,Mind & Thought — Doubt (n),0.423,MT_SN,"Mind & Thought — Sure, Certain",0.334
PDR040,*ak-,an elder relative,MK_GM,MK_GM,Mankind — Grandmother,0.504,MK_GF,Mankind — Grandfather,0.443,MK_GD,Mankind — Granddaughter,0.437
PDR041,*a-/*ā,that (over there),TI_AN,TI_AN,Time — Again,0.232,EM_TE,Emotion — True,0.229,SR_NE,Spatial Relations — Near (adj),0.215
PDR042,*al-,"to weave, plait",CA_WE,CA_WE,Clothing & Adornment — to Weave,0.634,CA_SE,Clothing & Adornment — to Sew,0.448,CA_CB,Clothing & Adornment — Comb,0.416
PDR043,*al-,negative morpheme,EM_HT,EM_HT,Emotion — Hate (n),0.349,EM_BD,Emotion — Bad,0.345,EM_DC,Emotion — Deceit,0.327
PDR044,*aḷ-,"to sprinkle, bail out",FD_SU,FD_SU,"Food & Drink — to Suck, Suckle",0.310,TI_HH,"Time — to Hurry, Hasten",0.281,FD_KD,Food & Drink — to Knead,0.280
PDR045,*àḷ-,fat; strength,BP_SM,BP_SM,"Body Parts & Functions — Strong, Mighty, Powerful",0.520,BP_WH,Body Parts & Functions — Well; Health,0.416,BP_WE,"Body Parts & Functions — Weak, Infirm",0.402
PDR046,*àḷ-,"cave, hole",SR_HL,SR_HL,Spatial Relations — Hole,0.390,PW_SR,"Physical World — Rock, Stone",0.346,WH_CP,"Warfare & Hunting — Captive, Prisoner",0.344
PDR047,*aḷ-,"to fear, be afraid",EM_FF,EM_FF,"Emotion — Fear, Fright",0.632,EM_DG,"Emotion — Peril, Danger",0.452,EM_AN,Emotion — Anxiety,0.393
PDR048,*al-,"to spread, cover",PA_SO,PA_SO,"Physical Acts & Materials — to Strew, Spread Out",0.331,PA_SR,Physical Acts & Materials — to Stretch,0.325,CA_VE,Clothing & Adornment — Veil,0.322
PDR049,*al- (?),dog,AN_DO,AN_DO,Animals — Dog,0.785,AN_PU,Animals — Puppy,0.680,AN_AN,Animals — Animal,0.608
PDR050,*alá-,to suffer (= to be weary),EM_PS,EM_PS,"Emotion — Pain, Suffering",0.501,EM_CW,"Emotion — to Cry, Weep",0.436,EM_GS,"Emotion — Grief, Sorrow",0.419
PDR051,*aḷ-a-,to measure,SR_MS,SR_MS,Spatial Relations — to Measure,0.528,SP_PS,"Sense Perception — to Sense, Perceive; Sense",0.360,SP_SE,Sense Perception — to See,0.349
PDR052,*aḷ-a-,"to mix; to join, approach",FD_MX,FD_MX,"Food & Drink — to Mix, Blend",0.499,SO_ME,Social Relations — to Meet,0.448,SR_JU,"Spatial Relations — to Join, Unite",0.434
PDR053,*alá-,to make verbal noise,LM_BS,LM_BS,Language & Music — to be Silent,0.499,SP_LD,Sense Perception — Loud,0.465,EM_GR,Emotion — to Groan,0.436
PDR054,*alág-,blade; splint,PA_KF,PA_KF,Physical Acts & Materials — Knife (tool),0.423,FD_KN,Food & Drink — Knife,0.419,WH_SW,Warfare & Hunting — Sword,0.367
PDR055,*alág-,parched rice,AV_RI,AV_RI,Agriculture & Vegetation — Rice,0.598,FD_PA,Food & Drink — Pan,0.415,FD_MF,"Food & Drink — Meal, Flour",0.414
PDR056,*alái-,"to wave, move from side to side, wander",MO_FE,MO_FE,Motion & Transportation — to Flee,0.545,MO_TA,Motion & Transportation — to Turn Around,0.540,MO_TU,Motion & Transportation — to Turn,0.523
PDR057,*alái-,to rinse,PA_WA,PA_WA,Physical Acts & Materials — to Wash,0.410,FD_SL,Food & Drink — Salt,0.368,BP_SP,Body Parts & Functions — to Spit,0.339
PDR058,*alár-,to blossom,AV_FL,AV_FL,Agriculture & Vegetation — Flower,0.394,TI_AU,Time — Autumn,0.356,FD_FR,Food & Drink — Fruit,0.355
PDR059,*alé,vocative interjection,SR_SE,SR_SE,Spatial Relations — to Separate,0.323,SR_HL,Spatial Relations — Hole,0.318,LM_CS,"Language & Music — to Call, Summon",0.314
PDR060,*áli,iron-wood tree,PW_TR,PW_TR,"Physical World — Tree, Oak",0.625,PW_WD,"Physical World — Wood, Timber",0.559,PW_WF,"Physical World — Woods, Forest",0.514
PDR061,*áli,waterlily,AN_WE,AN_WE,Animals — Wether,0.381,PW_WA,Physical World — Water,0.378,FD_SB,"Food & Drink — Soup, Broth",0.335
PDR062,*am-,to press down,PA_PR,PA_PR,Physical Acts & Materials — to Press,0.410,BP_LC,Body Parts & Functions — to Lick,0.295,CA_BU,Clothing & Adornment — Button,0.293
PDR063,*áma-,mother (hon.),MK_ML,MK_ML,Mankind — Mother-in-Law,0.529,MK_MO,Mankind — Mother,0.503,MK_GM,Mankind — Grandmother,0.458
PDR064,*amái-,to fit together; to be useful; to prepare,SO_ME,SO_ME,Social Relations — to Meet,0.351,MT_IP,"Mind & Thought — Purpose, Intention",0.318,MT_UN,Mind & Thought — to Understand,0.309
PDR065,*amai-,"to be calm, settled",EM_LS,EM_LS,"Emotion — to Laugh, Smile",0.395,EM_BR,"Emotion — Brave, Courageous",0.368,EM_GD,Emotion — Good,0.367
PDR066,*amb-,arrow,WH_AW,WH_AW,Warfare & Hunting — Arrow,0.662,WH_BW,Warfare & Hunting — Bow,0.507,AN_CK,"Animals — Cock, Rooster",0.407
PDR067,*ámbai-,to crawl [walk on hands and feet],BP_FT,BP_FT,Body Parts & Functions — Foot,0.540,MO_WA,Motion & Transportation — to Walk,0.538,MO_CC,"Motion & Transportation — to Creep, Crawl",0.525
PDR068,*ámbali,rice-water; rice gruel,AV_RI,AV_RI,Agriculture & Vegetation — Rice,0.572,FD_SL,Food & Drink — Salt,0.459,FD_ML,Food & Drink — Mill,0.459
PDR069,*an-,"fit, convenient",CA_PO,CA_PO,Clothing & Adornment — Pocket,0.351,TI_HH,"Time — to Hurry, Hasten",0.330,TI_ST,Time — Sometimes,0.318
PDR070,*aṇ-,"upper part, up; to lift up (the head)",BP_HE,BP_HE,Body Parts & Functions — Head,0.586,BP_SK,Body Parts & Functions — Skull,0.515,BP_FO,Body Parts & Functions — Forehead,0.502
PDR071,*áṇa-,elder brother,MK_BL,MK_BL,Mankind — Brother-in-Law,0.468,MK_BR,Mankind — Brother,0.460,MK_SI,Mankind — Sister,0.438
PDR072,*aṇái,"bank, dam",PT_BA,PT_BA,Possession & Trade — Bank,0.523,PW_RS,"Physical World — Brook, Stream, River",0.410,AN_RA,Animals — Ram,0.348
PDR073,*aṇái- ~ *anḍ-,"to join, unite",SR_JU,SR_JU,"Spatial Relations — to Join, Unite",0.402,SO_ME,Social Relations — to Meet,0.379,TI_FI,Time — to Finish,0.361
PDR074,*aṇá-ŋ-,to suffer; to suppress,EM_PS,EM_PS,"Emotion — Pain, Suffering",0.552,EM_CW,"Emotion — to Cry, Weep",0.448,EM_MF,Emotion — Misfortune,0.413
PDR075,*aṇáŋ- (?),lower part of mouth; neck,BP_MO,BP_MO,Body Parts & Functions — Mouth,0.663,BP_NK,Body Parts & Functions — Neck,0.645,BP_JW,Body Parts & Functions — Jaw,0.582
PDR076,*anc-,"edge, border",SR_ED,SR_ED,Spatial Relations — Edge,0.563,MT_MI,Mind & Thought — Mind,0.334,SR_CN,"Spatial Relations — Angle, Corner",0.332
PDR077,*áncV,relay post,MO_SE,MO_SE,Motion & Transportation — to Send,0.304,MO_TH,Motion & Transportation — to Throw,0.242,MO_BL,Motion & Transportation — to Blow,0.238
PDR078,*and-,to be within reach,MO_AR,MO_AR,"Motion & Transportation — to Reach, Arrive",0.495,TI_FI,Time — to Finish,0.440,TI_LS,Time — to Last,0.400
PDR079,*ánḍi,mango stone,FD_PC,FD_PC,Food & Drink — Peach,0.485,PW_SR,"Physical World — Rock, Stone",0.484,FD_FR,Food & Drink — Fruit,0.465
PDR080,*and-/*čand-,beauty,EM_BF,EM_BF,Emotion — Beautiful,0.624,EM_UG,Emotion — Ugly,0.486,EM_GD,Emotion — Good,0.433
PDR081,*ándug-,clearing nut plant,FD_NT,FD_NT,Food & Drink — Nut,0.472,AV_RO,Agriculture & Vegetation — Root,0.370,AV_FO,Agriculture & Vegetation — Fork (tool),0.361
PDR082,*aṇí-,to wear (ornaments); beauty,CA_NC,CA_NC,Clothing & Adornment — Necklace,0.620,CA_CD,"Clothing & Adornment — to Clothe, Dress",0.618,CA_WD,Clothing & Adornment — Woman's Dress,0.613
PDR083,*an-p-,1 to load 2 to send away,MO_SE,MO_SE,Motion & Transportation — to Send,0.379,QN_ON,Quantity & Number — One,0.332,QN_FI,Quantity & Number — First,0.280
PDR084,*anṭ-,to stick,PW_MT,PW_MT,"Physical World — Match, Fire Stick",0.358,BP_BI,Body Parts & Functions — to Bite,0.333,BP_SP,Body Parts & Functions — to Spit,0.317
PDR085,*aṇV́-,to mock,BP_TS,BP_TS,Body Parts & Functions — Testicle,0.331,MT_IP,"Mind & Thought — Purpose, Intention",0.327,MT_BE,Mind & Thought — to Believe,0.301
PDR086,*anǯ-,to fear,EM_FF,EM_FF,"Emotion — Fear, Fright",0.499,EM_DE,Emotion — to Desire,0.437,AN_HU,Animals — to Hunt,0.395
PDR087,*aŋ-,a k. of relative (brother/sister),MK_BS,MK_BS,Mankind — Sibling(s),0.539,MK_SW,Mankind — Sister-in-Law,0.516,SO_TC,"Social Relations — Tribe, Clan, Family",0.459
PDR088,*áŋal-,"to weep, to grieve",EM_CW,EM_CW,"Emotion — to Cry, Weep",0.683,EM_GS,"Emotion — Grief, Sorrow",0.574,EM_TR,Emotion — Tear (n),0.478
PDR089,*aŋā́ḍi,market,PT_MK,PT_MK,Possession & Trade — Market (place),0.645,PT_PC,Possession & Trade — Price,0.489,PT_IT,Possession & Trade — Interest,0.463
PDR090,*áŋāl-,"to yawn, gape",BP_YG,BP_YG,"Body Parts & Functions — to Gape, Yawn",0.748,EM_GR,Emotion — to Groan,0.289,BP_SN,Body Parts & Functions — to Sneeze,0.287
PDR091,*áŋka-,"fight, quarrel",SO_SQ,SO_SQ,"Social Relations — Strife, Quarrel",0.711,WH_FI,Warfare & Hunting — to Fight,0.506,EM_AG,Emotion — Anger,0.478
PDR092,*áŋkaṇa-,space between two pillars,SR_SI,SR_SI,Spatial Relations — to Sit,0.364,SR_CI,Spatial Relations — Circle,0.362,SR_PU,"Spatial Relations — to Put, Place, Set, Lay",0.339
PDR093,*ápa-,father (hon.),MK_FA,MK_FA,Mankind — Father,0.564,MK_FL,Mankind — Father-in-Law,0.555,BP_BP,Body Parts & Functions — to Beget (of Father),0.499
PDR094,*ápa-,cake (of rice flour; of special interest to children),FD_CA,FD_CA,Food & Drink — Cake,0.589,FD_MF,"Food & Drink — Meal, Flour",0.554,AV_RI,Agriculture & Vegetation — Rice,0.442
PDR095,"*ap-, *áp-aḷi-","to stick (with hand), plaster",PA_RU,PA_RU,Physical Acts & Materials — to Rub,0.476,PA_NA,"Physical Acts & Materials — Nail, Peg",0.430,PA_MO,Physical Acts & Materials — Mortar,0.423
PDR096,*ar-,rare,QN_LF,QN_LF,"Quantity & Number — Few, Little",0.283,QN_MM,"Quantity & Number — Much, Many",0.265,TI_OF,Time — Often,0.254
PDR097,*arái-,to rub two things against each other (> to grind; to launder),PA_RU,PA_RU,Physical Acts & Materials — to Rub,0.556,FD_GR,Food & Drink — to Grind,0.474,PA_WA,Physical Acts & Materials — to Wash,0.423
PDR098,*arai,half,QN_HA,QN_HA,Quantity & Number — Half,0.663,QN_WH,Quantity & Number — Whole,0.359,QN_FU,Quantity & Number — Full,0.343
PDR099,*arajái,Ficus religiosa,RB_HS,RB_HS,"Religion & Beliefs — Holy, Sacred",0.550,RB_NU,Religion & Beliefs — Nun,0.491,RB_SO,"Religion & Beliefs — Sacrifice, Offering",0.441
PDR100,*argil-,chest (of body),BP_FC,BP_FC,Body Parts & Functions — Front of Chest,0.781,BP_HR,Body Parts & Functions — Heart,0.616,BP_BW,Body Parts & Functions — Breast of Woman,0.593
PDR101,*arí-,"to cut, chip",FD_KN,FD_KN,Food & Drink — Knife,0.424,PA_CU,Physical Acts & Materials — to Cut,0.392,FD_BU,Food & Drink — Butcher (n),0.358
PDR102,*ari,rice,AV_RI,AV_RI,Agriculture & Vegetation — Rice,0.659,FD_ML,Food & Drink — Mill,0.484,FD_DI,Food & Drink — Dish,0.464
PDR103,*arí-,"to sift, strain",PA_SR,PA_SR,Physical Acts & Materials — to Stretch,0.401,PA_BN,Physical Acts & Materials — to Bend,0.386,PA_TE,Physical Acts & Materials — to Tear,0.326
PDR104,*ari,"tax, tribute",PT_TX,PT_TX,Possession & Trade — Tax (n),0.484,PT_IN,Possession & Trade — Income,0.341,PT_DR,"Possession & Trade — Dear, Expensive",0.311
PDR105,*arí- ~ *arál-,to fall,MO_FA,MO_FA,Motion & Transportation — to Fall,0.547,TI_AU,Time — Autumn,0.422,MO_JL,"Motion & Transportation — to Jump, Leap",0.389
PDR106,*arisana- (?),saffron; yellow,SP_YL,SP_YL,Sense Perception — Yellow,0.392,CA_DY,Clothing & Adornment — to Dye,0.361,CA_SH,Clothing & Adornment — Shirt,0.339
PDR107,*á[r]ti,a k. of tree (Ficus glomerata = Ficus racemosa),AV_TR,AV_TR,Agriculture & Vegetation — Tree (generic),0.479,PW_TR,"Physical World — Tree, Oak",0.440,AV_LE,Agriculture & Vegetation — Leaf,0.376
PDR108,*arú-,to approach; neighbour,SO_NE,SO_NE,Social Relations — Neighbor,0.642,SO_SG,Social Relations — Stranger,0.441,SO_CR,"Social Relations — to Order, Command",0.417
PDR109,*arúḷ-,to be gracious to; to favour,EM_PL,EM_PL,Emotion — to Please,0.465,EM_PR,Emotion — Praise (n),0.463,LJ_SW,Law & Judgment — to Swear,0.406
PDR110,*ar[V]-,to climb,MO_RL,MO_RL,"Motion & Transportation — to Lift, Raise",0.371,MO_JL,"Motion & Transportation — to Jump, Leap",0.369,PW_MH,"Physical World — Hill, Mountain",0.365
PDR111,*ar_-,"palm of hand, sole of foot",BP_FT,BP_FT,Body Parts & Functions — Foot,0.560,BP_TM,Body Parts & Functions — Thumb,0.538,BP_HN,Body Parts & Functions — Hand,0.531
PDR112,*ar_-,to be digested,BP_ED,BP_ED,"Body Parts & Functions — to Void Excrement; Dung, Excrement",0.517,BP_VO,Body Parts & Functions — to Vomit,0.500,BP_SP,Body Parts & Functions — to Spit,0.474
PDR113,*ar_- (*-d_-),to cut,PA_CU,PA_CU,Physical Acts & Materials — to Cut,0.451,FD_KN,Food & Drink — Knife,0.426,PA_SS,"Physical Acts & Materials — Shears, Scissors",0.389
PDR114,*ar_-a-,"to speak, sound",LM_ST,LM_ST,"Language & Music — to Speak, Talk",0.656,LM_VO,Language & Music — Voice (n),0.543,LM_SY,Language & Music — to Say,0.538
PDR115,*ar_-ai,"room, apartment",DF_RO,DF_RO,Dwellings & Furniture — Room,0.686,DF_FL,Dwellings & Furniture — Floor,0.569,DF_HS,Dwellings & Furniture — House,0.562
PDR116,*àr_-ai (*-d_-),rock,PW_SR,PW_SR,"Physical World — Rock, Stone",0.679,PW_SA,"Physical World — Sand, Grit",0.439,LM_AW,Language & Music — to Answer,0.423
PDR117,*asái,"to shake, stir, tremble; (to sweep)",MO_SH,MO_SH,Motion & Transportation — to Shake,0.555,PA_SW,Physical Acts & Materials — to Sweep,0.396,MO_BL,Motion & Transportation — to Blow,0.371
PDR118,*asái,"faint, weary",TI_HH,TI_HH,"Time — to Hurry, Hasten",0.354,EM_TC,"Emotion — Timid, Cowardly",0.342,EM_GS,"Emotion — Grief, Sorrow",0.329
PDR119,*asái,"to join two things together (> ""to take, buy"")",PT_BU,PT_BU,Possession & Trade — to Buy,0.517,PT_BW,Possession & Trade — to Borrow,0.489,PT_TA,Possession & Trade — to Take,0.487
PDR120,*asár_-,"mud, mire",PW_MU,PW_MU,"Physical World — Mud, Mire",0.722,PW_SA,"Physical World — Sand, Grit",0.413,PW_CL,"Physical World — Cloud, Mirk",0.376
PDR121,*at-,"to join, attach, wear",CA_SE,CA_SE,Clothing & Adornment — to Sew,0.456,CA_WE,Clothing & Adornment — to Weave,0.453,CA_TR,Clothing & Adornment — Trousers,0.453
PDR122,*aṬ-,earthen pot,FD_PO,FD_PO,Food & Drink — Pot,0.550,PW_GS,"Physical World — Ground, Soil",0.389,AV_HO,Agriculture & Vegetation — Hoe (n),0.377
PDR123,*átai,female relative (father's sister; grandmother),MK_SW,MK_SW,Mankind — Sister-in-Law,0.582,MK_GM,Mankind — Grandmother,0.559,MK_DL,Mankind — Daughter-in-Law,0.501
PDR124,*aṭ- ~ *aḍú-,"to evaporate, dry up; to cook, boil",FD_BO,FD_BO,Food & Drink — to Boil (trans,0.601,FD_CO,Food & Drink — to Cook,0.485,MO_BO,Motion & Transportation — to Boil (intrans,0.458
PDR125,*áṭa-,"inner side of roof (loft, attic, supporting bamboo framework etc.)",DF_RF,DF_RF,Dwellings & Furniture — Roof,0.606,DF_TE,Dwellings & Furniture — Tent,0.436,DF_CH,Dwellings & Furniture — Chimney,0.377
PDR126,*áṭai,"sole of shoe; leather, cardboard",CA_SO,CA_SO,Clothing & Adornment — Shoe,0.663,CA_SC,"Clothing & Adornment — Cobbler, Shoemaker",0.574,CA_LE,Clothing & Adornment — Leather,0.571
PDR127,*áṭai,leech,AN_MK,AN_MK,Animals — Monkey,0.294,AN_DU,Animals — Duck,0.261,AN_DO,Animals — Dog,0.261
PDR128,*ávai,elder female relation (grandmother; elder brother's wife),MK_SW,MK_SW,Mankind — Sister-in-Law,0.545,SO_TC,"Social Relations — Tribe, Clan, Family",0.496,MK_GM,Mankind — Grandmother,0.484
PDR129,*aval-,trouble; confusion,TI_TI,TI_TI,Time — Time (period),0.349,EM_ME,"Emotion — Error, Mistake",0.334,TI_EV,Time — Evening,0.333
PDR130,*ávarai,field bean,FD_BN,FD_BN,Food & Drink — Bean,0.538,AV_FC,Agriculture & Vegetation — Field for Cultivation,0.368,AV_BA,Agriculture & Vegetation — Barn,0.310
PDR131,*aví-,to destroy; to extinguish; to be tired,BP_KI,BP_KI,Body Parts & Functions — to Kill,0.452,PW_BU,"Physical World — to Burn, Scorch",0.438,BP_SL,Body Parts & Functions — to Sleep; Sleep,0.411
PDR132,*aví-,to heat,PW_BU,PW_BU,"Physical World — to Burn, Scorch",0.370,FD_RF,"Food & Drink — to Roast, Fry",0.360,TI_WI,Time — Winter,0.336
PDR133,*áviri,indigo plant (Indigofera tinctoria),AV_FL,AV_FL,Agriculture & Vegetation — Flower,0.368,AV_VI,Agriculture & Vegetation — Vine,0.333,AV_PN,"Agriculture & Vegetation — Plant, Herb",0.332
PDR134,*avúẓ-,"to become loose, unfastened",BP_WE,BP_WE,"Body Parts & Functions — Weak, Infirm",0.360,BP_YG,"Body Parts & Functions — to Gape, Yawn",0.358,RB_FA,Religion & Beliefs — to Fast,0.349
PDR135,*aẓ- (?),to pervade (as taste),SP_TJ,SP_TJ,Sense Perception — to Taste (subj),0.582,SP_TT,Sense Perception — to Taste (obj),0.568,SP_TS,"Sense Perception — Taste (n, obj)",0.555
PDR136,*aẓál-,to burn; (> to grieve),PW_BU,PW_BU,"Physical World — to Burn, Scorch",0.518,EM_CW,"Emotion — to Cry, Weep",0.472,EM_GS,"Emotion — Grief, Sorrow",0.452
PDR137,*aẓí-,"to perish, be destroyed",LJ_PY,LJ_PY,Law & Judgment — Perjury,0.460,PT_DE,Possession & Trade — to Destroy,0.432,TI_CE,Time — to Cease,0.415
PDR138,*aẓí-,"love, desire",EM_DE,EM_DE,Emotion — to Desire,0.727,EM_LO,Emotion — to Love; Love,0.707,EM_PA,Emotion — Passion,0.631
PDR139,*aẓ[ú]-,"to rot, spoil",PT_SP,PT_SP,Possession & Trade — to Spoil,0.498,WH_BS,"Warfare & Hunting — Spoils, Booty",0.415,BP_BD,Body Parts & Functions — to Bury the Dead,0.387
PDR140,*aẓ[ú]nd- (caus.*aẓ[ú]t-),"to press down; to dip, immerse",PA_PR,PA_PR,Physical Acts & Materials — to Press,0.384,BP_LC,Body Parts & Functions — to Lick,0.372,BP_VO,Body Parts & Functions — to Vomit,0.355
PDR141,*áǯǯ-,grandparent(s),MK_GM,MK_GM,Mankind — Grandmother,0.561,MK_GF,Mankind — Grandfather,0.530,MK_GD,Mankind — Granddaughter,0.503
PDR142,*āC-,"to choose, select; to sift",QN_ON,QN_ON,Quantity & Number — One,0.282,QN_TH,Quantity & Number — Three,0.280,QN_MI,Quantity & Number — Miscellaneous,0.274
PDR143,*āḍ-,"to play; to dance, move",MO_DA,MO_DA,Motion & Transportation — to Dance,0.688,EM_PV,Emotion — to Play,0.562,MO_JL,"Motion & Transportation — to Jump, Leap",0.468
PDR144,*ād_-,to be cool; to be dry,BP_SW,BP_SW,"Body Parts & Functions — Sweat, Perspiration",0.384,CA_TW,Clothing & Adornment — Towel,0.365,PA_WA,Physical Acts & Materials — to Wash,0.355
PDR145,*āɣ-,to ripen,FD_FR,FD_FR,Food & Drink — Fruit,0.386,FD_PR,Food & Drink — Pear,0.360,AV_TH,Agriculture & Vegetation — to Thresh,0.340
PDR146,*āj-,"private, secret; private parts of body",BP_SH,BP_SH,"Body Parts & Functions — Skin, Hide",0.636,BP_FL,Body Parts & Functions — Flesh,0.615,BP_BO,Body Parts & Functions — Body,0.594
PDR147,*āk- (?),to know,MT_KN,MT_KN,Mind & Thought — to Know,0.351,TI_LS,Time — to Last,0.317,TI_MT,Time — Month,0.306
PDR148,*ā-/*an-,to be,TI_FI,TI_FI,Time — to Finish,0.344,TI_LS,Time — to Last,0.332,EM_LO,Emotion — to Love; Love,0.313
PDR149,*āl-,pipal tree,PW_TR,PW_TR,"Physical World — Tree, Oak",0.431,AN_BA,Animals — Barrow,0.401,AV_TR,Agriculture & Vegetation — Tree (generic),0.399
PDR150,*āḷ-,man,MK_MA,MK_MA,Mankind — Man,0.538,MK_BR,Mankind — Brother,0.417,MK_BO,Mankind — Boy,0.400
PDR151,*āl-,"to hear, listen",LM_ST,LM_ST,"Language & Music — to Speak, Talk",0.460,SP_HE,Sense Perception — to Hear,0.413,LM_SG,Language & Music — to Sing,0.391
PDR152,*āḷd-,woman,MK_FS,MK_FS,Mankind — Female,0.566,MK_WO,Mankind — Woman,0.545,CA_WD,Clothing & Adornment — Woman's Dress,0.487
PDR153,*āld_-,hail,EM_PR,EM_PR,Emotion — Praise (n),0.443,TI_AU,Time — Autumn,0.389,PW_RA,Physical World — Rain (n),0.387
PDR154,*ā̆m-,water,PW_WA,PW_WA,Physical World — Water,0.631,FD_TH,Food & Drink — Thirst (n),0.473,FD_KE,Food & Drink — Kettle,0.470
PDR155,*āmaṇd-/*āmaṇVg-,castor-oil plant,FD_OI,FD_OI,Food & Drink — Oil,0.443,AV_PN,"Agriculture & Vegetation — Plant, Herb",0.398,AV_FL,Agriculture & Vegetation — Flower,0.391
PDR156,*āṇ-,1 to press against 2 to support,PA_PR,PA_PR,Physical Acts & Materials — to Press,0.405,QN_ON,Quantity & Number — One,0.390,QN_TH,Quantity & Number — Three,0.357
PDR157,*ān-,"to seize, grab, catch",PT_SG,PT_SG,"Possession & Trade — to Grasp, Seize, Take Hold of",0.633,PT_ST,Possession & Trade — to Steal,0.541,PT_RR,Possession & Trade — to Rob; Robber,0.501
PDR158,*āṇ-,male,MK_MS,MK_MS,Mankind — Male,0.648,MK_FS,Mankind — Female,0.514,AN_MA,Animals — Male Animal,0.497
PDR159,*āŋ-,"to stop, obstruct",TI_CE,TI_CE,Time — to Cease,0.499,TI_FI,Time — to Finish,0.422,WH_SU,Warfare & Hunting — to Surrender,0.367
PDR160,*ār-,to shout,LM_SC,LM_SC,"Language & Music — to Shout, Cry Out",0.469,LM_SG,Language & Music — to Sing,0.444,EM_PR,Emotion — Praise (n),0.390
PDR161,*ār-,"to put on, wear",CA_CD,CA_CD,"Clothing & Adornment — to Clothe, Dress",0.553,CA_BO,Clothing & Adornment — Boot,0.540,CA_SE,Clothing & Adornment — to Sew,0.531
PDR162,*ār-,"love, affection",EM_LO,EM_LO,Emotion — to Love; Love,0.688,EM_EF,"Emotion — Feeling, Emotion",0.582,EM_HH,Emotion — Happy; Happiness,0.561
PDR163,*ār-,"full, satiated",QN_FU,QN_FU,Quantity & Number — Full,0.431,QN_WH,Quantity & Number — Whole,0.352,EM_JG,"Emotion — Glad, Joyful",0.334
PDR164,*ār-,sharp(ness),SP_SP,SP_SP,Sense Perception — Sharp,0.444,FD_KN,Food & Drink — Knife,0.373,SP_LL,"Sense Perception — Dull, Blunt",0.361
PDR165,*ārāj-,"to think, observe, search for",MT_KN,MT_KN,Mind & Thought — to Know,0.560,MT_SV,Mind & Thought — to Solve,0.547,MT_TR,"Mind & Thought — to Think, Reflect",0.533
PDR166,*ārig-,millet,FD_ML,FD_ML,Food & Drink — Mill,0.626,AV_GG,"Agriculture & Vegetation — Grain (generic, British Corn)",0.355,FD_SP,Food & Drink — Spoon,0.328
PDR167,*ār_- (*-d_-),"way, road, path",MO_RA,MO_RA,Motion & Transportation — Road,0.637,MO_PA,Motion & Transportation — Path,0.628,MO_ST,Motion & Transportation — Street,0.572
PDR168,*ās-,"slender, thin",SR_ND,SR_ND,Spatial Relations — Thin (in Dimension),0.389,SR_NS,Spatial Relations — Thin (in Density),0.370,PA_SR,Physical Acts & Materials — to Stretch,0.343
PDR169,*ā(t)k-,leaf,AV_LE,AV_LE,Agriculture & Vegetation — Leaf,0.695,AV_TR,Agriculture & Vegetation — Tree (generic),0.453,AV_PN,"Agriculture & Vegetation — Plant, Herb",0.414
PDR170,*āt_-,"powerful, capable",BP_SM,BP_SM,"Body Parts & Functions — Strong, Mighty, Powerful",0.481,TI_SW,"Time — Fast, Swift, Quick",0.309,MT_SN,"Mind & Thought — Sure, Certain",0.298
PDR171,*āv-,cow,AN_CO,AN_CO,Animals — Cow,0.861,AN_CB,"Animals — Cattle, Bovines",0.662,AN_LI,Animals — Livestock,0.629
PDR172,*āv-,to yawn,BP_YG,BP_YG,"Body Parts & Functions — to Gape, Yawn",0.557,BP_SL,Body Parts & Functions — to Sleep; Sleep,0.350,EM_GR,Emotion — to Groan,0.341
PDR173,*āv-,1 to breathe 2 steam,BP_BB,BP_BB,Body Parts & Functions — to Breathe; Breath,0.428,FD_KE,Food & Drink — Kettle,0.360,BP_FB,"Body Parts & Functions — to Fart, Break Wind",0.342
PDR174,*āv-,to desire,EM_DE,EM_DE,Emotion — to Desire,0.756,EM_LO,Emotion — to Love; Love,0.527,EM_PL,Emotion — to Please,0.477
PDR175,*bacaḷ-,spinach,FD_ON,FD_ON,Food & Drink — Onion,0.438,FD_VE,Food & Drink — Vegetables,0.423,FD_BY,Food & Drink — Berry,0.377
PDR176,*baḍ-i,"club, stick",WH_CL,WH_CL,Warfare & Hunting — Club,0.454,PW_MT,"Physical World — Match, Fire Stick",0.366,MO_MS,Motion & Transportation — Mast,0.289
PDR177,*bagVḍ- (*v-),"shank, calf",AN_CF,AN_CF,Animals — Calf,0.581,AN_CO,Animals — Cow,0.415,AN_CB,"Animals — Cattle, Bovines",0.378
PDR178,*bajal,open space,SR_OP,SR_OP,Spatial Relations — to Open,0.631,SR_SH,"Spatial Relations — to Shut, Close",0.451,SR_PL,Spatial Relations — Place,0.379
PDR179,*bak- (*v-) (?),claws,BP_NA,BP_NA,"Body Parts & Functions — Nail, Claw",0.604,AN_CT,Animals — Cat,0.467,AN_SK,Animals — Snake,0.438
PDR180,*baḷ-,"fertile, abundant; to grow",AV_SS,AV_SS,Agriculture & Vegetation — to Sow; Seed,0.569,AV_CH,"Agriculture & Vegetation — Crop, Harvest",0.538,AV_TH,Agriculture & Vegetation — to Thresh,0.515
PDR181,*baḷ-,a k. of measure,SR_MS,SR_MS,Spatial Relations — to Measure,0.355,QN_MI,Quantity & Number — Miscellaneous,0.236,PA_BR,Physical Acts & Materials — to Bore,0.233
PDR182,*balap-,"chalk, slate",LM_PC,LM_PC,Language & Music — Pencil,0.448,PW_SA,"Physical World — Sand, Grit",0.440,PA_CL,Physical Acts & Materials — Clay,0.432
PDR183,*banḍ-,"rock, boulder",PW_SR,PW_SR,"Physical World — Rock, Stone",0.608,PW_MH,"Physical World — Hill, Mountain",0.450,PW_SA,"Physical World — Sand, Grit",0.381
PDR184,*banḍ-,"rude, obscene",EM_PP,EM_PP,Emotion — Please in Polite Phrases,0.369,LJ_SW,Law & Judgment — to Swear,0.319,EM_DA,Emotion — to Dare,0.313
PDR185,*banḍ-,belly,BP_BS,BP_BS,"Body Parts & Functions — Belly, Stomach",0.715,BP_NV,Body Parts & Functions — Navel,0.657,BP_WO,Body Parts & Functions — Womb,0.479
PDR186,*baŋk-,"gum, resin",AN_GE,AN_GE,Animals — Gelding,0.387,BP_TO,Body Parts & Functions — Tooth,0.385,PA_GL,Physical Acts & Materials — Glass,0.359
PDR187,*bar-,rough,SP_RG,SP_RG,Sense Perception — Rough,0.475,PW_SA,"Physical World — Sand, Grit",0.346,EM_GD,Emotion — Good,0.320
PDR188,*baẓ-al-,"tired, fatigued",BP_SS,BP_SS,Body Parts & Functions — Sick; Sickness,0.380,EM_EF,"Emotion — Feeling, Emotion",0.358,TI_MG,Time — Morning,0.349
PDR189,*bāg-,"good, beautiful",EM_BF,EM_BF,Emotion — Beautiful,0.434,EM_JG,"Emotion — Glad, Joyful",0.394,EM_GD,Emotion — Good,0.390
PDR190,*bān- (*-ṇ-),pot,FD_PO,FD_PO,Food & Drink — Pot,0.799,FD_KE,Food & Drink — Kettle,0.510,FD_PA,Food & Drink — Pan,0.439
PDR191,*bāv-,cat,AN_CT,AN_CT,Animals — Cat,0.812,AN_DO,Animals — Dog,0.575,AN_AN,Animals — Animal,0.539
PDR192,*bāẓ-d-,to live (happily),EM_HH,EM_HH,Emotion — Happy; Happiness,0.538,BP_LL,Body Parts & Functions — to Live; Living; Life,0.535,EM_LO,Emotion — to Love; Love,0.530
PDR193,*bāǯ- (?),many,QN_MM,QN_MM,"Quantity & Number — Much, Many",0.446,EM_GD,Emotion — Good,0.310,QN_EN,Quantity & Number — Enough,0.303
PDR194,*bedar_-,"to fear, be afraid",EM_FF,EM_FF,"Emotion — Fear, Fright",0.632,EM_DG,"Emotion — Peril, Danger",0.452,EM_AN,Emotion — Anxiety,0.393
PDR195,*beil-,spleen,BP_BL,BP_BL,Body Parts & Functions — Blood,0.430,BP_KI,Body Parts & Functions — to Kill,0.390,BP_LV,Body Parts & Functions — Liver,0.389
PDR196,*bej- (*v-),to be,TI_FI,TI_FI,Time — to Finish,0.344,TI_LS,Time — to Last,0.332,EM_LO,Emotion — to Love; Love,0.313
PDR197,*bel-,"jaggery, unrefined sugar",FD_SS,FD_SS,Food & Drink — Sugar,0.553,FD_PC,Food & Drink — Peach,0.409,FD_FI,Food & Drink — Fig,0.362
PDR198,*benḍ-,pith; a k. of frail plant,AV_PN,AV_PN,"Agriculture & Vegetation — Plant, Herb",0.375,AV_SS,Agriculture & Vegetation — to Sow; Seed,0.370,AV_RO,Agriculture & Vegetation — Root,0.358
PDR199,*ber-,"to crack, fall in ruins",PA_BK,PA_BK,Physical Acts & Materials — to Break,0.376,WH_BS,"Warfare & Hunting — Spoils, Booty",0.344,PA_TE,Physical Acts & Materials — to Tear,0.341
PDR200,*bēk- (*v-) (?),salt,FD_SL,FD_SL,Food & Drink — Salt,0.745,SP_SA,Sense Perception — Salty,0.432,FD_PP,Food & Drink — Pepper,0.361
PDR201,*bēḷ-,split pulse,PW_WV,PW_WV,"Physical World — Wave, Surge",0.392,BP_HR,Body Parts & Functions — Heart,0.320,PA_SP,Physical Acts & Materials — to Split,0.308
PDR202,*bir-,to join,SO_ME,SO_ME,Social Relations — to Meet,0.428,TI_FI,Time — to Finish,0.374,SO_GU,Social Relations — Guest,0.371
PDR203,*bir_-,"dense, tight",SR_TS,SR_TS,Spatial Relations — Thick (in Density),0.510,SR_NS,Spatial Relations — Thin (in Density),0.473,SR_TD,Spatial Relations — Thick (in Dimension),0.329
PDR204,*bīr-,gourd,AN_SO,AN_SO,Animals — Sow,0.290,TI_SA,Time — Saturday,0.289,MK_SS,Mankind — Stepson,0.274
PDR205,*boc-,1 wool 2 hair,CA_WO,CA_WO,Clothing & Adornment — Wool,0.590,CA_FU,Clothing & Adornment — Fur,0.489,CA_CB,Clothing & Adornment — Comb,0.456
PDR206,*boḍ-,navel,BP_NV,BP_NV,Body Parts & Functions — Navel,0.789,BP_BS,"Body Parts & Functions — Belly, Stomach",0.498,CA_AP,Clothing & Adornment — Apron,0.451
PDR207,*bog- (*posaŋ-?),charcoal,DF_CH,DF_CH,Dwellings & Furniture — Chimney,0.393,PW_DU,"Physical World — Dust, Powder",0.390,DF_FP,"Dwellings & Furniture — Hearth, Fireplace",0.369
PDR208,*bom-,1 eyeball 2 effigy,BP_EY,BP_EY,Body Parts & Functions — Eye,0.362,MT_PU,Mind & Thought — Pupil,0.302,BP_EB,Body Parts & Functions — Eyebrow,0.268
PDR209,*bom-ik-,bone,BP_BN,BP_BN,Body Parts & Functions — Bone,0.650,BP_NA,"Body Parts & Functions — Nail, Claw",0.451,BP_TE,Body Parts & Functions — Toe,0.395
PDR210,*bonck- (?),foam,AN_DU,AN_DU,Animals — Duck,0.403,PW_SA,"Physical World — Sand, Grit",0.330,PW_MU,"Physical World — Mud, Mire",0.309
PDR211,*boŋ-,to run,MO_RU,MO_RU,Motion & Transportation — to Run,0.533,TI_FI,Time — to Finish,0.369,TI_HH,"Time — to Hurry, Hasten",0.361
PDR212,*boŋk-,to lie (tell untruth),EM_LI,EM_LI,"Emotion — Lie, Falsehood",0.536,EM_DC,Emotion — Deceit,0.415,MT_SR,Mind & Thought — Secret,0.335
PDR213,*bor_-,hole (in tree),PW_TR,PW_TR,"Physical World — Tree, Oak",0.455,SR_HL,Spatial Relations — Hole,0.439,AV_TR,Agriculture & Vegetation — Tree (generic),0.401
PDR214,*boṭ-,spot; drop,MO_DR,MO_DR,Motion & Transportation — to Drop,0.385,SR_PL,Spatial Relations — Place,0.310,MO_FA,Motion & Transportation — to Fall,0.301
PDR215,*boṭ-,finger; thumb,BP_TM,BP_TM,Body Parts & Functions — Thumb,0.653,BP_FI,Body Parts & Functions — Finger,0.649,BP_HN,Body Parts & Functions — Hand,0.510
PDR216,*bōd-,"young (of animals, plants)",AN_KI,AN_KI,Animals — Kid,0.539,AN_AN,Animals — Animal,0.461,AN_PU,Animals — Puppy,0.447
PDR217,*bōr-,"chest, breast; upon the chest, upside down",BP_FC,BP_FC,Body Parts & Functions — Front of Chest,0.685,BP_BW,Body Parts & Functions — Breast of Woman,0.581,BP_NV,Body Parts & Functions — Navel,0.463
PDR218,*bōẓ-,bald; to shave,BP_HA,BP_HA,Body Parts & Functions — Hair,0.519,BP_BE,Body Parts & Functions — Beard,0.470,CA_RA,Clothing & Adornment — Razor,0.373
PDR219,*buḍ-,testicles,BP_TS,BP_TS,Body Parts & Functions — Testicle,0.766,BP_PE,Body Parts & Functions — Penis,0.450,BP_SI,Body Parts & Functions — to have Sexual Intercourse,0.401
PDR220,"*bud_- (*p-, *-t_-)",gourd,AN_SO,AN_SO,Animals — Sow,0.290,TI_SA,Time — Saturday,0.289,MK_SS,Mankind — Stepson,0.274
PDR221,*bug-i,dust,PW_DU,PW_DU,"Physical World — Dust, Powder",0.708,PW_SA,"Physical World — Sand, Grit",0.434,PW_MI,"Physical World — Mist, Fog, Haze",0.406
PDR222,*buk-,"cheek; fat, plump",BP_CK,BP_CK,Body Parts & Functions — Cheek,0.594,BP_LI,Body Parts & Functions — Lip,0.500,BP_FA,Body Parts & Functions — Face,0.441
PDR223,*bul-,male organ,BP_PE,BP_PE,Body Parts & Functions — Penis,0.554,AN_MA,Animals — Male Animal,0.542,MK_MS,Mankind — Male,0.514
PDR224,*burk-,small basket,PA_BA,PA_BA,Physical Acts & Materials — Basket,0.459,FD_PJ,"Food & Drink — Jug, Pitcher",0.397,FD_FO,Food & Drink — Fork,0.352
PDR225,*bur_ad-,mud,PW_MU,PW_MU,"Physical World — Mud, Mire",0.580,PW_SA,"Physical World — Sand, Grit",0.462,PW_DU,"Physical World — Dust, Powder",0.357
PDR226,*buṭ-,basket,PA_BA,PA_BA,Physical Acts & Materials — Basket,0.514,FD_PJ,"Food & Drink — Jug, Pitcher",0.410,PT_LS,Possession & Trade — Loss,0.394
PDR227,*buẓC-,"down, feather; hair",BP_FE,BP_FE,Body Parts & Functions — Feather,0.530,BP_HA,Body Parts & Functions — Hair,0.478,AN_HN,Animals — Hen,0.432
PDR228,*buẓud-,"dust, ashes",PW_DU,PW_DU,"Physical World — Dust, Powder",0.645,PW_AS,Physical World — Ash(es),0.494,PW_SA,"Physical World — Sand, Grit",0.437
PDR229,*bū-,mould; to be mouldy,PA_MD,PA_MD,"Physical Acts & Materials — to Mold, Form",0.562,CA_RA,Clothing & Adornment — Razor,0.341,CA_LO,Clothing & Adornment — Loom,0.333
PDR230,*būr-,silk-cotton tree,CA_CO,CA_CO,Clothing & Adornment — Cotton,0.676,CA_SI,Clothing & Adornment — Silk,0.668,CA_WE,Clothing & Adornment — to Weave,0.567
PDR231,*cad_-,"to slap, strike",PA_SH,PA_SH,"Physical Acts & Materials — to Hit, Strike, Beat",0.527,EM_LS,"Emotion — to Laugh, Smile",0.344,EM_DA,Emotion — to Dare,0.334
PDR232,*cat-/*cad-V-,to crush; to kick,EM_PL,EM_PL,Emotion — to Please,0.404,EM_DA,Emotion — to Dare,0.391,PA_SH,"Physical Acts & Materials — to Hit, Strike, Beat",0.386
PDR233,*cā-,to stretch,PA_SR,PA_SR,Physical Acts & Materials — to Stretch,0.553,BP_YG,"Body Parts & Functions — to Gape, Yawn",0.332,PA_BN,Physical Acts & Materials — to Bend,0.331
PDR234,*cāc- (?),stone,PW_SR,PW_SR,"Physical World — Rock, Stone",0.695,PW_SA,"Physical World — Sand, Grit",0.394,PA_MO,Physical Acts & Materials — Mortar,0.371
PDR235,*Cād_- (*k̂-?),"juice, sap; broth",FD_SB,FD_SB,"Food & Drink — Soup, Broth",0.491,FD_GP,Food & Drink — Grape,0.438,FD_FR,Food & Drink — Fruit,0.413
PDR236,*cānd-,to rub into paste; substance,PA_RU,PA_RU,Physical Acts & Materials — to Rub,0.602,PA_PA,Physical Acts & Materials — to Paint (as artist),0.432,PA_BI,Physical Acts & Materials — to Bind,0.430
PDR237,*Cār-,"to reach, approach",MO_AR,MO_AR,"Motion & Transportation — to Reach, Arrive",0.585,MO_PU,Motion & Transportation — to Pursue,0.468,MO_AP,Motion & Transportation — to Approach,0.454
PDR238,*cāt_-,"to declare, announce",LM_AN,LM_AN,Language & Music — to Announce,0.465,LJ_OA,Law & Judgment — Oath,0.335,PT_RS,Possession & Trade — to Release,0.275
PDR239,*cel-,1 companion 2 sister,MK_SW,MK_SW,Mankind — Sister-in-Law,0.532,MK_BS,Mankind — Sibling(s),0.461,MK_SI,Mankind — Sister,0.428
PDR240,"*cel-, *celand- (*-i-)",spider,AN_IN,AN_IN,Animals — Insect,0.486,AN_SK,Animals — Snake,0.434,AN_WO,Animals — Wolf,0.410
PDR241,"*cer- (*k̂-?, *k-?)","to insert, put in",MO_EN,MO_EN,Motion & Transportation — to Enter,0.306,SR_PU,"Spatial Relations — to Put, Place, Set, Lay",0.241,TI_SI,"Time — Soon, Immediately",0.237
PDR242,*cer_-aŋ- (*-i-),"end of cloth, hem",CA_CL,CA_CL,Clothing & Adornment — Cloth,0.541,CA_SE,Clothing & Adornment — to Sew,0.510,CA_CD,"Clothing & Adornment — to Clothe, Dress",0.506
PDR243,*cer_Vk-,sugarcane; sugar juice,FD_SS,FD_SS,Food & Drink — Sugar,0.653,FD_BN,Food & Drink — Bean,0.446,FD_PC,Food & Drink — Peach,0.426
PDR244,*cet-,"dirt, rubbish",PW_MU,PW_MU,"Physical World — Mud, Mire",0.416,PW_SA,"Physical World — Sand, Grit",0.411,PW_GS,"Physical World — Ground, Soil",0.407
PDR245,*ciḷ-,"branch, bifurcation",AV_BN,AV_BN,Agriculture & Vegetation — Branch,0.383,AN_ST,"Animals — Stall, Stable",0.275,TI_EN,"Time — End (n, temporal)",0.229
PDR246,*cilk-,to hang; to be entangled,SR_HK,SR_HK,"Spatial Relations — Hook, Crook",0.363,TI_FI,Time — to Finish,0.328,SO_OB,Social Relations — to Obey,0.325
PDR247,*Cim-,"point, tip, summit",PW_MH,PW_MH,"Physical World — Hill, Mountain",0.377,SR_PO,Spatial Relations — Point,0.318,CA_HC,"Clothing & Adornment — Hat, Cap",0.313
PDR248,*cin-,gold,PA_GO,PA_GO,Physical Acts & Materials — Gold,0.431,TI_DA,Time — Day,0.342,TI_HR,Time — Hour,0.340
PDR249,*ciṇ- (*č-),"to drop, drizzle",MO_DR,MO_DR,Motion & Transportation — to Drop,0.356,PW_RA,Physical World — Rain (n),0.353,PW_MI,"Physical World — Mist, Fog, Haze",0.332
PDR250,*cint- (??),evening,TI_EV,TI_EV,Time — Evening,0.864,TI_NG,Time — Night,0.721,TI_MG,Time — Morning,0.673
PDR251,*cir-,1 day 2 yesterday,TI_YD,TI_YD,Time — Yesterday,0.531,TI_DA,Time — Day,0.404,TI_FR,Time — Friday,0.390
PDR252,*cī-,to tear,PA_TE,PA_TE,Physical Acts & Materials — to Tear,0.633,EM_TR,Emotion — Tear (n),0.580,EM_CW,"Emotion — to Cry, Weep",0.460
PDR253,*cīkaṭ-,darkness,PW_DA,PW_DA,Physical World — Darkness,0.762,TI_NG,Time — Night,0.535,TI_DW,Time — Dawn,0.501
PDR254,*cīp-,leaf-cup,FD_CU,FD_CU,Food & Drink — Cup,0.557,AV_LE,Agriculture & Vegetation — Leaf,0.465,FD_CB,Food & Drink — Cabbage,0.389
PDR255,*cīp-,to suck,FD_SU,FD_SU,"Food & Drink — to Suck, Suckle",0.609,BP_SP,Body Parts & Functions — to Spit,0.393,EM_KS,Emotion — to Kiss,0.344
PDR256,*cīp-,chicken,AN_CH,AN_CH,Animals — Chicken,0.799,AN_HC,"Animals — Hen, Chicken (generic)",0.646,AN_HN,Animals — Hen,0.575
PDR257,*Cīr-,to scratch,PA_NA,PA_NA,"Physical Acts & Materials — Nail, Peg",0.375,TI_FI,Time — to Finish,0.367,PA_RU,Physical Acts & Materials — to Rub,0.359
PDR258,*cīr-nd-,to blow the nose,BP_NO,BP_NO,Body Parts & Functions — Nose,0.563,BP_SN,Body Parts & Functions — to Sneeze,0.438,BP_FB,"Body Parts & Functions — to Fart, Break Wind",0.419
PDR259,*cīr_-,to hiss,EM_GR,EM_GR,Emotion — to Groan,0.406,LJ_SW,Law & Judgment — to Swear,0.369,WH_GP,Warfare & Hunting — Gunpowder,0.356
PDR260,*Cod_-,to itch,BP_SN,BP_SN,Body Parts & Functions — to Sneeze,0.357,BP_BI,Body Parts & Functions — to Bite,0.350,EM_GR,Emotion — to Groan,0.315
PDR261,*Coṇṭ-,"loins, hip",AN_AD,AN_AD,"Animals — Ass, Donkey",0.355,CA_LO,Clothing & Adornment — Loom,0.314,BP_YG,"Body Parts & Functions — to Gape, Yawn",0.288
PDR262,*cop-,straw,FD_SP,FD_SP,Food & Drink — Spoon,0.467,FD_CU,Food & Drink — Cup,0.364,FD_PJ,"Food & Drink — Jug, Pitcher",0.358
PDR263,*cor-,to flow,MO_FL,MO_FL,Motion & Transportation — to Flow,0.666,MO_SI,Motion & Transportation — to Sink,0.452,MO_BL,Motion & Transportation — to Blow,0.423
PDR264,*cor- (*-u-),bottle gourd,FD_WI,FD_WI,Food & Drink — Wine,0.356,FD_PJ,"Food & Drink — Jug, Pitcher",0.349,FD_GP,Food & Drink — Grape,0.334
PDR265,*cork- (*s-),"1 drunk, intoxicated 2 pride, ecstasy",EM_PD,EM_PD,Emotion — Proud,0.480,EM_SH,Emotion — Shame (n),0.440,EM_HH,Emotion — Happy; Happiness,0.407
PDR266,*coṭ-,lame,EM_SA,EM_SA,Emotion — Sad,0.312,TI_AN,Time — Again,0.267,AN_DU,Animals — Duck,0.265
PDR267,*Coṭ-,"to drop, drop",MO_DR,MO_DR,Motion & Transportation — to Drop,0.515,MO_FA,Motion & Transportation — to Fall,0.398,PT_LO,Possession & Trade — to Lose,0.335
PDR268,*cōg-,leaf of palm; peacock tail,AV_LE,AV_LE,Agriculture & Vegetation — Leaf,0.532,AV_FL,Agriculture & Vegetation — Flower,0.444,AN_BI,Animals — Bird,0.431
PDR269,*cōṭ-,span,CA_LE,CA_LE,Clothing & Adornment — Leather,0.351,AN_BR,Animals — Bear,0.314,CA_RA,Clothing & Adornment — Razor,0.313
PDR270,*cub- (?),to suck,FD_SU,FD_SU,"Food & Drink — to Suck, Suckle",0.609,BP_SP,Body Parts & Functions — to Spit,0.393,EM_KS,Emotion — to Kiss,0.344
PDR271,*Cu[g]-,"shoulder, nape of the neck",BP_NK,BP_NK,Body Parts & Functions — Neck,0.665,BP_SD,Body Parts & Functions — Shoulder,0.632,BP_HE,Body Parts & Functions — Head,0.515
PDR272,*Cuk-,star,PW_ST,PW_ST,Physical World — Star,0.678,AN_BI,Animals — Bird,0.380,PW_SU,Physical World — Sun,0.365
PDR273,*cump-,musk-rat,AN_MO,AN_MO,Animals — Mouse,0.516,AN_PI,Animals — Pig,0.454,AN_SK,Animals — Snake,0.441
PDR274,*cunc-,crest,TI_DW,TI_DW,Time — Dawn,0.342,CA_RA,Clothing & Adornment — Razor,0.332,CA_CB,Clothing & Adornment — Comb,0.307
PDR275,*cunḍ-,"mouse, rat",AN_MO,AN_MO,Animals — Mouse,0.829,AN_AN,Animals — Animal,0.505,AN_CT,Animals — Cat,0.485
PDR276,*Cunḍ-,to evaporate,BP_SW,BP_SW,"Body Parts & Functions — Sweat, Perspiration",0.341,BP_ED,"Body Parts & Functions — to Void Excrement; Dung, Excrement",0.314,PA_WA,Physical Acts & Materials — to Wash,0.301
PDR277,*Cunǯ-,to sleep,BP_SL,BP_SL,Body Parts & Functions — to Sleep; Sleep,0.646,BP_WA,Body Parts & Functions — to Wake,0.438,TI_NG,Time — Night,0.410
PDR278,*cur-,soot,EM_SA,EM_SA,Emotion — Sad,0.270,EM_BD,Emotion — Bad,0.266,EM_GD,Emotion — Good,0.262
PDR279,*cur_-,a k. of bee,AN_BE,AN_BE,Animals — Bee,0.697,AN_PI,Animals — Pig,0.386,AN_WO,Animals — Wolf,0.362
PDR280,*cut_-,"to whirl, twine",CA_SN,CA_SN,Clothing & Adornment — to Spin,0.333,CA_TA,"Clothing & Adornment — Tailor, Seamstress",0.310,BP_YG,"Body Parts & Functions — to Gape, Yawn",0.305
PDR281,*cūl-,pregnant,BP_PR,BP_PR,Body Parts & Functions — Pregnant,0.665,BP_CC,Body Parts & Functions — to Conceive,0.426,BP_WO,Body Parts & Functions — Womb,0.412
PDR282,*cūr-,eaves,EM_GL,EM_GL,"Emotion — Fame, Glory",0.310,TI_SN,Time — Season,0.293,EM_PV,Emotion — to Play,0.292
PDR283,*cūr- (*s-),a k. of jujube,LJ_PY,LJ_PY,Law & Judgment — Perjury,0.312,LJ_DF,Law & Judgment — Defendant,0.299,PT_HE,Possession & Trade — Heir,0.257
PDR284,*čaḍ-,"to beat, strike",PA_SH,PA_SH,"Physical Acts & Materials — to Hit, Strike, Beat",0.569,WH_FI,Warfare & Hunting — to Fight,0.382,WH_DF,Warfare & Hunting — Defeat (n),0.343
PDR285,*čaḍ-,"weak, flaccid; weary",EM_TC,EM_TC,"Emotion — Timid, Cowardly",0.382,BP_SM,"Body Parts & Functions — Strong, Mighty, Powerful",0.325,EM_GS,"Emotion — Grief, Sorrow",0.313
PDR286,*čadur-,"skilled, able, clever",MT_IR,MT_IR,"Mind & Thought — Reason, Intelligence",0.348,BP_SM,"Body Parts & Functions — Strong, Mighty, Powerful",0.327,TI_SW,"Time — Fast, Swift, Quick",0.314
PDR287,*čak-,jackfruit,AN_GS,AN_GS,Animals — Goose,0.381,AN_DU,Animals — Duck,0.338,FD_FR,Food & Drink — Fruit,0.308
PDR288,*čàl-,"well, spring",TI_SP,TI_SP,Time — Spring,0.714,PW_SW,"Physical World — Spring, Well",0.672,TI_SM,Time — Summer,0.538
PDR289,*čaḷ-,cold morning,TI_MG,TI_MG,Time — Morning,0.644,TI_WI,Time — Winter,0.537,TI_EV,Time — Evening,0.470
PDR290,*čaŋ-,to jump; to climb,MO_JL,MO_JL,"Motion & Transportation — to Jump, Leap",0.628,MO_RL,"Motion & Transportation — to Lift, Raise",0.434,MO_FY,Motion & Transportation — to Fly,0.409
PDR291,*čap-,to clap hands,BP_HN,BP_HN,Body Parts & Functions — Hand,0.362,BP_TM,Body Parts & Functions — Thumb,0.354,EM_KS,Emotion — to Kiss,0.337
PDR292,"*čap-, *čapaṭ-",flat,SR_FL,SR_FL,Spatial Relations — Flat,0.560,SR_RO,Spatial Relations — Round (adj),0.375,SR_TD,Spatial Relations — Thick (in Dimension),0.314
PDR293,*čàraḍ-,"thread, cord",PA_RC,PA_RC,"Physical Acts & Materials — Rope, Cord",0.492,CA_TH,Clothing & Adornment — Thread,0.369,PA_KN,Physical Acts & Materials — Knot (n),0.368
PDR294,*čaṭ-,"rock, flat rock",PW_SR,PW_SR,"Physical World — Rock, Stone",0.667,PW_SA,"Physical World — Sand, Grit",0.463,SR_FL,Spatial Relations — Flat,0.429
PDR295,*čaṭ-,frame,PW_WD,PW_WD,"Physical World — Wood, Timber",0.306,TI_TI,Time — Time (period),0.297,MO_AN,Motion & Transportation — Anchor (n),0.289
PDR296,*čaṭ-,sudden; soon,TI_SI,TI_SI,"Time — Soon, Immediately",0.601,TI_NW,Time — New,0.431,TI_NV,Time — Never,0.427
PDR297,*čaṭ-,to crackle (as fire); to slap,PA_SH,PA_SH,"Physical Acts & Materials — to Hit, Strike, Beat",0.416,PW_BU,"Physical World — to Burn, Scorch",0.385,EM_DA,Emotion — to Dare,0.376
PDR298,*čaṭ-i,earthen pot,FD_PO,FD_PO,Food & Drink — Pot,0.550,PW_GS,"Physical World — Ground, Soil",0.389,AV_HO,Agriculture & Vegetation — Hoe (n),0.377
PDR299,*čāc-,breast (nursery word),BP_BW,BP_BW,Body Parts & Functions — Breast of Woman,0.506,BP_BM,Body Parts & Functions — to Bear (of Mother),0.432,BP_WO,Body Parts & Functions — Womb,0.375
PDR300,*čāj-,to incline; side,MO_TU,MO_TU,Motion & Transportation — to Turn,0.412,MO_TA,Motion & Transportation — to Turn Around,0.410,MO_RO,Motion & Transportation — to Roll,0.397
PDR301,*čāmb- (?),to wither; ashes,PW_AS,PW_AS,Physical World — Ash(es),0.406,PT_MS,Possession & Trade — Miser,0.384,TI_FI,Time — to Finish,0.369
PDR302,*čāṇ-,chisel,PA_CS,PA_CS,Physical Acts & Materials — Chisel (n),0.668,CA_JW,"Clothing & Adornment — Gem, Jewel",0.302,FD_KN,Food & Drink — Knife,0.302
PDR303,*čāp-,mat,PA_AX,PA_AX,Physical Acts & Materials — Ax,0.335,PW_SA,"Physical World — Sand, Grit",0.323,MO_RW,Motion & Transportation — to Row,0.302
PDR304,*ček-,"to scrape, splinter, chip",PA_NA,PA_NA,"Physical Acts & Materials — Nail, Peg",0.475,BP_NA,"Body Parts & Functions — Nail, Claw",0.465,PA_KF,Physical Acts & Materials — Knife (tool),0.456
PDR305,*čel-,"beauty, wealth, prosperity",PT_WR,PT_WR,"Possession & Trade — Wealth, Riches",0.654,PT_RC,Possession & Trade — Rich,0.565,EM_GF,Emotion — Good Fortune,0.465
PDR306,*čeṇ-,old,TI_OL,TI_OL,Time — Old,0.622,TI_AG,Time — Age,0.560,TI_YG,Time — Young,0.481
PDR307,*čenḍ-,ball,FD_PJ,FD_PJ,"Food & Drink — Jug, Pitcher",0.397,PT_LO,Possession & Trade — to Lose,0.367,MO_TH,Motion & Transportation — to Throw,0.360
PDR308,*čep- (?),flesh,BP_FL,BP_FL,Body Parts & Functions — Flesh,0.692,BP_UA,Body Parts & Functions — Udder of Animals,0.498,BP_CS,"Body Parts & Functions — Corpse, Body",0.472
PDR309,*čēmp-,breast milk; to be full of milk,FD_MS,FD_MS,Food & Drink — Milk,0.682,FD_MV,Food & Drink — to Milk,0.675,BP_BW,Body Parts & Functions — Breast of Woman,0.462
PDR310,*čic-,fire,PW_FI,PW_FI,Physical World — Fire (n),0.640,PW_FL,Physical World — Flame (n),0.552,PW_MT,"Physical World — Match, Fire Stick",0.532
PDR311,*čid-,to crush; to gore,EM_DE,EM_DE,Emotion — to Desire,0.364,EM_PL,Emotion — to Please,0.359,EM_DA,Emotion — to Dare,0.351
PDR312,*čiḍ-r-,squirrel,AN_BU,AN_BU,Animals — Bull,0.510,AN_BI,Animals — Bird,0.507,AN_CH,Animals — Chicken,0.498
PDR313,*čik-,small,QN_LF,QN_LF,"Quantity & Number — Few, Little",0.423,SR_SZ,Spatial Relations — Size (n),0.327,BP_PE,Body Parts & Functions — Penis,0.288
PDR314,*čil-,"1 river, brook 2 to sprinkle",PW_RS,PW_RS,"Physical World — Brook, Stream, River",0.682,PW_LA,"Physical World — Lake, Pond",0.389,AN_BA,Animals — Barrow,0.345
PDR315,*čilar_-,"trifle; small, minor",QN_LF,QN_LF,"Quantity & Number — Few, Little",0.360,QN_MI,Quantity & Number — Miscellaneous,0.277,TI_MS,"Time — Minute, Second",0.274
PDR316,*čim-,cricket,AN_BI,AN_BI,Animals — Bird,0.362,AN_IN,Animals — Insect,0.349,AN_BE,Animals — Bee,0.346
PDR317,*čin-,small,QN_LF,QN_LF,"Quantity & Number — Few, Little",0.423,SR_SZ,Spatial Relations — Size (n),0.327,BP_PE,Body Parts & Functions — Penis,0.288
PDR318,*čir_Vt-,"leopard, panther",AN_LN,AN_LN,Animals — Lion,0.642,AN_CT,Animals — Cat,0.523,AN_SK,Animals — Snake,0.491
PDR319,*čiṭ-,"to snap, crack",FD_GR,FD_GR,Food & Drink — to Grind,0.313,PA_BK,Physical Acts & Materials — to Break,0.312,MO_JL,"Motion & Transportation — to Jump, Leap",0.299
PDR320,*čiṭ-,small,QN_LF,QN_LF,"Quantity & Number — Few, Little",0.423,SR_SZ,Spatial Relations — Size (n),0.327,BP_PE,Body Parts & Functions — Penis,0.288
PDR321,*čīm-a,ant,AN_EL,AN_EL,Animals — Elephant,0.440,AN_BE,Animals — Bee,0.439,AN_IN,Animals — Insect,0.439
PDR322,*čī(v)-,"to cut, scrape; strip of wood",PA_CU,PA_CU,Physical Acts & Materials — to Cut,0.544,PW_WD,"Physical World — Wood, Timber",0.527,PA_SS,"Physical Acts & Materials — Shears, Scissors",0.499
PDR323,*čonḍ-,"lip, mouth",BP_LI,BP_LI,Body Parts & Functions — Lip,0.637,BP_MO,Body Parts & Functions — Mouth,0.587,BP_CK,Body Parts & Functions — Cheek,0.491
PDR324,*čōl-,"garden, grove",AV_GA,AV_GA,"Agriculture & Vegetation — Garden, Orchard",0.473,AV_GR,Agriculture & Vegetation — Grass,0.420,AV_FL,Agriculture & Vegetation — Flower,0.408
PDR325,*čur_uk-,"haste, zeal",TI_HH,TI_HH,"Time — to Hurry, Hasten",0.637,TI_SW,"Time — Fast, Swift, Quick",0.378,TI_DE,Time — to Delay,0.376
PDR326,*čuẓ-,"to turn, twist",MO_TU,MO_TU,Motion & Transportation — to Turn,0.448,MO_TA,Motion & Transportation — to Turn Around,0.443,PA_BN,Physical Acts & Materials — to Bend,0.362
PDR327,*čūẓ-,to see,SP_SE,SP_SE,Sense Perception — to See,0.464,SP_LO,Sense Perception — to Look,0.391,SP_SW,Sense Perception — to Show,0.385
PDR328,*dag-,"to glitter, shine (mostly of fire)",CA_DY,CA_DY,Clothing & Adornment — to Dye,0.446,CA_CK,Clothing & Adornment — Cloak,0.399,PA_PA,Physical Acts & Materials — to Paint (as artist),0.396
PDR329,*dak-,"to possess, appropriate",PT_OP,PT_OP,"Possession & Trade — to Own, Possess",0.639,PT_HA,Possession & Trade — to Have,0.559,PT_HE,Possession & Trade — Heir,0.511
PDR330,*[d]al-,"to strike, beat; cut off",PA_SH,PA_SH,"Physical Acts & Materials — to Hit, Strike, Beat",0.537,WH_SU,Warfare & Hunting — to Surrender,0.367,WH_DF,Warfare & Hunting — Defeat (n),0.363
PDR331,*danḍ-,upper arm,BP_AR,BP_AR,Body Parts & Functions — Arm,0.667,BP_EL,Body Parts & Functions — Elbow,0.615,BP_SD,Body Parts & Functions — Shoulder,0.575
PDR332,*danṭ-,"stalk, stem",AV_SS,AV_SS,Agriculture & Vegetation — to Sow; Seed,0.343,AV_RS,Agriculture & Vegetation — Rose,0.328,AV_FU,Agriculture & Vegetation — Furrow (n),0.328
PDR333,*dap-,"thick, stout",FD_BB,FD_BB,Food & Drink — Beer,0.425,FD_PO,Food & Drink — Pot,0.379,FD_BE,Food & Drink — Beef,0.376
PDR334,*dar- (?),ashes,PW_AS,PW_AS,Physical World — Ash(es),0.506,AN_PI,Animals — Pig,0.339,AN_BA,Animals — Barrow,0.326
PDR335,*daṭ-,big,SR_SZ,SR_SZ,Spatial Relations — Size (n),0.322,SR_XL,"Spatial Relations — Big, Large, Great",0.296,TI_YR,Time — Year,0.289
PDR336,*daẓ-,"to sprout, grow, thrive, prosper",AV_SS,AV_SS,Agriculture & Vegetation — to Sow; Seed,0.556,AV_CT,"Agriculture & Vegetation — to Tilt, Cultivate",0.544,AV_CH,"Agriculture & Vegetation — Crop, Harvest",0.536
PDR337,*dānṭ-,1 to jump 2 to cross,MO_JL,MO_JL,"Motion & Transportation — to Jump, Leap",0.562,MO_SA,Motion & Transportation — to Sail,0.372,MO_AR,"Motion & Transportation — to Reach, Arrive",0.368
PDR338,*dār-i,"way, road",MO_RA,MO_RA,Motion & Transportation — Road,0.534,MO_ST,Motion & Transportation — Street,0.494,MO_PA,Motion & Transportation — Path,0.430
PDR339,*ḍek- (*V̀ḍek-),hoof,AV_HO,AV_HO,Agriculture & Vegetation — Hoe (n),0.385,AN_CO,Animals — Cow,0.382,AN_DU,Animals — Duck,0.377
PDR340,*ḍēr-,to belch; a belch,RB_GP,RB_GP,"Religion & Beliefs — Ghost, Specter, Phantom",0.348,RB_BP,Religion & Beliefs — to Baptize,0.316,FD_BD,Food & Drink — Bread,0.303
PDR341,*dim-,flat ground; island,PW_IS,PW_IS,"Physical World — Isle, Island",0.609,PW_GS,"Physical World — Ground, Soil",0.482,PW_EL,"Physical World — Earth, Land",0.444
PDR342,*ḍip- (?),hill,PW_MH,PW_MH,"Physical World — Hill, Mountain",0.651,AN_BA,Animals — Barrow,0.345,PW_VA,"Physical World — Dale, Valley",0.345
PDR343,*djol-,saliva,BP_SP,BP_SP,Body Parts & Functions — to Spit,0.599,BP_MO,Body Parts & Functions — Mouth,0.586,BP_LC,Body Parts & Functions — to Lick,0.516
PDR344,*doḍ-,"big, stout",FD_BB,FD_BB,Food & Drink — Beer,0.476,FD_BE,Food & Drink — Beef,0.408,FD_PO,Food & Drink — Pot,0.394
PDR345,*doḍ-i,"backyard, stable",DF_YR,DF_YR,"Dwellings & Furniture — Yard, Court",0.490,AN_ST,"Animals — Stall, Stable",0.461,AN_PS,Animals — Pasture,0.358
PDR346,*ḍok-,lizard,AN_SK,AN_SK,Animals — Snake,0.524,AN_MK,Animals — Monkey,0.422,AN_BR,Animals — Bear,0.418
PDR347,*ḍok- (*V̀ḍok-),breastbone; chest; belly,BP_BS,BP_BS,"Body Parts & Functions — Belly, Stomach",0.661,BP_FC,Body Parts & Functions — Front of Chest,0.635,BP_NV,Body Parts & Functions — Navel,0.629
PDR348,*ḍol-,"to lie down, sleep",BP_SL,BP_SL,Body Parts & Functions — to Sleep; Sleep,0.559,TI_NG,Time — Night,0.389,BP_WA,Body Parts & Functions — to Wake,0.361
PDR349,*ḍoŋ-,thief; to steal,PT_TH,PT_TH,Possession & Trade — Thief,0.756,PT_ST,Possession & Trade — to Steal,0.651,PT_RR,Possession & Trade — to Rob; Robber,0.622
PDR350,*ḍop-,a k. of basket,PA_BA,PA_BA,Physical Acts & Materials — Basket,0.440,PT_LO,Possession & Trade — to Lose,0.346,FD_PJ,"Food & Drink — Jug, Pitcher",0.339
PDR351,*dorb-,lungs,BP_CO,BP_CO,Body Parts & Functions — to Cough,0.587,BP_BB,Body Parts & Functions — to Breathe; Breath,0.554,BP_FC,Body Parts & Functions — Front of Chest,0.455
PDR352,*dor_-,"to get, find; to be near; to resemble",SR_NE,SR_NE,Spatial Relations — Near (adj),0.397,SP_LO,Sense Perception — to Look,0.389,SR_LS,"Spatial Relations — Like, Similar",0.377
PDR353,*dos-,"grief, calamity; weariness",EM_GS,EM_GS,"Emotion — Grief, Sorrow",0.732,EM_MF,Emotion — Misfortune,0.550,EM_CW,"Emotion — to Cry, Weep",0.548
PDR354,*dōc-ai,a k. of cake,FD_CA,FD_CA,Food & Drink — Cake,0.583,FD_PA,Food & Drink — Pan,0.323,FD_BA,Food & Drink — to Bake,0.311
PDR355,*ḍōk-,eggshell,BP_EG,BP_EG,Body Parts & Functions — Egg,0.490,AN_DU,Animals — Duck,0.381,AN_HN,Animals — Hen,0.379
PDR356,*ḍōm-,mosquito,AN_IN,AN_IN,Animals — Insect,0.604,AN_BI,Animals — Bird,0.507,AN_FL,Animals — Fly (n),0.451
PDR357,*dōnṭ-,"hook, pole with hook",PA_RC,PA_RC,"Physical Acts & Materials — Rope, Cord",0.263,SR_HK,"Spatial Relations — Hook, Crook",0.262,LJ_PN,"Law & Judgment — Penalty, Punishment",0.217
PDR358,*ḍōŋk- (?),hole; to dig holes,SR_HL,SR_HL,Spatial Relations — Hole,0.458,AV_DI,"Agriculture & Vegetation — to Dig, Delve",0.392,AN_HU,Animals — to Hunt,0.313
PDR359,*duḍ-,"to quiver, throb; to precipitate",WH_BW,WH_BW,Warfare & Hunting — Bow,0.367,WH_AW,Warfare & Hunting — Arrow,0.348,AV_TH,Agriculture & Vegetation — to Thresh,0.339
PDR360,*duḍ-,"club, stick",WH_CL,WH_CL,Warfare & Hunting — Club,0.454,PW_MT,"Physical World — Match, Fire Stick",0.366,MO_MS,Motion & Transportation — Mast,0.289
PDR361,*dugVl-,cloth,CA_CL,CA_CL,Clothing & Adornment — Cloth,0.746,CA_TW,Clothing & Adornment — Towel,0.662,CA_CD,"Clothing & Adornment — to Clothe, Dress",0.659
PDR362,*duk-,obsequies; graveyard,BP_GR,BP_GR,"Body Parts & Functions — Grave, Tomb",0.465,BP_BD,Body Parts & Functions — to Bury the Dead,0.385,BP_ED,"Body Parts & Functions — to Void Excrement; Dung, Excrement",0.374
PDR363,*dum-,dust,PW_DU,PW_DU,"Physical World — Dust, Powder",0.708,PW_SA,"Physical World — Sand, Grit",0.434,PW_MI,"Physical World — Mist, Fog, Haze",0.406
PDR364,*dum-,to jump; to climb,MO_JL,MO_JL,"Motion & Transportation — to Jump, Leap",0.628,MO_RL,"Motion & Transportation — to Lift, Raise",0.434,MO_FY,Motion & Transportation — to Fly,0.409
PDR365,*ḍum- (?),bone,BP_BN,BP_BN,Body Parts & Functions — Bone,0.650,BP_NA,"Body Parts & Functions — Nail, Claw",0.451,BP_TE,Body Parts & Functions — Toe,0.395
PDR366,*dunḍ-,bud,EM_GD,EM_GD,Emotion — Good,0.289,TI_AL,Time — Always,0.278,AN_KI,Animals — Kid,0.271
PDR367,*dup-,bush; bird's nest,AN_BI,AN_BI,Animals — Bird,0.663,AN_CK,"Animals — Cock, Rooster",0.486,AN_GS,Animals — Goose,0.467
PDR368,*dūd_-,to mention a name,LM_CN,LM_CN,"Language & Music — to Call, Name",0.344,LM_NA,Language & Music — Name,0.337,LM_AN,Language & Music — to Announce,0.313
PDR369,*dūl-,itch,BP_BI,BP_BI,Body Parts & Functions — to Bite,0.309,EM_GR,Emotion — to Groan,0.299,BP_SN,Body Parts & Functions — to Sneeze,0.292
PDR370,*dūnṭ-,"to thrust; to shoot, throw",MO_TH,MO_TH,Motion & Transportation — to Throw,0.579,MO_BL,Motion & Transportation — to Blow,0.466,WH_WA,"Warfare & Hunting — Arms, Weapons",0.422
PDR371,*èd-,chest,BP_FC,BP_FC,Body Parts & Functions — Front of Chest,0.620,BP_HR,Body Parts & Functions — Heart,0.423,BP_BW,Body Parts & Functions — Breast of Woman,0.415
PDR372,*èḍ-,left,SR_LF,SR_LF,Spatial Relations — Left (vs,0.492,EM_RI,Emotion — Right (adj),0.424,SR_RI,Spatial Relations — Right (vs,0.315
PDR373,*eḍ-,"to be distant, separated",SR_SE,SR_SE,Spatial Relations — to Separate,0.506,SR_SH,"Spatial Relations — to Shut, Close",0.439,SR_LE,"Spatial Relations — to Leave, Relinquish",0.439
PDR374,*ed- (?),good,EM_GD,EM_GD,Emotion — Good,0.449,EM_BD,Emotion — Bad,0.319,TI_NO,Time — Now,0.272
PDR375,*eḍḍ-,"fool, stupid",MT_FS,MT_FS,"Mind & Thought — Stupid, Foolish",0.516,AN_DU,Animals — Duck,0.311,AN_AD,"Animals — Ass, Donkey",0.282
PDR376,*èdir-,1 opposite 2 enemy,WH_EN,WH_EN,Warfare & Hunting — Enemy (in War),0.544,SO_EN,"Social Relations — Foe, Enemy",0.478,WH_DF,Warfare & Hunting — Defeat (n),0.475
PDR377,*ed_-,to shoot; to throw,MO_TH,MO_TH,Motion & Transportation — to Throw,0.561,WH_WA,"Warfare & Hunting — Arms, Weapons",0.402,WH_GP,Warfare & Hunting — Gunpowder,0.401
PDR378,*ed_-,"to go beyond, transgress",MO_PU,MO_PU,Motion & Transportation — to Pursue,0.424,MO_AR,"Motion & Transportation — to Reach, Arrive",0.411,MO_RI,Motion & Transportation — to Rise,0.397
PDR379,*ed_- (*-r_-),"lord, master, king",SO_KK,SO_KK,Social Relations — King,0.462,MK_UN,Mankind — Uncle,0.395,SO_QQ,Social Relations — Queen,0.378
PDR380,*ed_e-,to descend,MO_FA,MO_FA,Motion & Transportation — to Fall,0.427,MK_DE,Mankind — Descendant(s),0.411,MO_JL,"Motion & Transportation — to Jump, Leap",0.393
PDR381,*eg- (*n-),to jump; fly,MO_JL,MO_JL,"Motion & Transportation — to Jump, Leap",0.687,MO_FY,Motion & Transportation — to Fly,0.633,AN_FL,Animals — Fly (n),0.509
PDR382,*eɣir_-,gums,BP_TO,BP_TO,Body Parts & Functions — Tooth,0.385,BP_MO,Body Parts & Functions — Mouth,0.384,FD_SS,Food & Drink — Sugar,0.342
PDR383,*ej-,to arrive,MO_AR,MO_AR,"Motion & Transportation — to Reach, Arrive",0.551,TI_FI,Time — to Finish,0.467,TI_HH,"Time — to Hurry, Hasten",0.454
PDR384,*ek-,to climb,MO_RL,MO_RL,"Motion & Transportation — to Lift, Raise",0.371,MO_JL,"Motion & Transportation — to Jump, Leap",0.369,PW_MH,"Physical World — Hill, Mountain",0.365
PDR385,*ek-k-,"1 to pluck, pick 2 to scratch",PA_SS,PA_SS,"Physical Acts & Materials — Shears, Scissors",0.363,PA_KF,Physical Acts & Materials — Knife (tool),0.355,BP_NA,"Body Parts & Functions — Nail, Claw",0.349
PDR386,*el-,all; both,TI_AL,TI_AL,Time — Always,0.363,EM_EF,"Emotion — Feeling, Emotion",0.329,EM_HH,Emotion — Happy; Happiness,0.301
PDR387,*èl-,rat,AN_MO,AN_MO,Animals — Mouse,0.625,AN_SK,Animals — Snake,0.501,AN_AN,Animals — Animal,0.493
PDR388,*el-,light,PW_LG,PW_LG,Physical World — Light,0.668,PW_DA,Physical World — Darkness,0.504,SP_LC,Sense Perception — Light in Color,0.503
PDR389,*el- (?),to go down (of sun),PW_SU,PW_SU,Physical World — Sun,0.490,TI_AU,Time — Autumn,0.370,MO_FA,Motion & Transportation — to Fall,0.369
PDR390,*el-ai,"limit, boundary",TI_FI,TI_FI,Time — to Finish,0.238,TI_CE,Time — to Cease,0.206,MT_FR,Mind & Thought — to Forget,0.193
PDR391,*eḷ-i-,"small, contemptible; to disparage",EM_DC,EM_DC,Emotion — Deceit,0.398,LJ_CN,Law & Judgment — to Condemn,0.384,QN_LF,"Quantity & Number — Few, Little",0.374
PDR392,*eliŋ-,voice,LM_VO,LM_VO,Language & Music — Voice (n),0.672,LM_SG,Language & Music — to Sing,0.518,LM_ST,"Language & Music — to Speak, Talk",0.500
PDR393,*el-[mb-],bone,BP_BN,BP_BN,Body Parts & Functions — Bone,0.650,BP_NA,"Body Parts & Functions — Nail, Claw",0.451,BP_TE,Body Parts & Functions — Toe,0.395
PDR394,*elub-,white ant,AN_IN,AN_IN,Animals — Insect,0.454,AN_EL,Animals — Elephant,0.405,AN_BE,Animals — Bee,0.391
PDR395,*elv-,"wave, flood",PW_WV,PW_WV,"Physical World — Wave, Surge",0.671,PW_RS,"Physical World — Brook, Stream, River",0.460,PW_WA,Physical World — Water,0.425
PDR396,*eṇ-,to count,QN_EN,QN_EN,Quantity & Number — Enough,0.449,QN_MO,Quantity & Number — More,0.426,QN_TH,Quantity & Number — Three,0.385
PDR397,*eṇ- (-nṭ-),eight,TI_AG,TI_AG,Time — Age,0.363,QN_TP,Quantity & Number — Three Apiece,0.356,QN_EN,Quantity & Number — Enough,0.346
PDR398,*end_-,"sunshine, heat of sun",PW_SU,PW_SU,Physical World — Sun,0.650,TI_SM,Time — Summer,0.503,TI_WI,Time — Winter,0.466
PDR399,*eŋ-[c-],to be left over (of food),FD_AM,FD_AM,Food & Drink — a Meal,0.494,FD_DN,Food & Drink — Dinner,0.463,FD_PL,Food & Drink — Plate,0.450
PDR400,*er-,"to cut down (grass, bushes, etc.)",AV_SH,AV_SH,Agriculture & Vegetation — Shovel (n),0.464,AV_DI,"Agriculture & Vegetation — to Dig, Delve",0.462,AV_RA,Agriculture & Vegetation — Rake (n),0.457
PDR401,*er-,dark-brown colour; blood,SP_DC,SP_DC,Sense Perception — Dark in Color,0.473,BP_BL,Body Parts & Functions — Blood,0.411,SP_CO,Sense Perception — Color,0.388
PDR402,*erāg-i,a k. of plant,AV_LE,AV_LE,Agriculture & Vegetation — Leaf,0.520,AV_PN,"Agriculture & Vegetation — Plant, Herb",0.516,AV_FL,Agriculture & Vegetation — Flower,0.487
PDR403,*erd-,bullock,AN_CO,AN_CO,Animals — Cow,0.456,AN_CF,Animals — Calf,0.429,AN_PI,Animals — Pig,0.420
PDR404,*er-i-,"to light, burn",PW_BU,PW_BU,"Physical World — to Burn, Scorch",0.612,PW_FL,Physical World — Flame (n),0.430,PW_FI,Physical World — Fire (n),0.409
PDR405,*erm-,female buffalo,AN_FE,AN_FE,Animals — Female Animal,0.612,AN_CO,Animals — Cow,0.557,AN_BU,Animals — Bull,0.533
PDR406,*er-Vc-,wild dog,AN_DO,AN_DO,Animals — Dog,0.602,AN_BU,Animals — Bull,0.554,AN_PU,Animals — Puppy,0.553
PDR407,*er-Vk-,to defecate,BP_ED,BP_ED,"Body Parts & Functions — to Void Excrement; Dung, Excrement",0.499,BP_FB,"Body Parts & Functions — to Fart, Break Wind",0.401,BP_VO,Body Parts & Functions — to Vomit,0.394
PDR408,*er_-,red,SP_RD,SP_RD,Sense Perception — Red,0.587,SP_CO,Sense Perception — Color,0.461,SP_LC,Sense Perception — Light in Color,0.434
PDR409,*er_-,worm,AN_WR,AN_WR,Animals — Worm,0.832,AN_IN,Animals — Insect,0.451,AN_SK,Animals — Snake,0.396
PDR410,*er_- (*-d_-),eaves,EM_GL,EM_GL,"Emotion — Fame, Glory",0.310,TI_SN,Time — Season,0.293,EM_PV,Emotion — to Play,0.292
PDR411,*[e]r_ek-,"wing, feather",BP_FE,BP_FE,Body Parts & Functions — Feather,0.604,BP_WI,Body Parts & Functions — Wing,0.524,AN_GS,Animals — Goose,0.491
PDR412,*[e]r_ep-,eyelid,BP_EY,BP_EY,Body Parts & Functions — Eye,0.526,BP_EB,Body Parts & Functions — Eyebrow,0.506,BP_CK,Body Parts & Functions — Cheek,0.384
PDR413,*er_umb-,ant,AN_EL,AN_EL,Animals — Elephant,0.440,AN_BE,Animals — Bee,0.439,AN_IN,Animals — Insect,0.439
PDR414,*es-,to shine,EM_GL,EM_GL,"Emotion — Fame, Glory",0.353,TI_FI,Time — to Finish,0.327,SP_SH,"Sense Perception — to Shine, Glisten",0.312
PDR415,*esar-,water for boiling,FD_BO,FD_BO,Food & Drink — to Boil (trans,0.629,FD_KE,Food & Drink — Kettle,0.516,FD_CO,Food & Drink — to Cook,0.449
PDR416,*et-,to lift; to carry (child),MO_RL,MO_RL,"Motion & Transportation — to Lift, Raise",0.587,PT_SG,"Possession & Trade — to Grasp, Seize, Take Hold of",0.459,MO_CA,"Motion & Transportation — to Bear, Carry",0.451
PDR417,*evVg- (?),leaf,AV_LE,AV_LE,Agriculture & Vegetation — Leaf,0.695,AV_TR,Agriculture & Vegetation — Tree (generic),0.453,AV_PN,"Agriculture & Vegetation — Plant, Herb",0.414
PDR418,*eẓ- (?),beautiful,EM_BF,EM_BF,Emotion — Beautiful,0.527,EM_JG,"Emotion — Glad, Joyful",0.378,EM_TH,Emotion — Thanks (n),0.343
PDR419,*eǯ-,number,QN_NU,QN_NU,Quantity & Number — Number,0.681,QN_NN,Quantity & Number — Numerals,0.605,QN_ON,Quantity & Number — One,0.579
PDR420,*ēd_-,"to separate, sift",SR_SE,SR_SE,Spatial Relations — to Separate,0.378,PA_SP,Physical Acts & Materials — to Split,0.342,SR_DI,Spatial Relations — to Divide,0.293
PDR421,*ēg-,to walk,MO_WA,MO_WA,Motion & Transportation — to Walk,0.670,MO_FE,Motion & Transportation — to Flee,0.501,MO_DA,Motion & Transportation — to Dance,0.490
PDR422,*ēk-,to cool down,BP_SW,BP_SW,"Body Parts & Functions — Sweat, Perspiration",0.331,TI_WI,Time — Winter,0.317,BP_BD,Body Parts & Functions — to Bury the Dead,0.304
PDR423,*ēḷ-,"to sing, song",LM_SG,LM_SG,Language & Music — to Sing,0.705,LM_ST,"Language & Music — to Speak, Talk",0.519,LM_WE,Language & Music — to Write,0.467
PDR424,*ēl-,cardamom,MK_MW,MK_MW,"Mankind — Wedding, Marriage",0.323,FD_PP,Food & Drink — Pepper,0.323,FD_ML,Food & Drink — Mill,0.316
PDR425,*ēḷ-,wisdom,MT_IR,MT_IR,"Mind & Thought — Reason, Intelligence",0.423,MT_WI,Mind & Thought — Wise,0.384,EM_GF,Emotion — Good Fortune,0.370
PDR426,*ēl_-,1 to receive 2 to bestow,QN_ON,QN_ON,Quantity & Number — One,0.402,QN_TP,Quantity & Number — Three Apiece,0.354,QN_FI,Quantity & Number — First,0.348
PDR427,*ēmar_- (*-d_-),perplexed; deceived,EM_DC,EM_DC,Emotion — Deceit,0.477,EM_LI,"Emotion — Lie, Falsehood",0.351,EM_WA,"Emotion — Wonder, Astonishment",0.325
PDR428,*ēṇ-,"boundary, edge",SR_ED,SR_ED,Spatial Relations — Edge,0.555,SR_HW,"Spatial Relations — Hollow, Concave",0.341,SR_CN,"Spatial Relations — Angle, Corner",0.333
PDR429,*ēnd-,to dance,MO_DA,MO_DA,Motion & Transportation — to Dance,0.644,LM_SG,Language & Music — to Sing,0.430,LM_ST,"Language & Music — to Speak, Talk",0.419
PDR430,*ēŋ-,"1 to long for, desire 2 to grieve",EM_GS,EM_GS,"Emotion — Grief, Sorrow",0.436,TI_FI,Time — to Finish,0.426,EM_HP,Emotion — Hope (n),0.415
PDR431,*ēr- (?),to see,SP_SE,SP_SE,Sense Perception — to See,0.464,SP_LO,Sense Perception — to Look,0.391,SP_SW,Sense Perception — to Show,0.385
PDR432,*ēr_- (*-d_-),to rise; steep,MO_RL,MO_RL,"Motion & Transportation — to Lift, Raise",0.484,MO_RI,Motion & Transportation — to Rise,0.474,PW_MH,"Physical World — Hill, Mountain",0.396
PDR433,*ēr_- (*-d_-),male,MK_MS,MK_MS,Mankind — Male,0.648,MK_FS,Mankind — Female,0.514,AN_MA,Animals — Male Animal,0.497
PDR434,*ēv-,to command,SO_CR,SO_CR,"Social Relations — to Order, Command",0.403,TI_FI,Time — to Finish,0.314,EM_PL,Emotion — to Please,0.299
PDR435,*gad-,to cry; to scold,EM_CW,EM_CW,"Emotion — to Cry, Weep",0.674,EM_PL,Emotion — to Please,0.493,EM_GR,Emotion — to Groan,0.491
PDR436,*gaḍ-,grass,AV_GR,AV_GR,Agriculture & Vegetation — Grass,0.663,AN_PS,Animals — Pasture,0.532,AN_PV,Animals — to Pasture,0.484
PDR437,*gàḍ-,"period, term",TI_TI,TI_TI,Time — Time (period),0.615,TI_NM,Time — Names of the Months,0.489,TI_MT,Time — Month,0.454
PDR438,*gaḍam-,beard; chin,BP_BE,BP_BE,Body Parts & Functions — Beard,0.646,BP_CN,Body Parts & Functions — Chin,0.552,BP_NK,Body Parts & Functions — Neck,0.412
PDR439,*gamp-,basket,PA_BA,PA_BA,Physical Acts & Materials — Basket,0.514,FD_PJ,"Food & Drink — Jug, Pitcher",0.410,PT_LS,Possession & Trade — Loss,0.394
PDR440,*gaṇ-,joint,BP_EL,BP_EL,Body Parts & Functions — Elbow,0.444,BP_KN,Body Parts & Functions — Knee,0.426,BP_AR,Body Parts & Functions — Arm,0.390
PDR441,*ganḍ-,male,MK_MS,MK_MS,Mankind — Male,0.648,MK_FS,Mankind — Female,0.514,AN_MA,Animals — Male Animal,0.497
PDR442,*ganS-,"to bind, yoke",MO_YO,MO_YO,Motion & Transportation — Yoke,0.418,PT_SG,"Possession & Trade — to Grasp, Seize, Take Hold of",0.374,PA_BI,Physical Acts & Materials — to Bind,0.343
PDR443,*gant- (*-e-?),to jump,MO_JL,MO_JL,"Motion & Transportation — to Jump, Leap",0.650,MO_FY,Motion & Transportation — to Fly,0.410,MO_TH,Motion & Transportation — to Throw,0.382
PDR444,*ganṭ-/*geṇ-,joint; ankle,BP_TE,BP_TE,Body Parts & Functions — Toe,0.528,BP_FT,Body Parts & Functions — Foot,0.528,BP_KN,Body Parts & Functions — Knee,0.512
PDR445,*gaR-,to spread,PT_LO,PT_LO,Possession & Trade — to Lose,0.331,PT_GI,Possession & Trade — to Give,0.314,PA_SO,"Physical Acts & Materials — to Strew, Spread Out",0.311
PDR446,*gar_-,long feather,BP_FE,BP_FE,Body Parts & Functions — Feather,0.555,AN_HN,Animals — Hen,0.498,AN_GS,Animals — Goose,0.462
PDR447,*gaṭ-,"clever, skilful",MO_SS,MO_SS,"Motion & Transportation — to Slip, Slide",0.306,CA_SL,Clothing & Adornment — Slipper,0.302,MO_JL,"Motion & Transportation — to Jump, Leap",0.296
PDR448,"*gaṭ-, *kaṭ-, *ganṭ-","1 strong, hard 2 lump 3 spleen",BP_SM,BP_SM,"Body Parts & Functions — Strong, Mighty, Powerful",0.343,BP_TR,Body Parts & Functions — Throat,0.340,BP_RI,Body Parts & Functions — Rib,0.333
PDR449,*gav-,"care, sympathy, pity",EM_PT,EM_PT,Emotion — Pity (n),0.658,EM_GS,"Emotion — Grief, Sorrow",0.604,EM_CA,Emotion — Care (n),0.600
PDR450,*gav-i,cave,PW_SR,PW_SR,"Physical World — Rock, Stone",0.400,AN_ST,"Animals — Stall, Stable",0.350,WH_CP,"Warfare & Hunting — Captive, Prisoner",0.347
PDR451,*gaviseṇ-,"a case, cover",PT_PU,PT_PU,Possession & Trade — Purse,0.380,CA_CK,Clothing & Adornment — Cloak,0.342,CA_PO,Clothing & Adornment — Pocket,0.337
PDR452,*gavḷ-i,lizard,AN_SK,AN_SK,Animals — Snake,0.524,AN_MK,Animals — Monkey,0.422,AN_BR,Animals — Bear,0.418
PDR453,*gaẓ-,stick,PW_MT,PW_MT,"Physical World — Match, Fire Stick",0.447,FD_PA,Food & Drink — Pan,0.298,FD_BT,Food & Drink — Butter,0.293
PDR454,*gaẓ-[Vd-],paddy field,AV_BA,AV_BA,Agriculture & Vegetation — Barn,0.440,AN_PS,Animals — Pasture,0.390,AV_FC,Agriculture & Vegetation — Field for Cultivation,0.380
PDR455,*gāḷ-,"wind, air",PW_WI,PW_WI,"Physical World — Wind, Breeze",0.749,PW_AI,"Physical World — Air, Ether",0.545,PW_MI,"Physical World — Mist, Fog, Haze",0.503
PDR456,*gāḷ-,fish-hook,AN_FI,AN_FI,Animals — Fish (n),0.476,AN_FM,Animals — Fisherman,0.468,AN_MU,Animals — Mule,0.381
PDR457,*gām- (?),"to increase, exceed",QN_MO,QN_MO,Quantity & Number — More,0.418,QN_EN,Quantity & Number — Enough,0.394,MO_RL,"Motion & Transportation — to Lift, Raise",0.355
PDR458,*gās-i,trouble,TI_HR,TI_HR,Time — Hour,0.357,TI_MT,Time — Month,0.333,EM_BD,Emotion — Bad,0.333
PDR459,*gel-,to win,WH_FI,WH_FI,Warfare & Hunting — to Fight,0.395,PT_LO,Possession & Trade — to Lose,0.395,WH_VI,Warfare & Hunting — Victory,0.384
PDR460,*genḍ-,a k. of fish,AN_FI,AN_FI,Animals — Fish (n),0.596,AN_FM,Animals — Fisherman,0.533,AN_AN,Animals — Animal,0.362
PDR461,*genǯ-,water from boiled rice,FD_BO,FD_BO,Food & Drink — to Boil (trans,0.538,AV_RI,Agriculture & Vegetation — Rice,0.463,FD_KE,Food & Drink — Kettle,0.449
PDR462,*geṭ-,hoof,AV_HO,AV_HO,Agriculture & Vegetation — Hoe (n),0.385,AN_CO,Animals — Cow,0.382,AN_DU,Animals — Duck,0.377
PDR463,*giḍ-,"hawk, falcon",AN_BI,AN_BI,Animals — Bird,0.520,AN_FL,Animals — Fly (n),0.468,AN_GS,Animals — Goose,0.431
PDR464,*gil-i,fear,EM_FF,EM_FF,"Emotion — Fear, Fright",0.705,EM_DG,"Emotion — Peril, Danger",0.536,EM_AN,Emotion — Anxiety,0.536
PDR465,*ginḍ-i,drinking vessel,FD_DR,FD_DR,Food & Drink — to Drink,0.476,FD_PJ,"Food & Drink — Jug, Pitcher",0.471,FD_WI,Food & Drink — Wine,0.437
PDR466,*gir_-,giddy,EM_JY,EM_JY,Emotion — Joy,0.324,EM_JG,"Emotion — Glad, Joyful",0.321,EM_SU,Emotion — Surprise,0.307
PDR467,*gīr_-,line; to draw lines,SR_LN,SR_LN,Spatial Relations — Line,0.562,LM_LI,Language & Music — Line (n),0.435,LM_PC,Language & Music — Pencil,0.358
PDR468,*goḍ-,barren (woman or cow),AN_CO,AN_CO,Animals — Cow,0.535,AN_CB,"Animals — Cattle, Bovines",0.424,RB_NU,Religion & Beliefs — Nun,0.415
PDR469,*goḷ-ai,anus,AN_EL,AN_EL,Animals — Elephant,0.406,AN_SK,Animals — Snake,0.344,MK_AU,Mankind — Aunt,0.341
PDR470,*gonṭ-,bamboo tube,AN_SK,AN_SK,Animals — Snake,0.289,AN_BA,Animals — Barrow,0.281,AV_LE,Agriculture & Vegetation — Leaf,0.273
PDR471,*goŋk-,hook; curved,PA_BN,PA_BN,Physical Acts & Materials — to Bend,0.408,SR_HK,"Spatial Relations — Hook, Crook",0.391,PA_RC,"Physical Acts & Materials — Rope, Cord",0.361
PDR472,*gor_-,deer,AN_DE,AN_DE,Animals — Deer,0.892,AN_CO,Animals — Cow,0.578,AN_BR,Animals — Bear,0.546
PDR473,*gōḍ-,wall,DF_WL,DF_WL,Dwellings & Furniture — Wall,0.564,AN_BU,Animals — Bull,0.379,DF_DG,"Dwellings & Furniture — Door, Gate",0.352
PDR474,*gōk- (?),to look up,SP_LO,SP_LO,Sense Perception — to Look,0.314,MT_KN,Mind & Thought — to Know,0.314,SR_CG,"Spatial Relations — to Gather, Collect",0.302
PDR475,*gōḷ-,grief,EM_GS,EM_GS,"Emotion — Grief, Sorrow",0.754,EM_SA,Emotion — Sad,0.532,EM_CW,"Emotion — to Cry, Weep",0.502
PDR476,*gōl-,to roast,FD_RF,FD_RF,"Food & Drink — to Roast, Fry",0.671,FD_CO,Food & Drink — to Cook,0.439,FD_OV,Food & Drink — Oven,0.416
PDR477,*gōp-,grasshopper,AN_IN,AN_IN,Animals — Insect,0.476,AV_GR,Agriculture & Vegetation — Grass,0.415,AN_FL,Animals — Fly (n),0.405
PDR478,*gōr-,"to bale, draw water; a drag",PW_RS,PW_RS,"Physical World — Brook, Stream, River",0.504,MO_FL,Motion & Transportation — to Flow,0.468,PA_DP,"Physical Acts & Materials — to Draw, Pull",0.449
PDR479,*guḍ-,small,QN_LF,QN_LF,"Quantity & Number — Few, Little",0.423,SR_SZ,Spatial Relations — Size (n),0.327,BP_PE,Body Parts & Functions — Penis,0.288
PDR480,*guḍ-,to thunder,PW_TH,PW_TH,"Physical World — Noise, Thunder",0.525,PW_LT,"Physical World — Thunderbolt, Lightning Strike",0.492,PW_LI,"Physical World — Flash, Lightning",0.356
PDR481,*gùḍ-,temple,RB_TM,RB_TM,Religion & Beliefs — Temple,0.767,RB_AL,Religion & Beliefs — Altar,0.403,RB_PR,Religion & Beliefs — Priest,0.367
PDR482,*guḍ-,heap,AN_RA,AN_RA,Animals — Ram,0.353,DF_YR,"Dwellings & Furniture — Yard, Court",0.343,PW_MU,"Physical World — Mud, Mire",0.337
PDR483,*guḍ- (?),black bear,AN_BR,AN_BR,Animals — Bear,0.737,AN_BU,Animals — Bull,0.545,AN_GO,Animals — Goat,0.459
PDR484,*gudd-,to punch,PA_SH,PA_SH,"Physical Acts & Materials — to Hit, Strike, Beat",0.400,BP_BI,Body Parts & Functions — to Bite,0.368,EM_LS,"Emotion — to Laugh, Smile",0.359
PDR485,*guḍ-/*guṭ-,small field on hill,PW_MH,PW_MH,"Physical World — Hill, Mountain",0.516,PW_PF,"Physical World — Plain, Field",0.400,PW_GS,"Physical World — Ground, Soil",0.348
PDR486,*gum-,hole; pit,SR_HL,SR_HL,Spatial Relations — Hole,0.406,FD_BW,Food & Drink — Bowl,0.307,TI_HR,Time — Hour,0.279
PDR487,*gum-,1 heap 2 crowd,QN_MC,QN_MC,"Quantity & Number — Crowd, Multitude",0.618,QN_CW,Quantity & Number — Other Collective Words,0.345,QN_GT,Quantity & Number — Group of Three,0.328
PDR488,*gum-,"knob, boss; hump",TI_CW,TI_CW,"Time — Clock, Watch",0.318,AN_CK,"Animals — Cock, Rooster",0.310,MK_HU,Mankind — Husband,0.283
PDR489,*gumiẓ- (*-r-),coomb teak,FD_CB,FD_CB,Food & Drink — Cabbage,0.351,WH_BC,"Warfare & Hunting — Corslet, Breastplate",0.331,FD_KE,Food & Drink — Kettle,0.253
PDR490,*gunḍ-,dust; powder,PW_DU,PW_DU,"Physical World — Dust, Powder",0.868,PA_CL,Physical Acts & Materials — Clay,0.444,PW_SA,"Physical World — Sand, Grit",0.417
PDR491,*gunḍ-,heart,BP_HR,BP_HR,Body Parts & Functions — Heart,0.584,EM_LO,Emotion — to Love; Love,0.512,EM_SS,"Emotion — Soul, Spirit",0.505
PDR492,*gunḍ-,"1 stone, pebble 2 round",PW_SR,PW_SR,"Physical World — Rock, Stone",0.487,PW_SA,"Physical World — Sand, Grit",0.353,PA_CL,Physical Acts & Materials — Clay,0.338
PDR493,*gun(t)-,"bow, pellet-bow",WH_BW,WH_BW,Warfare & Hunting — Bow,0.633,WH_AW,Warfare & Hunting — Arrow,0.560,WH_GP,Warfare & Hunting — Gunpowder,0.454
PDR494,*gu[n]taḷ-,spade,AV_SP,AV_SP,Agriculture & Vegetation — Spade (n),0.476,WH_SH,Warfare & Hunting — Shield,0.409,WH_CL,Warfare & Hunting — Club,0.384
PDR495,*gunṭ- (?),deep; pond,PW_LA,PW_LA,"Physical World — Lake, Pond",0.617,PW_MU,"Physical World — Mud, Mire",0.436,SR_SW,Spatial Relations — Shallow,0.393
PDR496,*gunǯ-,owl,AN_BI,AN_BI,Animals — Bird,0.538,AN_HN,Animals — Hen,0.490,AN_DU,Animals — Duck,0.483
PDR497,*gunǯ-,to pull,PA_DP,PA_DP,"Physical Acts & Materials — to Draw, Pull",0.430,MO_PS,"Motion & Transportation — to Push, Shove",0.412,PA_PR,Physical Acts & Materials — to Press,0.322
PDR498,*guŋVr-,mosquito,AN_IN,AN_IN,Animals — Insect,0.604,AN_BI,Animals — Bird,0.507,AN_FL,Animals — Fly (n),0.451
PDR499,*gup-,bush,AN_MK,AN_MK,Animals — Monkey,0.359,AN_DO,Animals — Dog,0.343,MK_UN,Mankind — Uncle,0.329
PDR500,*gurḍ-,1 eyeball 2 egg,BP_EG,BP_EG,Body Parts & Functions — Egg,0.441,BP_EY,Body Parts & Functions — Eye,0.357,AN_CK,"Animals — Cock, Rooster",0.291
PDR501,*gurL-,"shell, cowrie",AN_CO,AN_CO,Animals — Cow,0.446,AN_PI,Animals — Pig,0.414,AN_BO,Animals — Boar,0.382
PDR502,*gur_-,1 to roar 2 to snore,BP_SL,BP_SL,Body Parts & Functions — to Sleep; Sleep,0.300,WH_HM,Warfare & Hunting — Helmet,0.294,BP_FB,"Body Parts & Functions — to Fart, Break Wind",0.285
PDR503,*gur_- (*-d_-),1 to aim 2 to mark 3 to write,LM_WE,LM_WE,Language & Music — to Write,0.349,QN_TH,Quantity & Number — Three,0.346,TI_FI,Time — to Finish,0.325
PDR504,*guS-,to whisper,EM_CW,EM_CW,"Emotion — to Cry, Weep",0.386,LM_BS,Language & Music — to be Silent,0.370,LM_ST,"Language & Music — to Speak, Talk",0.364
PDR505,*GuT- (?),"to be tight, tightly bound together",BP_YG,BP_YG,"Body Parts & Functions — to Gape, Yawn",0.354,PA_SR,Physical Acts & Materials — to Stretch,0.342,SR_HW,"Spatial Relations — Hollow, Concave",0.319
PDR506,*guṭ-,secret,MT_SR,MT_SR,Mind & Thought — Secret,0.562,BP_SH,"Body Parts & Functions — Skin, Hide",0.318,EM_SU,Emotion — Surprise,0.305
PDR507,*gūḍ-,nest,AN_PU,AN_PU,Animals — Puppy,0.413,AN_BI,Animals — Bird,0.408,WH_TW,Warfare & Hunting — Tower,0.350
PDR508,*gūḍ-,a k. of basket,PA_BA,PA_BA,Physical Acts & Materials — Basket,0.440,PT_LO,Possession & Trade — to Lose,0.346,FD_PJ,"Food & Drink — Jug, Pitcher",0.339
PDR509,*gūḷ-,to crowd together,QN_MC,QN_MC,"Quantity & Number — Crowd, Multitude",0.473,SO_ME,Social Relations — to Meet,0.397,SO_PP,"Social Relations — People, Populace",0.340
PDR510,*gūn-,to bend; hump,PA_BN,PA_BN,Physical Acts & Materials — to Bend,0.564,PA_SR,Physical Acts & Materials — to Stretch,0.396,PA_FO,Physical Acts & Materials — to Fold,0.349
PDR511,*gūr- (?),to lie down,EM_LI,EM_LI,"Emotion — Lie, Falsehood",0.362,BP_BD,Body Parts & Functions — to Bury the Dead,0.305,BP_SL,Body Parts & Functions — to Sleep; Sleep,0.301
PDR512,*gūs-,"to fall down, pour",PA_PO,PA_PO,Physical Acts & Materials — to Pour,0.414,MO_FA,Motion & Transportation — to Fall,0.391,FD_BW,Food & Drink — Bowl,0.350
PDR513,*i-,this,TI_TM,TI_TM,Time — Tomorrow,0.334,TI_NW,Time — New,0.315,TI_NO,Time — Now,0.314
PDR514,*iḍ-,to put,SR_PU,SR_PU,"Spatial Relations — to Put, Place, Set, Lay",0.322,TI_LS,Time — to Last,0.321,EM_PL,Emotion — to Please,0.321
PDR515,*iḍ-,to stumble,MO_JL,MO_JL,"Motion & Transportation — to Jump, Leap",0.380,AN_HU,Animals — to Hunt,0.363,MO_FA,Motion & Transportation — to Fall,0.336
PDR516,*iḍ-,to beat,WH_FI,WH_FI,Warfare & Hunting — to Fight,0.391,AN_HU,Animals — to Hunt,0.352,EM_PV,Emotion — to Play,0.346
PDR517,*iḍ-,"to crack, split",PA_SP,PA_SP,Physical Acts & Materials — to Split,0.368,PA_BK,Physical Acts & Materials — to Break,0.354,FD_GR,Food & Drink — to Grind,0.354
PDR518,*id_-,"tight, narrow",SR_NR,SR_NR,Spatial Relations — Narrow,0.389,SR_TD,Spatial Relations — Thick (in Dimension),0.308,CA_TR,Clothing & Adornment — Trousers,0.302
PDR519,*id_-,to put; to keep,PT_PR,PT_PR,"Possession & Trade — to Save, Preserve, Keep Safe",0.485,PT_KR,"Possession & Trade — to Keep, Retain",0.480,PT_HO,Possession & Trade — to Hold,0.352
PDR520,*il-,house,DF_HS,DF_HS,Dwellings & Furniture — House,0.659,DF_HO,Dwellings & Furniture — Home,0.622,DF_RO,Dwellings & Furniture — Room,0.557
PDR521,*Ìl-ai,leaf,AV_LE,AV_LE,Agriculture & Vegetation — Leaf,0.695,AV_TR,Agriculture & Vegetation — Tree (generic),0.453,AV_PN,"Agriculture & Vegetation — Plant, Herb",0.414
PDR522,*iḷ-uk-,to be sprained,BP_SD,BP_SD,Body Parts & Functions — Shoulder,0.377,BP_KN,Body Parts & Functions — Knee,0.375,BP_BI,Body Parts & Functions — to Bite,0.374
PDR523,*Iṇ-,to join; equal,SR_JU,SR_JU,"Spatial Relations — to Join, Unite",0.399,SO_ME,Social Relations — to Meet,0.375,SR_EQ,"Spatial Relations — Equal, Alike",0.371
PDR524,*in-,1 to belch 2 to sigh,TI_FI,TI_FI,Time — to Finish,0.334,TI_MS,"Time — Minute, Second",0.295,PT_LO,Possession & Trade — to Lose,0.275
PDR525,*in-,sweet,TI_NO,TI_NO,Time — Now,0.298,TI_HR,Time — Hour,0.291,SP_ST,Sense Perception — Sweet,0.290
PDR526,*i-ned_-,today,TI_YD,TI_YD,Time — Yesterday,0.659,TI_TD,Time — Today,0.647,TI_TM,Time — Tomorrow,0.557
PDR527,*iṇi-,"(water) to evaporate, (flood) to subside",PW_WA,PW_WA,Physical World — Water,0.454,PW_RA,Physical World — Rain (n),0.416,PW_MI,"Physical World — Mist, Fog, Haze",0.364
PDR528,*ir-,to beg; to borrow,PT_BW,PT_BW,Possession & Trade — to Borrow,0.562,PT_BG,Possession & Trade — Beggar,0.523,PT_LD,Possession & Trade — to Lend,0.472
PDR529,*ir-,food,FD_FD,FD_FD,Food & Drink — Food,0.747,FD_AM,Food & Drink — a Meal,0.710,FD_DN,Food & Drink — Dinner,0.671
PDR530,*ir-,two,QN_ON,QN_ON,Quantity & Number — One,0.370,QN_TH,Quantity & Number — Three,0.334,QN_TP,Quantity & Number — Three Apiece,0.334
PDR531,*[i]reŋ-,"date, plum",FD_PC,FD_PC,Food & Drink — Peach,0.391,FD_BW,Food & Drink — Bowl,0.377,TI_YR,Time — Year,0.351
PDR532,*ir-/*er-,to be,TI_FI,TI_FI,Time — to Finish,0.344,TI_LS,Time — to Last,0.332,EM_LO,Emotion — to Love; Love,0.313
PDR533,*irmb-,iron,PA_IR,PA_IR,Physical Acts & Materials — Iron,0.631,CA_SP,Clothing & Adornment — Spindle,0.340,PA_GO,Physical Acts & Materials — Gold,0.333
PDR534,*irp-,mahua,MK_MS,MK_MS,Mankind — Male,0.361,AN_PU,Animals — Puppy,0.360,MK_MO,Mankind — Mother,0.357
PDR535,*ir-Vc-,to scratch (ground); to comb,CA_CB,CA_CB,Clothing & Adornment — Comb,0.489,BP_LC,Body Parts & Functions — to Lick,0.378,PA_SS,"Physical Acts & Materials — Shears, Scissors",0.369
PDR536,*[i]̀r_ej-,shrimp,AN_FM,AN_FM,Animals — Fisherman,0.488,AN_CH,Animals — Chicken,0.445,AN_FI,Animals — Fish (n),0.418
PDR537,*iS-,small,QN_LF,QN_LF,"Quantity & Number — Few, Little",0.423,SR_SZ,Spatial Relations — Size (n),0.327,BP_PE,Body Parts & Functions — Penis,0.288
PDR538,"*is- (*e-, *-j-)","to move, go",MO_MO,MO_MO,Motion & Transportation — to Move,0.569,MO_GO,Motion & Transportation — to Go,0.559,MO_FE,Motion & Transportation — to Flee,0.511
PDR539,*isuk-,sand,PW_SA,PW_SA,"Physical World — Sand, Grit",0.729,PW_SH,"Physical World — Shore, Beach",0.559,PW_MU,"Physical World — Mud, Mire",0.479
PDR540,*iti ( < *ir-ti?) [cf. *ireŋ],fig tree,FD_FI,FD_FI,Food & Drink — Fig,0.720,AV_TR,Agriculture & Vegetation — Tree (generic),0.480,AV_BN,Agriculture & Vegetation — Branch,0.439
PDR541,*iT_-,flesh; to eat meat,FD_ME,FD_ME,Food & Drink — Meat,0.722,BP_FL,Body Parts & Functions — Flesh,0.627,FD_BU,Food & Drink — Butcher (n),0.550
PDR542,*iṭ-,narrow; dense; thronged,SR_TS,SR_TS,Spatial Relations — Thick (in Density),0.450,SR_NS,Spatial Relations — Thin (in Density),0.409,QN_MC,"Quantity & Number — Crowd, Multitude",0.382
PDR543,*iẓi-,"to fall, descend",MO_FA,MO_FA,Motion & Transportation — to Fall,0.576,TI_AU,Time — Autumn,0.460,MO_JL,"Motion & Transportation — to Jump, Leap",0.449
PDR544,*ī̆j-,"to agree; proper, possible",MT_SN,MT_SN,"Mind & Thought — Sure, Certain",0.412,MT_TO,"Mind & Thought — to Think, be of the Opinion",0.354,SO_LT,"Social Relations — to Let, Permit",0.325
PDR545,*īḷ-[aj-],young,TI_YG,TI_YG,Time — Young,0.673,TI_AG,Time — Age,0.517,AN_KI,Animals — Kid,0.375
PDR546,*īn-,to bear young,AN_BR,AN_BR,Animals — Bear,0.524,TI_YG,Time — Young,0.455,BP_BM,Body Parts & Functions — to Bear (of Mother),0.433
PDR547,*īŋ-,1 feather 2 hair,BP_FE,BP_FE,Body Parts & Functions — Feather,0.521,BP_HA,Body Parts & Functions — Hair,0.487,AN_HN,Animals — Hen,0.376
PDR548,*īp-,bee; fly,AN_BE,AN_BE,Animals — Bee,0.729,AN_FL,Animals — Fly (n),0.643,AN_IN,Animals — Insect,0.511
PDR549,*īr- (?),liver,BP_LV,BP_LV,Body Parts & Functions — Liver,0.714,BP_BL,Body Parts & Functions — Blood,0.400,BP_RI,Body Parts & Functions — Rib,0.396
PDR550,*īẓi-,"to pull, drag",MO_PS,MO_PS,"Motion & Transportation — to Push, Shove",0.553,PA_DP,"Physical Acts & Materials — to Draw, Pull",0.507,MO_SS,"Motion & Transportation — to Slip, Slide",0.491
PDR551,*jal-,"night, darkness",TI_NG,TI_NG,Time — Night,0.732,PW_DA,Physical World — Darkness,0.690,TI_DW,Time — Dawn,0.602
PDR552,*jan-,to say,TI_LS,TI_LS,Time — to Last,0.328,LM_SY,Language & Music — to Say,0.318,TI_YR,Time — Year,0.307
PDR553,*jā-,"to tie, bind",PA_BI,PA_BI,Physical Acts & Materials — to Bind,0.383,PA_KN,Physical Acts & Materials — Knot (n),0.377,PT_HO,Possession & Trade — to Hold,0.360
PDR554,*jā̆-,[interrogative base],SO_SU,SO_SU,Social Relations — Subject (n),0.337,MT_IP,"Mind & Thought — Purpose, Intention",0.336,MT_DB,Mind & Thought — Doubt (n),0.304
PDR555,*jāḷ-,to rule,SO_RG,SO_RG,"Social Relations — to Rule, Govern",0.561,PT_HA,Possession & Trade — to Have,0.391,PT_SP,Possession & Trade — to Spoil,0.384
PDR556,*jānḍ-,year,TI_YR,TI_YR,Time — Year,0.711,TI_SN,Time — Season,0.495,TI_MT,Time — Month,0.466
PDR557,*jed_- (*r_-),to know,MT_KN,MT_KN,Mind & Thought — to Know,0.351,TI_LS,Time — to Last,0.317,TI_MT,Time — Month,0.306
PDR558,*jelí- (~ *a-),"to melt, dissolve",FD_MX,FD_MX,"Food & Drink — to Mix, Blend",0.445,PA_PO,Physical Acts & Materials — to Pour,0.414,PA_SP,Physical Acts & Materials — to Split,0.385
PDR559,*jeẓ- ~ *jeẓái-,"to weep, cry",EM_CW,EM_CW,"Emotion — to Cry, Weep",0.791,EM_GS,"Emotion — Grief, Sorrow",0.562,EM_TR,Emotion — Tear (n),0.538
PDR560,*jēd_-,water,PW_WA,PW_WA,Physical World — Water,0.631,FD_TH,Food & Drink — Thirst (n),0.473,FD_KE,Food & Drink — Kettle,0.470
PDR561,*jēn-,elephant,AN_EL,AN_EL,Animals — Elephant,0.879,AN_AN,Animals — Animal,0.573,AN_SK,Animals — Snake,0.567
PDR562,*joḷǯ-,bear,AN_BR,AN_BR,Animals — Bear,0.827,AN_BU,Animals — Bull,0.568,AN_CF,Animals — Calf,0.469
PDR563,*jōḍ-,goat,AN_GO,AN_GO,Animals — Goat,0.796,AN_HG,Animals — He-Goat,0.702,AN_LA,Animals — Lamb,0.570
PDR564,*jōẓ-,seven,QN_NN,QN_NN,Quantity & Number — Numerals,0.347,QN_TH,Quantity & Number — Three,0.343,QN_LF,"Quantity & Number — Few, Little",0.338
PDR565,*kabb-,to bite; to swallow,BP_BI,BP_BI,Body Parts & Functions — to Bite,0.623,BP_SP,Body Parts & Functions — to Spit,0.545,FD_EA,Food & Drink — to Eat,0.519
PDR566,*kac-,"angry, hostile",EM_AG,EM_AG,Emotion — Anger,0.658,EM_RF,"Emotion — Rage, Fury",0.574,EM_HT,Emotion — Hate (n),0.571
PDR567,*kac-,"to bite, sting",BP_BI,BP_BI,Body Parts & Functions — to Bite,0.601,AN_HU,Animals — to Hunt,0.450,PT_AS,"Possession & Trade — Stingy, Avaricious",0.437
PDR568,*kaḍ-,"1 bitter; sharp 2 severe, cruel 3 exceeding, great",EM_GS,EM_GS,"Emotion — Grief, Sorrow",0.365,SP_BI,Sense Perception — Bitter,0.357,EM_RF,"Emotion — Rage, Fury",0.357
PDR569,*kaḍ-,to churn,FD_KD,FD_KD,Food & Drink — to Knead,0.332,FD_GR,Food & Drink — to Grind,0.288,MO_JL,"Motion & Transportation — to Jump, Leap",0.281
PDR570,*kaḍ- (?),"belly, womb",BP_WO,BP_WO,Body Parts & Functions — Womb,0.734,BP_BS,"Body Parts & Functions — Belly, Stomach",0.694,BP_NV,Body Parts & Functions — Navel,0.629
PDR571,*kaḍal-,sea,PW_SE,PW_SE,Physical World — Sea,0.747,PW_SH,"Physical World — Shore, Beach",0.586,PW_GB,"Physical World — Gulf, Bay",0.513
PDR572,*kadd-/*kad-al-,"to shake, stir",MO_SH,MO_SH,Motion & Transportation — to Shake,0.516,FD_MX,"Food & Drink — to Mix, Blend",0.442,FD_SP,Food & Drink — Spoon,0.402
PDR573,*kaḍ[i]-,bridle,TI_AU,TI_AU,Time — Autumn,0.292,AN_WE,Animals — Wether,0.279,FD_PP,Food & Drink — Pepper,0.275
PDR574,*kadir-,spindle,CA_SP,CA_SP,Clothing & Adornment — Spindle,0.707,CA_SN,Clothing & Adornment — to Spin,0.438,CA_CB,Clothing & Adornment — Comb,0.302
PDR575,*kaḍj-,panther; tiger,AN_LN,AN_LN,Animals — Lion,0.652,AN_CT,Animals — Cat,0.543,AN_SK,Animals — Snake,0.534
PDR576,*kaḍ-Vnḍ-,hornet,AN_BE,AN_BE,Animals — Bee,0.443,AN_BI,Animals — Bird,0.435,AN_IN,Animals — Insect,0.418
PDR577,*kad_- (*-r_-),to chew,BP_BI,BP_BI,Body Parts & Functions — to Bite,0.539,BP_SP,Body Parts & Functions — to Spit,0.477,FD_EA,Food & Drink — to Eat,0.454
PDR578,*kaɣ-,hand,BP_HN,BP_HN,Body Parts & Functions — Hand,0.617,BP_FI,Body Parts & Functions — Finger,0.475,BP_TM,Body Parts & Functions — Thumb,0.468
PDR579,*kaj-,a k. of fish,AN_FI,AN_FI,Animals — Fish (n),0.596,AN_FM,Animals — Fisherman,0.533,AN_AN,Animals — Animal,0.362
PDR580,*kajd-,a k. of flower,AV_FL,AV_FL,Agriculture & Vegetation — Flower,0.556,AV_PN,"Agriculture & Vegetation — Plant, Herb",0.378,AV_LE,Agriculture & Vegetation — Leaf,0.373
PDR581,*kajil-,ladle,FD_ML,FD_ML,Food & Drink — Mill,0.353,FD_SG,Food & Drink — Sausage,0.331,FD_MD,Food & Drink — Mead,0.325
PDR582,*kajir_-,"rope, string",PA_RC,PA_RC,"Physical Acts & Materials — Rope, Cord",0.636,PA_KN,Physical Acts & Materials — Knot (n),0.434,MO_WW,"Motion & Transportation — to Wind, Wrap",0.412
PDR583,*kak-,to vomit,BP_VO,BP_VO,Body Parts & Functions — to Vomit,0.646,BP_SS,Body Parts & Functions — Sick; Sickness,0.416,BP_SP,Body Parts & Functions — to Spit,0.413
PDR584,*kak-,shell,AN_PI,AN_PI,Animals — Pig,0.378,BP_TA,Body Parts & Functions — Tail,0.315,AN_DU,Animals — Duck,0.314
PDR585,*kal-,"1 to get, accrue 2 to exist",PT_GO,PT_GO,"Possession & Trade — to Get, Obtain",0.383,QN_ON,Quantity & Number — One,0.296,PT_OP,"Possession & Trade — to Own, Possess",0.295
PDR586,*kal-,to stir; turbid,FD_BO,FD_BO,Food & Drink — to Boil (trans,0.301,FD_SP,Food & Drink — Spoon,0.299,FD_PA,Food & Drink — Pan,0.297
PDR587,*kal-,"to shout, make noise",LM_SC,LM_SC,"Language & Music — to Shout, Cry Out",0.509,LM_BS,Language & Music — to be Silent,0.499,PW_TH,"Physical World — Noise, Thunder",0.490
PDR588,*kàl-,"vessel; ship, boat",MO_SP,MO_SP,Motion & Transportation — Ship,0.714,MO_BT,Motion & Transportation — Boat,0.683,MO_SA,Motion & Transportation — to Sail,0.617
PDR589,*kal-,stone,PW_SR,PW_SR,"Physical World — Rock, Stone",0.695,PW_SA,"Physical World — Sand, Grit",0.394,PA_MO,Physical Acts & Materials — Mortar,0.371
PDR590,*kaḷ-,liquor,FD_BB,FD_BB,Food & Drink — Beer,0.629,FD_WI,Food & Drink — Wine,0.601,FD_FD,Food & Drink — Food,0.529
PDR591,*kaḷ-,threshing floor,AV_TF,AV_TF,Agriculture & Vegetation — Threshing-Floor,0.590,DF_FL,Dwellings & Furniture — Floor,0.478,AV_TH,Agriculture & Vegetation — to Thresh,0.395
PDR592,*kaḷ-,to steal; thief,PT_TH,PT_TH,Possession & Trade — Thief,0.771,PT_ST,Possession & Trade — to Steal,0.668,PT_RR,Possession & Trade — to Rob; Robber,0.643
PDR593,*kaḷ-,to uproot (weeds); to strip,AV_RO,AV_RO,Agriculture & Vegetation — Root,0.415,AV_FO,Agriculture & Vegetation — Fork (tool),0.414,AV_RA,Agriculture & Vegetation — Rake (n),0.406
PDR594,*kal-,female relative,MK_GM,MK_GM,Mankind — Grandmother,0.514,MK_SW,Mankind — Sister-in-Law,0.510,MK_GD,Mankind — Granddaughter,0.493
PDR595,*kàl-,"mark, scar",WH_SH,WH_SH,Warfare & Hunting — Shield,0.328,CA_RA,Clothing & Adornment — Razor,0.325,PW_MT,"Physical World — Match, Fire Stick",0.318
PDR596,*kal- (*k̂-),to bite,BP_BI,BP_BI,Body Parts & Functions — to Bite,0.673,AN_HU,Animals — to Hunt,0.487,BP_LC,Body Parts & Functions — to Lick,0.445
PDR597,*kal-(aj-),to be mixed,FD_MX,FD_MX,"Food & Drink — to Mix, Blend",0.466,LM_ST,"Language & Music — to Speak, Talk",0.350,MT_CP,"Mind & Thought — Clear, Plain (to the Mind)",0.346
PDR598,*kaḷ-i,milk-hedge (spurge),AN_PS,AN_PS,Animals — Pasture,0.483,AN_PV,Animals — to Pasture,0.449,AN_BU,Animals — Bull,0.421
PSD550,*kal_-,to learn,MT_LE,MT_LE,Mind & Thought — to Learn,0.546,MT_TE,Mind & Thought — to Teach,0.430,MT_ST,Mind & Thought — to Study,0.411
PDR600,*kam-,ear-ring,CA_FR,CA_FR,Clothing & Adornment — Finger Ring,0.579,BP_EA,Body Parts & Functions — Ear,0.566,SP_HG,Sense Perception — Hearing (n),0.383
PDR601,*kamb-i,wire,PA_RC,PA_RC,"Physical Acts & Materials — Rope, Cord",0.346,TI_SN,Time — Season,0.308,TI_WI,Time — Winter,0.300
PDR602,*kamp-,a smell,SP_BD,SP_BD,"Sense Perception — Stinking, Bad Smelling",0.623,SP_VS,Sense Perception — to Smell (subj),0.620,SP_SB,"Sense Perception — Smell (n, obj)",0.620
PDR603,*kan-,angry; to burn,EM_AG,EM_AG,Emotion — Anger,0.672,EM_RF,"Emotion — Rage, Fury",0.600,EM_BD,Emotion — Bad,0.515
PDR604,*kaṇ-,eye,BP_EY,BP_EY,Body Parts & Functions — Eye,0.583,MT_PU,Mind & Thought — Pupil,0.434,BP_EB,Body Parts & Functions — Eyebrow,0.400
PDR605,*kaṇ-,"rope, neck-rope, necklace",CA_NC,CA_NC,Clothing & Adornment — Necklace,0.647,PA_RC,"Physical Acts & Materials — Rope, Cord",0.564,CA_BR,"Clothing & Adornment — Armband, Bracelet",0.509
PDR606,*kaṇ-,"knife, blade",FD_KN,FD_KN,Food & Drink — Knife,0.631,PA_KF,Physical Acts & Materials — Knife (tool),0.545,WH_SW,Warfare & Hunting — Sword,0.489
PDR607,*kan-,to sound,LM_ST,LM_ST,"Language & Music — to Speak, Talk",0.515,SP_SO,Sense Perception — Sound (n),0.502,LM_SG,Language & Music — to Sing,0.490
PDR608,*kan-,"ripe, soft; to love, pity",EM_PT,EM_PT,Emotion — Pity (n),0.489,EM_LO,Emotion — to Love; Love,0.453,EM_JG,"Emotion — Glad, Joyful",0.436
PDR609,*kaṇav-,"mountain pass; gap, opening",PW_MH,PW_MH,"Physical World — Hill, Mountain",0.354,MO_EN,Motion & Transportation — to Enter,0.273,BP_YG,"Body Parts & Functions — to Gape, Yawn",0.266
PDR610,*kand-,"trench, ditch",WH_RT,WH_RT,Warfare & Hunting — Retreat (n),0.418,WH_SU,Warfare & Hunting — to Surrender,0.397,WH_SO,Warfare & Hunting — Soldier,0.380
PDR611,*kanḍ-,piece of flesh,BP_FL,BP_FL,Body Parts & Functions — Flesh,0.633,FD_KN,Food & Drink — Knife,0.459,BP_CS,"Body Parts & Functions — Corpse, Body",0.458
PDR612,*kand_-,"scorched, burnt; black",PW_BU,PW_BU,"Physical World — to Burn, Scorch",0.494,LJ_AR,Law & Judgment — Arson,0.432,SP_BK,Sense Perception — Black,0.394
PDR613,*kaṇ-ik-,stick; timber,PW_WD,PW_WD,"Physical World — Wood, Timber",0.685,PW_WF,"Physical World — Woods, Forest",0.468,PA_CA,Physical Acts & Materials — Carpenter,0.407
PDR614,*kanr_-,sapling,AN_MU,AN_MU,Animals — Mule,0.345,AN_SO,Animals — Sow,0.343,AN_BU,Animals — Bull,0.341
PDR615,*kant-,"to set, sink",MO_SI,MO_SI,Motion & Transportation — to Sink,0.478,BP_SP,Body Parts & Functions — to Spit,0.370,FD_BW,Food & Drink — Bowl,0.362
PDR616,*kan_-,to dream,BP_DR,BP_DR,Body Parts & Functions — Dream (n),0.474,EM_DE,Emotion — to Desire,0.410,EM_WW,"Emotion — to Will, Wish",0.405
PDR617,*kap-,frog,AN_SK,AN_SK,Animals — Snake,0.555,AN_CT,Animals — Cat,0.530,AN_BI,Animals — Bird,0.524
PDR618,*kaP-,1 butterfly; cricket 2 bat,AN_IN,AN_IN,Animals — Insect,0.391,AN_FL,Animals — Fly (n),0.378,AN_BE,Animals — Bee,0.343
PDR619,*kap-,to cover,CA_VE,CA_VE,Clothing & Adornment — Veil,0.309,CA_CK,Clothing & Adornment — Cloak,0.299,SR_HC,"Spatial Relations — to Hide, Conceal",0.297
PDR620,*kap-,tribute,EM_GL,EM_GL,"Emotion — Fame, Glory",0.416,EM_HO,Emotion — Honor (n),0.378,EM_PD,Emotion — Proud,0.346
PDR621,*kaP-,"to bend, turn over",PA_BN,PA_BN,Physical Acts & Materials — to Bend,0.545,MO_TA,Motion & Transportation — to Turn Around,0.477,MO_TU,Motion & Transportation — to Turn,0.439
PDR622,*kapal-,ship,MO_SP,MO_SP,Motion & Transportation — Ship,0.583,MO_SA,Motion & Transportation — to Sail,0.446,MO_SR,Motion & Transportation — Sailor,0.440
PDR623,*kar-,to melt,PA_RU,PA_RU,Physical Acts & Materials — to Rub,0.354,PA_PR,Physical Acts & Materials — to Press,0.336,PA_PO,Physical Acts & Materials — to Pour,0.333
PDR624,*kar-,to sound,LM_ST,LM_ST,"Language & Music — to Speak, Talk",0.515,SP_SO,Sense Perception — Sound (n),0.502,LM_SG,Language & Music — to Sing,0.490
PDR625,*kar-,1 black 2 to burn,PW_BU,PW_BU,"Physical World — to Burn, Scorch",0.400,PW_MT,"Physical World — Match, Fire Stick",0.373,SP_BK,Sense Perception — Black,0.368
PDR626,*kar-,"1 bank 2 bridge, border",PT_BA,PT_BA,Possession & Trade — Bank,0.480,MO_BR,Motion & Transportation — Bridge,0.450,PW_RS,"Physical World — Brook, Stream, River",0.307
PDR627,*kar-,mould,PA_MD,PA_MD,"Physical Acts & Materials — to Mold, Form",0.533,CA_RA,Clothing & Adornment — Razor,0.342,CA_LO,Clothing & Adornment — Loom,0.335
PDR628,*kar-,rough,SP_RG,SP_RG,Sense Perception — Rough,0.475,PW_SA,"Physical World — Sand, Grit",0.346,EM_GD,Emotion — Good,0.320
PDR629,*kar-,"to intend, desire",EM_DE,EM_DE,Emotion — to Desire,0.670,MT_IP,"Mind & Thought — Purpose, Intention",0.563,EM_WW,"Emotion — to Will, Wish",0.457
PDR630,*Kar-,cartilage,BP_KN,BP_KN,Body Parts & Functions — Knee,0.488,BP_BN,Body Parts & Functions — Bone,0.466,BP_FT,Body Parts & Functions — Foot,0.463
PDR631,*kar- (*-r_-?),"to hide, steal; to deceive",PT_TH,PT_TH,Possession & Trade — Thief,0.510,PT_ST,Possession & Trade — to Steal,0.473,PT_RR,Possession & Trade — to Rob; Robber,0.438
PDR632,*karaḍ-i,black bear,AN_BR,AN_BR,Animals — Bear,0.737,AN_BU,Animals — Bull,0.545,AN_GO,Animals — Goat,0.459
PDR633,*karaḷ-,intestines,BP_NV,BP_NV,Body Parts & Functions — Navel,0.522,BP_BS,"Body Parts & Functions — Belly, Stomach",0.471,BP_ED,"Body Parts & Functions — to Void Excrement; Dung, Excrement",0.460
PDR634,*karb-,"egg, foetus",BP_EG,BP_EG,Body Parts & Functions — Egg,0.622,BP_WO,Body Parts & Functions — Womb,0.554,BP_PR,Body Parts & Functions — Pregnant,0.509
PDR635,*kar_-,"stick, shaft, tooth",BP_TO,BP_TO,Body Parts & Functions — Tooth,0.505,PA_KF,Physical Acts & Materials — Knife (tool),0.421,BP_JW,Body Parts & Functions — Jaw,0.411
PDR636,*kar_-,"anger, enmity",EM_AG,EM_AG,Emotion — Anger,0.715,EM_RF,"Emotion — Rage, Fury",0.665,EM_HT,Emotion — Hate (n),0.565
PDR637,*kar_- (*-d_-),black,SP_BK,SP_BK,Sense Perception — Black,0.517,SP_DC,Sense Perception — Dark in Color,0.440,SP_CO,Sense Perception — Color,0.416
PDR638,*kar_- (*-d_-),vegetables,FD_VE,FD_VE,Food & Drink — Vegetables,0.811,FD_CB,Food & Drink — Cabbage,0.592,FD_ON,Food & Drink — Onion,0.544
PDR639,*kar_-nḍ-,a k. of cloth,CA_CL,CA_CL,Clothing & Adornment — Cloth,0.595,CA_TW,Clothing & Adornment — Towel,0.534,CA_CD,"Clothing & Adornment — to Clothe, Dress",0.521
PDR640,*kar_v-,hunger,FD_HU,FD_HU,Food & Drink — Hunger (n),0.808,FD_TH,Food & Drink — Thirst (n),0.556,FD_AM,Food & Drink — a Meal,0.515
PDR641,*kas-,bitter,SP_BI,SP_BI,Sense Perception — Bitter,0.520,EM_AG,Emotion — Anger,0.438,EM_TE,Emotion — True,0.395
PDR642,*kaṬ-,to cut to pieces,PA_CU,PA_CU,Physical Acts & Materials — to Cut,0.544,PA_SS,"Physical Acts & Materials — Shears, Scissors",0.470,FD_KN,Food & Drink — Knife,0.450
PDR643,*kat-,1 to cut down 2 knife,FD_KN,FD_KN,Food & Drink — Knife,0.570,PA_KF,Physical Acts & Materials — Knife (tool),0.505,PA_CU,Physical Acts & Materials — to Cut,0.357
PDR644,*kaT-,to seize,PT_SG,PT_SG,"Possession & Trade — to Grasp, Seize, Take Hold of",0.639,PT_ST,Possession & Trade — to Steal,0.480,PT_DE,Possession & Trade — to Destroy,0.478
PDR645,*kat- (?),to burn,PW_BU,PW_BU,"Physical World — to Burn, Scorch",0.558,FD_RF,"Food & Drink — to Roast, Fry",0.375,LJ_AR,Law & Judgment — Arson,0.370
PDR646,*kat_-kāj,chebulic myrobalan,FD_GP,FD_GP,Food & Drink — Grape,0.255,FD_SB,"Food & Drink — Soup, Broth",0.223,SP_AC,"Sense Perception — Sour, Acidic",0.217
PDR647,*kaṭ-,1 to shut 2 to tie up,TI_FI,TI_FI,Time — to Finish,0.346,TI_EN,"Time — End (n, temporal)",0.298,TI_MS,"Time — Minute, Second",0.296
PDR648,*kaṭ-,to pay,PT_PA,PT_PA,Possession & Trade — to Pay,0.466,PT_WA,"Possession & Trade — Pay, Wages",0.363,PT_OW,Possession & Trade — to Owe,0.363
PDR649,*kaṭ-,"soup, decoction",FD_SB,FD_SB,"Food & Drink — Soup, Broth",0.608,FD_KE,Food & Drink — Kettle,0.400,FD_BU,Food & Drink — Butcher (n),0.398
PDR650,*kaṭil-,cot; litter; bed,DF_BD,DF_BD,Dwellings & Furniture — Bed,0.551,DF_TE,Dwellings & Furniture — Tent,0.491,AN_BA,Animals — Barrow,0.395
PDR651,*kav-,to catch,AN_HU,AN_HU,Animals — to Hunt,0.448,AN_FM,Animals — Fisherman,0.342,PT_ST,Possession & Trade — to Steal,0.335
PDR652,*kav- (*k̂-),1 to curse 2 scandal,RB_CU,RB_CU,Religion & Beliefs — to Curse,0.421,LJ_SW,Law & Judgment — to Swear,0.405,LJ_OA,Law & Judgment — Oath,0.318
PDR653,*kavŋ-,armpit,CA_BR,CA_BR,"Clothing & Adornment — Armband, Bracelet",0.483,BP_AR,Body Parts & Functions — Arm,0.418,BP_EL,Body Parts & Functions — Elbow,0.412
PDR654,*kaẓ-,to wash,PA_WA,PA_WA,Physical Acts & Materials — to Wash,0.522,CA_TW,Clothing & Adornment — Towel,0.421,CA_SA,Clothing & Adornment — Soap,0.404
PDR655,*kaẓ-,vulture,AN_BI,AN_BI,Animals — Bird,0.536,AN_FL,Animals — Fly (n),0.454,AN_HN,Animals — Hen,0.421
PDR656,*kaẓ-[al-],to loosen; loose,BP_FB,BP_FB,"Body Parts & Functions — to Fart, Break Wind",0.305,MO_SS,"Motion & Transportation — to Slip, Slide",0.298,BP_YG,"Body Parts & Functions — to Gape, Yawn",0.298
PDR657,*kaẓ-[c-],1 to defecate 2 to pass,BP_ED,BP_ED,"Body Parts & Functions — to Void Excrement; Dung, Excrement",0.418,BP_FB,"Body Parts & Functions — to Fart, Break Wind",0.355,MO_EN,Motion & Transportation — to Enter,0.349
PDR658,*kaẓd-,neck,BP_NK,BP_NK,Body Parts & Functions — Neck,0.703,BP_SK,Body Parts & Functions — Skull,0.451,BP_BE,Body Parts & Functions — Beard,0.430
PDR659,*kaǯ- (?),big,SR_SZ,SR_SZ,Spatial Relations — Size (n),0.322,SR_XL,"Spatial Relations — Big, Large, Great",0.296,TI_YR,Time — Year,0.289
PDR660,*kaǯǯ-,"1 scab, itch 2 to scratch",BP_BI,BP_BI,Body Parts & Functions — to Bite,0.339,CA_OI,Clothing & Adornment — Ointment,0.320,PA_FS,"Physical Acts & Materials — to Flay, Skin",0.309
PDR661,*kā-,to wait; to watch out,TI_DE,TI_DE,Time — to Delay,0.557,TI_HH,"Time — to Hurry, Hasten",0.464,TI_SI,"Time — Soon, Immediately",0.451
PDR662,*kāc-,"catechu, areca-nut",AN_CT,AN_CT,Animals — Cat,0.355,FD_NT,Food & Drink — Nut,0.352,FD_BN,Food & Drink — Bean,0.323
PDR663,*kāḍ-,weed,FD_PO,FD_PO,Food & Drink — Pot,0.449,AV_ST,Agriculture & Vegetation — Smoke (Tobacco),0.410,AV_PN,"Agriculture & Vegetation — Plant, Herb",0.401
PDR664,*kāḍ-,"burnt, charred; lampblack",LJ_AR,LJ_AR,Law & Judgment — Arson,0.476,PW_BU,"Physical World — to Burn, Scorch",0.467,PW_FL,Physical World — Flame (n),0.437
PDR665,*kāḍ-,field; forest,PW_WF,PW_WF,"Physical World — Woods, Forest",0.649,PW_TR,"Physical World — Tree, Oak",0.501,AV_TR,Agriculture & Vegetation — Tree (generic),0.494
PDR666,*kād-,"to fight, kill",WH_FI,WH_FI,Warfare & Hunting — to Fight,0.639,WH_SU,Warfare & Hunting — to Surrender,0.585,WH_DF,Warfare & Hunting — Defeat (n),0.546
PDR667,*kād- (?),ear,BP_EA,BP_EA,Body Parts & Functions — Ear,0.665,SP_HG,Sense Perception — Hearing (n),0.513,SP_SO,Sense Perception — Sound (n),0.414
PDR668,*kāj-,fruit; bear fruit,FD_FR,FD_FR,Food & Drink — Fruit,0.737,FD_PR,Food & Drink — Pear,0.609,FD_PC,Food & Drink — Peach,0.592
PDR669,*kāj-,to be hot; dry,PA_WA,PA_WA,Physical Acts & Materials — to Wash,0.384,CA_TW,Clothing & Adornment — Towel,0.383,BP_SW,"Body Parts & Functions — Sweat, Perspiration",0.371
PDR670,*kāk-,crow,AN_BI,AN_BI,Animals — Bird,0.554,AN_CK,"Animals — Cock, Rooster",0.479,AN_HN,Animals — Hen,0.449
PDR671,*kāk-,suffering; fatigue; badness,EM_PS,EM_PS,"Emotion — Pain, Suffering",0.624,EM_PT,Emotion — Pity (n),0.519,EM_GS,"Emotion — Grief, Sorrow",0.502
PDR672,*kāl-,"leg, foot",BP_FT,BP_FT,Body Parts & Functions — Foot,0.670,BP_LE,Body Parts & Functions — Leg,0.588,BP_TE,Body Parts & Functions — Toe,0.584
PDR673,*kāl-,"canal, channel",MO_HP,MO_HP,"Motion & Transportation — Port, Harbor",0.398,PW_RS,"Physical World — Brook, Stream, River",0.374,PW_SH,"Physical World — Shore, Beach",0.363
PDR674,*kāḷ-,to burn,PW_BU,PW_BU,"Physical World — to Burn, Scorch",0.558,FD_RF,"Food & Drink — to Roast, Fry",0.375,LJ_AR,Law & Judgment — Arson,0.370
PDR675,*kālēj- (?),liver,BP_LV,BP_LV,Body Parts & Functions — Liver,0.714,BP_BL,Body Parts & Functions — Blood,0.400,BP_RI,Body Parts & Functions — Rib,0.396
PDR676,*kālt_- (?),wind,PW_WI,PW_WI,"Physical World — Wind, Breeze",0.725,MO_WW,"Motion & Transportation — to Wind, Wrap",0.541,PW_MI,"Physical World — Mist, Fog, Haze",0.438
PDR677,*kāl_-,"to leak, flow",MO_FL,MO_FL,Motion & Transportation — to Flow,0.460,MO_SI,Motion & Transportation — to Sink,0.346,BP_SP,Body Parts & Functions — to Spit,0.332
PDR678,*kāl_-,to spit; to vomit,BP_SP,BP_SP,Body Parts & Functions — to Spit,0.651,BP_VO,Body Parts & Functions — to Vomit,0.610,FD_SU,"Food & Drink — to Suck, Suckle",0.485
PDR679,*kāmb-,1 stalk 2 handle,WH_SP,WH_SP,Warfare & Hunting — Spear,0.334,AV_FO,Agriculture & Vegetation — Fork (tool),0.307,CA_SP,Clothing & Adornment — Spindle,0.298
PDR680,*kān-,forest,PW_WF,PW_WF,"Physical World — Woods, Forest",0.702,PW_TR,"Physical World — Tree, Oak",0.563,AV_TR,Agriculture & Vegetation — Tree (generic),0.536
PDR681,*kāṇ-,to see,SP_SE,SP_SE,Sense Perception — to See,0.464,SP_LO,Sense Perception — to Look,0.391,SP_SW,Sense Perception — to Show,0.385
PDR682,*kār-,to gnaw,TI_FI,TI_FI,Time — to Finish,0.297,WH_CL,Warfare & Hunting — Club,0.271,WH_GN,Warfare & Hunting — General,0.268
PDR683,*kā̆r-[ɣ-],1 salty 2 pungent,FD_SL,FD_SL,Food & Drink — Salt,0.497,SP_SA,Sense Perception — Salty,0.418,SP_TO,"Sense Perception — Taste (n, subj)",0.345
PDR684,*kāv-,carrying yoke,MO_YO,MO_YO,Motion & Transportation — Yoke,0.658,MO_CA,"Motion & Transportation — to Bear, Carry",0.399,PT_CO,Possession & Trade — Coin,0.311
PDR685,*kāv-i,red ochre,SP_RD,SP_RD,Sense Perception — Red,0.431,CA_DY,Clothing & Adornment — to Dye,0.347,CA_LA,Clothing & Adornment — Lace,0.315
PDR686,*kāẓud-,donkey,AN_AD,AN_AD,"Animals — Ass, Donkey",0.704,AN_SN,Animals — Stallion,0.585,AN_MU,Animals — Mule,0.565
PDR687,*ke-,dark red,SP_RD,SP_RD,Sense Perception — Red,0.548,SP_DC,Sense Perception — Dark in Color,0.525,SP_CO,Sense Perception — Color,0.472
PDR688,*keḍ-,to lie (down),EM_LI,EM_LI,"Emotion — Lie, Falsehood",0.455,EM_CW,"Emotion — to Cry, Weep",0.313,EM_DC,Emotion — Deceit,0.297
PDR689,*keḍ- (*k̂-?),"bush, shrub",AV_PN,AV_PN,"Agriculture & Vegetation — Plant, Herb",0.432,AV_BI,Agriculture & Vegetation — Birch,0.431,AN_MK,Animals — Monkey,0.418
PDR690,*ked_-,"to close, shut",SR_SH,SR_SH,"Spatial Relations — to Shut, Close",0.467,TI_FI,Time — to Finish,0.451,TI_CE,Time — to Cease,0.391
PDR691,*kej-,field,PW_PF,PW_PF,"Physical World — Plain, Field",0.430,PT_GI,Possession & Trade — to Give,0.321,PT_HA,Possession & Trade — to Have,0.318
PDR692,*kej-,to do,TI_FI,TI_FI,Time — to Finish,0.384,EM_PL,Emotion — to Please,0.341,AN_HU,Animals — to Hunt,0.320
PDR693,*kejḷ-,1 to say; to be understood 2 to hear,SP_HE,SP_HE,Sense Perception — to Hear,0.491,LM_ST,"Language & Music — to Speak, Talk",0.489,MT_UN,Mind & Thought — to Understand,0.485
PDR694,*kel-,feather,BP_FE,BP_FE,Body Parts & Functions — Feather,0.606,AN_HN,Animals — Hen,0.558,AN_GS,Animals — Goose,0.508
PDR695,*kèl-,side,EM_GD,EM_GD,Emotion — Good,0.376,EM_HH,Emotion — Happy; Happiness,0.348,EM_RI,Emotion — Right (adj),0.339
PDR696,*ken-,cheek; temple,BP_CK,BP_CK,Body Parts & Functions — Cheek,0.566,RB_TM,Religion & Beliefs — Temple,0.509,EM_LS,"Emotion — to Laugh, Smile",0.373
PDR697,*keṇ-,"to arouse, irritate; to have sexual intercourse",BP_SI,BP_SI,Body Parts & Functions — to have Sexual Intercourse,0.556,EM_AG,Emotion — Anger,0.473,EM_DE,Emotion — to Desire,0.466
PDR698,*ker-,to warm by the fire,TI_WI,TI_WI,Time — Winter,0.452,PW_BU,"Physical World — to Burn, Scorch",0.444,PW_FI,Physical World — Fire (n),0.418
PDR699,*ker-,to scratch,PA_NA,PA_NA,"Physical Acts & Materials — Nail, Peg",0.375,TI_FI,Time — to Finish,0.367,PA_RU,Physical Acts & Materials — to Rub,0.359
PDR700,*Kerŋ-,feather,BP_FE,BP_FE,Body Parts & Functions — Feather,0.606,AN_HN,Animals — Hen,0.558,AN_GS,Animals — Goose,0.508
PDR701,*ker_-,"to kill, destroy",BP_KI,BP_KI,Body Parts & Functions — to Kill,0.556,WH_SU,Warfare & Hunting — to Surrender,0.508,PT_DE,Possession & Trade — to Destroy,0.494
PDR702,*kesar_- (*-i-),"mud, mire",PW_MU,PW_MU,"Physical World — Mud, Mire",0.722,PW_SA,"Physical World — Sand, Grit",0.413,PW_CL,"Physical World — Cloud, Mirk",0.376
PDR703,*kev-,ear,BP_EA,BP_EA,Body Parts & Functions — Ear,0.665,SP_HG,Sense Perception — Hearing (n),0.513,SP_SO,Sense Perception — Sound (n),0.414
PDR704,*kē-,to lie,EM_LI,EM_LI,"Emotion — Lie, Falsehood",0.498,MT_BE,Mind & Thought — to Believe,0.351,EM_DC,Emotion — Deceit,0.326
PDR705,*kēɣ-,"magpie, snipe",AN_BI,AN_BI,Animals — Bird,0.331,AN_MK,Animals — Monkey,0.319,AN_GE,Animals — Gelding,0.316
PDR706,*kēkVl (?),earth,PW_EL,PW_EL,"Physical World — Earth, Land",0.672,PW_GS,"Physical World — Ground, Soil",0.523,PW_SK,"Physical World — Sky, Heavens",0.520
PDR707,*kēḷ-,"to be friends with, ramify, multiply (as families)",SO_FR,SO_FR,Social Relations — Friend,0.457,SO_JJ,Social Relations — Prince,0.405,SO_CM,Social Relations — Companion,0.399
PDR708,*kēnd- (?),feather,BP_FE,BP_FE,Body Parts & Functions — Feather,0.606,AN_HN,Animals — Hen,0.558,AN_GS,Animals — Goose,0.508
PDR709,*kēnd- (?),"to possess, buy",PT_OP,PT_OP,"Possession & Trade — to Own, Possess",0.794,PT_BU,Possession & Trade — to Buy,0.707,PT_GO,"Possession & Trade — to Get, Obtain",0.691
PDR710,*kēr-,side,EM_GD,EM_GD,Emotion — Good,0.376,EM_HH,Emotion — Happy; Happiness,0.348,EM_RI,Emotion — Right (adj),0.339
PDR711,*kēr-,to shout; to crow,LM_SC,LM_SC,"Language & Music — to Shout, Cry Out",0.426,WH_FI,Warfare & Hunting — to Fight,0.424,AN_CK,"Animals — Cock, Rooster",0.420
PDR712,*kēr-,to sing; to tell,LM_SG,LM_SG,Language & Music — to Sing,0.669,LM_ST,"Language & Music — to Speak, Talk",0.510,LM_AN,Language & Music — to Announce,0.471
PDR713,*kēr-,to lean against,BP_SD,BP_SD,Body Parts & Functions — Shoulder,0.330,CA_SN,Clothing & Adornment — to Spin,0.317,MO_PS,"Motion & Transportation — to Push, Shove",0.315
PDR714,*kēs-,to shave,BP_BE,BP_BE,Body Parts & Functions — Beard,0.493,BP_HA,Body Parts & Functions — Hair,0.446,CA_RA,Clothing & Adornment — Razor,0.427
PDR715,*kēs- (?),neck,BP_NK,BP_NK,Body Parts & Functions — Neck,0.703,BP_SK,Body Parts & Functions — Skull,0.451,BP_BE,Body Parts & Functions — Beard,0.430
PDR716,*kēs-[mb-],a kind of yam,BP_YG,BP_YG,"Body Parts & Functions — to Gape, Yawn",0.277,FD_AP,Food & Drink — Apple,0.274,AN_SO,Animals — Sow,0.270
PDR717,*kic-,to pinch,BP_NA,BP_NA,"Body Parts & Functions — Nail, Claw",0.353,BP_TM,Body Parts & Functions — Thumb,0.352,BP_FI,Body Parts & Functions — Finger,0.341
PDR718,*kiḍ-,spark,PW_FL,PW_FL,Physical World — Flame (n),0.330,PW_LI,"Physical World — Flash, Lightning",0.330,PW_FI,Physical World — Fire (n),0.329
PDR719,*kil-,to cry; to sound,EM_CW,EM_CW,"Emotion — to Cry, Weep",0.710,LM_SC,"Language & Music — to Shout, Cry Out",0.650,LM_VC,Language & Music — Various Cries,0.584
PDR720,*kil-,small,QN_LF,QN_LF,"Quantity & Number — Few, Little",0.423,SR_SZ,Spatial Relations — Size (n),0.327,BP_PE,Body Parts & Functions — Penis,0.288
PDR721,*kiḷ-,parrot,AN_BI,AN_BI,Animals — Bird,0.658,AN_CK,"Animals — Cock, Rooster",0.536,AN_HN,Animals — Hen,0.489
PDR722,*kiḷ-,"rust, verdigris",WH_SW,WH_SW,Warfare & Hunting — Sword,0.345,WH_FT,Warfare & Hunting — Fortress,0.331,AN_WO,Animals — Wolf,0.308
PDR723,*kIḷ-,"to dig up, stir",AV_DI,AV_DI,"Agriculture & Vegetation — to Dig, Delve",0.448,FD_GR,Food & Drink — to Grind,0.335,AV_SH,Agriculture & Vegetation — Shovel (n),0.313
PDR724,*kin-,cold,TI_WI,TI_WI,Time — Winter,0.572,SP_CD,"Sense Perception — Cold, Frigid",0.460,PW_IC,"Physical World — Ice, Frost",0.439
PDR725,*kin-,to be angry,EM_AG,EM_AG,Emotion — Anger,0.623,EM_RF,"Emotion — Rage, Fury",0.525,EM_PL,Emotion — to Please,0.498
PDR726,*kind-,to sprinkle,FD_KD,FD_KD,Food & Drink — to Knead,0.351,BP_SP,Body Parts & Functions — to Spit,0.320,FD_SU,"Food & Drink — to Suck, Suckle",0.319
PDR727,"*kinḍ-, *kenḍ-",to cut up; to dig in,AV_DI,AV_DI,"Agriculture & Vegetation — to Dig, Delve",0.449,TI_FI,Time — to Finish,0.347,FD_GR,Food & Drink — to Grind,0.340
PDR728,*kipr-,"shell, skull",BP_SK,BP_SK,Body Parts & Functions — Skull,0.631,BP_HE,Body Parts & Functions — Head,0.452,BP_FO,Body Parts & Functions — Forehead,0.444
PDR729,*kir-,ear,BP_EA,BP_EA,Body Parts & Functions — Ear,0.665,SP_HG,Sense Perception — Hearing (n),0.513,SP_SO,Sense Perception — Sound (n),0.414
PDR730,*kir_-,1 small 2 young,TI_YG,TI_YG,Time — Young,0.371,QN_LF,"Quantity & Number — Few, Little",0.369,QN_ON,Quantity & Number — One,0.345
PDR731,*kir_-,"anger, angry; displeased",EM_AG,EM_AG,Emotion — Anger,0.700,EM_RF,"Emotion — Rage, Fury",0.637,EM_HT,Emotion — Hate (n),0.575
PDR732,*kir_l-,wrist,CA_BR,CA_BR,"Clothing & Adornment — Armband, Bracelet",0.507,BP_HN,Body Parts & Functions — Hand,0.504,BP_FI,Body Parts & Functions — Finger,0.479
PDR733,*kit-,to tickle,BP_LC,BP_LC,Body Parts & Functions — to Lick,0.374,BP_BI,Body Parts & Functions — to Bite,0.373,CA_NE,Clothing & Adornment — Needle,0.358
PDR734,*Kiṭ-,to touch; near,SP_TV,SP_TV,Sense Perception — to Touch,0.597,SP_TC,Sense Perception — Touch (n),0.547,SR_NE,Spatial Relations — Near (adj),0.491
PDR735,*kiẓ[i]-,to pluck,AV_PL,AV_PL,Agriculture & Vegetation — to Plow; Plow,0.419,AV_FO,Agriculture & Vegetation — Fork (tool),0.325,BP_SP,Body Parts & Functions — to Spit,0.322
PDR736,*kīd_- (*-r_-),to tear; to slash,PA_TE,PA_TE,Physical Acts & Materials — to Tear,0.559,EM_TR,Emotion — Tear (n),0.516,EM_CW,"Emotion — to Cry, Weep",0.468
PDR737,*kīḷ-,"to rend, split",PA_SP,PA_SP,Physical Acts & Materials — to Split,0.401,PA_CU,Physical Acts & Materials — to Cut,0.325,PT_ST,Possession & Trade — to Steal,0.306
PDR738,*kīp-,comb; to comb,CA_CB,CA_CB,Clothing & Adornment — Comb,0.647,TI_FI,Time — to Finish,0.339,BP_HA,Body Parts & Functions — Hair,0.308
PDR739,*kīr-,"herbs, greens",AV_PN,AV_PN,"Agriculture & Vegetation — Plant, Herb",0.628,FD_VE,Food & Drink — Vegetables,0.539,AV_LE,Agriculture & Vegetation — Leaf,0.481
PDR740,*Kīr-,to be cold,TI_WI,TI_WI,Time — Winter,0.541,SP_CD,"Sense Perception — Cold, Frigid",0.412,PW_IC,"Physical World — Ice, Frost",0.392
PDR741,*kīr_- (*-d_-),"to cry, call",EM_CW,EM_CW,"Emotion — to Cry, Weep",0.625,EM_PL,Emotion — to Please,0.462,EM_TR,Emotion — Tear (n),0.459
PDR742,*kīẓ-,lower; beneath,SR_BO,SR_BO,Spatial Relations — Bottom,0.375,SR_LO,Spatial Relations — Low,0.337,SR_HW,"Spatial Relations — Hollow, Concave",0.314
PDR743,*kīẓ-,old,TI_OL,TI_OL,Time — Old,0.622,TI_AG,Time — Age,0.560,TI_YG,Time — Young,0.481
PDR744,*kobbar-,"coconut kernel, copra",AV_ST,AV_ST,Agriculture & Vegetation — Smoke (Tobacco),0.361,FD_BN,Food & Drink — Bean,0.360,AV_TO,Agriculture & Vegetation — Tobacco,0.355
PDR745,*kod-,to boil; to reduce to pulp,FD_BO,FD_BO,Food & Drink — to Boil (trans,0.626,FD_GR,Food & Drink — to Grind,0.487,MO_BO,Motion & Transportation — to Boil (intrans,0.440
PDR746,*koḍ-,"1 crook, curve 2 sickle",SR_HK,SR_HK,"Spatial Relations — Hook, Crook",0.372,AV_SI,"Agriculture & Vegetation — Scythe, Sickle",0.325,LM_PC,Language & Music — Pencil,0.246
PDR747,*koḍ-,"point, peak",PW_MH,PW_MH,"Physical World — Hill, Mountain",0.353,SR_PO,Spatial Relations — Point,0.346,WH_TW,Warfare & Hunting — Tower,0.299
PDR748,*koḍ-,to give (to 3rd person),PT_GI,PT_GI,Possession & Trade — to Give,0.469,PT_BG,Possession & Trade — Beggar,0.382,QN_TH,Quantity & Number — Three,0.371
PDR749,*kod_-,hen,AN_HN,AN_HN,Animals — Hen,0.722,AN_HC,"Animals — Hen, Chicken (generic)",0.555,AN_CK,"Animals — Cock, Rooster",0.490
PDR750,*kod_-,to bite,BP_BI,BP_BI,Body Parts & Functions — to Bite,0.673,AN_HU,Animals — to Hunt,0.487,BP_LC,Body Parts & Functions — to Lick,0.445
PDR751,*kod_l-,millet,FD_ML,FD_ML,Food & Drink — Mill,0.626,AV_GG,"Agriculture & Vegetation — Grain (generic, British Corn)",0.355,FD_SP,Food & Drink — Spoon,0.328
PDR752,*koɣ-,child,AN_KI,AN_KI,Animals — Kid,0.572,MK_CH,Mankind — Child,0.482,MK_DA,Mankind — Daughter,0.437
PDR753,*koj-,to reap,TI_AN,TI_AN,Time — Again,0.348,WH_SU,Warfare & Hunting — to Surrender,0.332,PT_GB,"Possession & Trade — to Return, Give Back",0.317
PDR754,*koj-,stick,PW_MT,PW_MT,"Physical World — Match, Fire Stick",0.447,FD_PA,Food & Drink — Pan,0.298,FD_BT,Food & Drink — Butter,0.293
PDR755,*Koj (?),smoke,PW_SM,PW_SM,Physical World — Smoke (n),0.610,AV_ST,Agriculture & Vegetation — Smoke (Tobacco),0.479,EM_AG,Emotion — Anger,0.366
PDR756,*kok-,"beak, bill",AN_BI,AN_BI,Animals — Bird,0.535,AN_DU,Animals — Duck,0.508,FD_PJ,"Food & Drink — Jug, Pitcher",0.420
PDR757,*kol-,to kill,BP_KI,BP_KI,Body Parts & Functions — to Kill,0.575,WH_FI,Warfare & Hunting — to Fight,0.480,AN_HU,Animals — to Hunt,0.470
PDR758,*kol-,to forge,PA_FG,PA_FG,Physical Acts & Materials — to Forge,0.578,PT_SE,Possession & Trade — to Seek,0.394,PT_RE,Possession & Trade — to Restore,0.384
PDR759,*koḷ-,horse gram,AN_HO,AN_HO,Animals — Horse (generic),0.565,AN_FC,"Animals — Foal, Colt",0.462,AN_PS,Animals — Pasture,0.456
PDR760,*koḷ-,firebrand,PW_FI,PW_FI,Physical World — Fire (n),0.421,PW_MT,"Physical World — Match, Fire Stick",0.391,PW_FL,Physical World — Flame (n),0.389
PDR761,*Kol-,"to bend, curve",PA_BN,PA_BN,Physical Acts & Materials — to Bend,0.565,PA_SR,Physical Acts & Materials — to Stretch,0.347,PA_SS,"Physical Acts & Materials — Shears, Scissors",0.316
PDR762,*kol-,"valley, bay",PW_VA,PW_VA,"Physical World — Dale, Valley",0.501,PW_GB,"Physical World — Gulf, Bay",0.475,PW_SH,"Physical World — Shore, Beach",0.457
PDR763,*kol- (?),tail,BP_TA,BP_TA,Body Parts & Functions — Tail,0.642,AN_MU,Animals — Mule,0.359,BP_HO,Body Parts & Functions — Horn,0.343
PDR764,*kom-,branch; horn,BP_HO,BP_HO,Body Parts & Functions — Horn,0.483,AV_BN,Agriculture & Vegetation — Branch,0.435,WH_BW,Warfare & Hunting — Bow,0.350
PDR765,*komb- (?),far,SR_FR,SR_FR,Spatial Relations — Far (adj),0.398,TI_LS,Time — to Last,0.346,TI_FI,Time — to Finish,0.326
PDR766,*kon-,"tip, end",TI_FI,TI_FI,Time — to Finish,0.424,TI_LS,Time — to Last,0.383,TI_EN,"Time — End (n, temporal)",0.380
PDR767,*ko(n)c-,"little, few; small; mean, humble",QN_LF,QN_LF,"Quantity & Number — Few, Little",0.649,QN_CW,Quantity & Number — Other Collective Words,0.324,EM_TC,"Emotion — Timid, Cowardly",0.310
PDR768,*kond-,dumb,MT_FS,MT_FS,"Mind & Thought — Stupid, Foolish",0.348,AN_DU,Animals — Duck,0.298,AN_AD,"Animals — Ass, Donkey",0.276
PDR769,*konḍ-,tuft of hair; knob,BP_HA,BP_HA,Body Parts & Functions — Hair,0.477,CA_CB,Clothing & Adornment — Comb,0.403,CA_SP,Clothing & Adornment — Spindle,0.360
PDR770,*kond_-,hill,PW_MH,PW_MH,"Physical World — Hill, Mountain",0.651,AN_BA,Animals — Barrow,0.345,PW_VA,"Physical World — Dale, Valley",0.345
PDR771,*koŋ(k)-,"woman's breast, nipple",BP_BW,BP_BW,Body Parts & Functions — Breast of Woman,0.727,CA_WD,Clothing & Adornment — Woman's Dress,0.430,BP_FC,Body Parts & Functions — Front of Chest,0.429
PDR772,*kop-,topknot of hair,BP_HA,BP_HA,Body Parts & Functions — Hair,0.525,CA_CB,Clothing & Adornment — Comb,0.381,BP_FO,Body Parts & Functions — Forehead,0.364
PDR773,*kop-,women's ornament,MK_FS,MK_FS,Mankind — Female,0.530,AN_FE,Animals — Female Animal,0.438,CA_WD,Clothing & Adornment — Woman's Dress,0.432
PDR774,*Kopaḷ- (*-u-),"blister, bubble",CA_PI,CA_PI,"Clothing & Adornment — Pin, Brooch",0.325,CA_SA,Clothing & Adornment — Soap,0.313,CA_SP,Clothing & Adornment — Spindle,0.298
PDR775,*kor- (*-u-),mud,PW_MU,PW_MU,"Physical World — Mud, Mire",0.580,PW_SA,"Physical World — Sand, Grit",0.462,PW_DU,"Physical World — Dust, Powder",0.357
PDR776,*korŋ-,"crane, heron",AN_BI,AN_BI,Animals — Bird,0.467,AN_BA,Animals — Barrow,0.415,AN_CK,"Animals — Cock, Rooster",0.411
PDR777,*kor_-,sheep,AN_SH,AN_SH,Animals — Sheep,0.871,AN_LA,Animals — Lamb,0.728,AN_GO,Animals — Goat,0.635
PDR778,*kor_-,cold,TI_WI,TI_WI,Time — Winter,0.572,SP_CD,"Sense Perception — Cold, Frigid",0.460,PW_IC,"Physical World — Ice, Frost",0.439
PDR779,*kor_- (*-d_-),"anger, angrily",EM_AG,EM_AG,Emotion — Anger,0.757,EM_RF,"Emotion — Rage, Fury",0.630,EM_HT,Emotion — Hate (n),0.552
PDR780,*kos- (?),to burn,PW_BU,PW_BU,"Physical World — to Burn, Scorch",0.558,FD_RF,"Food & Drink — to Roast, Fry",0.375,LJ_AR,Law & Judgment — Arson,0.370
PDR781,*kot-,to peck,AN_CK,AN_CK,"Animals — Cock, Rooster",0.435,BP_LC,Body Parts & Functions — to Lick,0.402,AN_HN,Animals — Hen,0.374
PDR782,*kot- (?),new,TI_NW,TI_NW,Time — New,0.587,TI_OL,Time — Old,0.332,TI_NO,Time — Now,0.279
PDR783,*koṭ-,to dig; to peck; to break,AV_DI,AV_DI,"Agriculture & Vegetation — to Dig, Delve",0.526,BP_LC,Body Parts & Functions — to Lick,0.418,PT_SG,"Possession & Trade — to Grasp, Seize, Take Hold of",0.383
PDR784,*kovanS-,spider,AN_IN,AN_IN,Animals — Insect,0.486,AN_SK,Animals — Snake,0.434,AN_WO,Animals — Wolf,0.410
PDR785,*koẓ-,"tube, pipe; hole, pit",AN_MU,AN_MU,Animals — Mule,0.327,BP_SP,Body Parts & Functions — to Spit,0.301,MO_FL,Motion & Transportation — to Flow,0.279
PDR786,"*koẓ-, *koṇ-",to buy; to take,PT_BU,PT_BU,Possession & Trade — to Buy,0.589,PT_TA,Possession & Trade — to Take,0.577,PT_SE,Possession & Trade — to Seek,0.570
PDR787,*Koẓŋ-,neck; Adam's apple,FD_AP,FD_AP,Food & Drink — Apple,0.482,BP_NK,Body Parts & Functions — Neck,0.479,MK_CO,Mankind — Cousin,0.343
PDR788,*koẓv-,fat,BP_LI,BP_LI,Body Parts & Functions — Lip,0.428,FD_BT,Food & Drink — Butter,0.387,FD_HU,Food & Drink — Hunger (n),0.349
PDR789,*kō-,"to string, insert, thread",CA_TH,CA_TH,Clothing & Adornment — Thread,0.304,FD_MV,Food & Drink — to Milk,0.227,PA_PR,Physical Acts & Materials — to Press,0.225
PDR790,*kō-,"1 king 2 palace, temple 3 high",RB_TM,RB_TM,Religion & Beliefs — Temple,0.465,DF_DG,"Dwellings & Furniture — Door, Gate",0.328,SO_KK,Social Relations — King,0.306
PDR791,*kōc- (?),bone,BP_BN,BP_BN,Body Parts & Functions — Bone,0.650,BP_NA,"Body Parts & Functions — Nail, Claw",0.451,BP_TE,Body Parts & Functions — Toe,0.395
PDR792,*kōḍ-,"bull, cow",AN_BU,AN_BU,Animals — Bull,0.780,AN_CO,Animals — Cow,0.746,AN_CB,"Animals — Cattle, Bovines",0.643
PDR793,*kōḍ-,horn,BP_HO,BP_HO,Body Parts & Functions — Horn,0.579,WH_BW,Warfare & Hunting — Bow,0.380,AN_MU,Animals — Mule,0.352
PDR794,*kōḍ- (?),to lie down,EM_LI,EM_LI,"Emotion — Lie, Falsehood",0.362,BP_BD,Body Parts & Functions — to Bury the Dead,0.305,BP_SL,Body Parts & Functions — to Sleep; Sleep,0.301
PDR795,*kōl-,stick,PW_MT,PW_MT,"Physical World — Match, Fire Stick",0.447,FD_PA,Food & Drink — Pan,0.298,FD_BT,Food & Drink — Butter,0.293
PDR796,*kōl-,"largeness, big",SR_XL,SR_XL,"Spatial Relations — Big, Large, Great",0.419,SR_SZ,Spatial Relations — Size (n),0.400,QN_MM,"Quantity & Number — Much, Many",0.375
PDR797,*Kōḷ-,calumny; abuse,EM_TC,EM_TC,"Emotion — Timid, Cowardly",0.312,EM_SH,Emotion — Shame (n),0.287,PT_AS,"Possession & Trade — Stingy, Avaricious",0.281
PDR798,*kōl-,"belly, womb",BP_WO,BP_WO,Body Parts & Functions — Womb,0.734,BP_BS,"Body Parts & Functions — Belly, Stomach",0.694,BP_NV,Body Parts & Functions — Navel,0.629
PDR799,*kōṇ-,1 corner 2 crooked,SR_CN,SR_CN,"Spatial Relations — Angle, Corner",0.487,SR_CR,Spatial Relations — Crooked,0.434,SR_RO,Spatial Relations — Round (adj),0.334
PDR800,*kōnḍ-,"hook, curved",PA_BN,PA_BN,Physical Acts & Materials — to Bend,0.399,SR_HK,"Spatial Relations — Hook, Crook",0.396,PA_RC,"Physical Acts & Materials — Rope, Cord",0.367
PDR801,*kōnd-,bull,AN_BU,AN_BU,Animals — Bull,0.791,AN_BR,Animals — Bear,0.518,AN_CO,Animals — Cow,0.497
PDR802,*kōnt-,monkey,AN_MK,AN_MK,Animals — Monkey,0.838,AN_EL,Animals — Elephant,0.459,AN_LN,Animals — Lion,0.448
PDR803,*kōp-,to tend cattle,AN_PV,AN_PV,Animals — to Pasture,0.623,AN_CB,"Animals — Cattle, Bovines",0.581,AN_LI,Animals — Livestock,0.554
PDR804,*kōr-,"to drink, eat (greedily)",FD_EA,FD_EA,Food & Drink — to Eat,0.691,FD_DR,Food & Drink — to Drink,0.668,FD_HU,Food & Drink — Hunger (n),0.615
PDR805,"*kōr-, *kUSar-","to desire, wish; bonus",EM_DE,EM_DE,Emotion — to Desire,0.651,EM_WW,"Emotion — to Will, Wish",0.619,EM_DA,Emotion — to Dare,0.471
PDR806,*kōr_-,"1 to scratch 2 tusk, fang",TI_FI,TI_FI,Time — to Finish,0.288,BP_BI,Body Parts & Functions — to Bite,0.287,PW_AS,Physical World — Ash(es),0.282
PDR807,*kōṭ-ai,"fort, fortress",WH_FT,WH_FT,Warfare & Hunting — Fortress,0.668,WH_TW,Warfare & Hunting — Tower,0.445,WH_SH,Warfare & Hunting — Shield,0.396
PDR808,*kō(v)-,"up, high; mountain",PW_MH,PW_MH,"Physical World — Hill, Mountain",0.505,WH_TW,Warfare & Hunting — Tower,0.337,MO_RL,"Motion & Transportation — to Lift, Raise",0.337
PDR809,*kō̆ẓ-,young; sprout,TI_YG,TI_YG,Time — Young,0.487,TI_AG,Time — Age,0.368,AN_KI,Animals — Kid,0.325
PDR810,*kōẓ-i,fowl,AN_GS,AN_GS,Animals — Goose,0.567,AN_FC,"Animals — Foal, Colt",0.546,AN_HN,Animals — Hen,0.508
PDR811,*kuc-,"tassel, tuft; cluster",MO_HP,MO_HP,"Motion & Transportation — Port, Harbor",0.305,PW_VA,"Physical World — Dale, Valley",0.290,SO_CI,"Social Relations — Town, City",0.286
PDR812,*kud-,"to shake, agitate; to jump",MO_SH,MO_SH,Motion & Transportation — to Shake,0.590,MO_JL,"Motion & Transportation — to Jump, Leap",0.552,MO_DA,Motion & Transportation — to Dance,0.447
PDR813,*kùḍ-,"pot, bowl",FD_BW,FD_BW,Food & Drink — Bowl,0.741,FD_PO,Food & Drink — Pot,0.708,FD_KE,Food & Drink — Kettle,0.566
PDR814,*kudal-,a k. of tree,PW_TR,PW_TR,"Physical World — Tree, Oak",0.554,AV_TR,Agriculture & Vegetation — Tree (generic),0.528,PW_WF,"Physical World — Woods, Forest",0.425
PDR815,*kuḍ-i-,to drink,FD_DR,FD_DR,Food & Drink — to Drink,0.757,FD_EA,Food & Drink — to Eat,0.647,FD_BB,Food & Drink — Beer,0.594
PDR816,*kudir-,horse,AN_HO,AN_HO,Animals — Horse (generic),0.780,AN_SN,Animals — Stallion,0.739,AN_MR,Animals — Mare,0.705
PDR817,*kudir-,"to settle, fix, adjust",LJ_FI,LJ_FI,"Law & Judgment — Fine, Settlement",0.342,EM_FG,Emotion — to Forgive,0.331,BP_EL,Body Parts & Functions — Elbow,0.278
PDR818,"*kUd-, *kUd-al-","to prattle, mumble",LM_SC,LM_SC,"Language & Music — to Shout, Cry Out",0.347,TI_HH,"Time — to Hurry, Hasten",0.339,LM_BO,Language & Music — to Boast,0.335
PDR819,*kud_-,"to cut, fell",PA_CU,PA_CU,Physical Acts & Materials — to Cut,0.437,PA_SS,"Physical Acts & Materials — Shears, Scissors",0.412,FD_KN,Food & Drink — Knife,0.409
PDR820,*kud_uŋ-,thigh,BP_LE,BP_LE,Body Parts & Functions — Leg,0.556,BP_KN,Body Parts & Functions — Knee,0.503,BP_FT,Body Parts & Functions — Foot,0.459
PDR821,*kuɣ-il-,Indian cuckoo,AN_BI,AN_BI,Animals — Bird,0.458,AN_PU,Animals — Puppy,0.412,AN_RA,Animals — Ram,0.374
PDR822,*kuK-,"to sit, squat",BP_KN,BP_KN,Body Parts & Functions — Knee,0.474,BP_LE,Body Parts & Functions — Leg,0.452,BP_FT,Body Parts & Functions — Foot,0.416
PDR823,*kuk- (?),head,BP_HE,BP_HE,Body Parts & Functions — Head,0.583,BP_FO,Body Parts & Functions — Forehead,0.567,BP_SK,Body Parts & Functions — Skull,0.483
PDR824,*kul-,1 to shake 2 to fear,MO_SH,MO_SH,Motion & Transportation — to Shake,0.473,EM_FF,"Emotion — Fear, Fright",0.465,EM_DA,Emotion — to Dare,0.342
PDR825,*kUḷ-,"pond, vessel; to run, leak from a vessel",PW_LA,PW_LA,"Physical World — Lake, Pond",0.549,MO_BT,Motion & Transportation — Boat,0.401,PW_RS,"Physical World — Brook, Stream, River",0.381
PDR826,*kul-,"stalk, stem",AV_SS,AV_SS,Agriculture & Vegetation — to Sow; Seed,0.343,AV_RS,Agriculture & Vegetation — Rose,0.328,AV_FU,Agriculture & Vegetation — Furrow (n),0.328
PDR827,*kuḷ-,"to bathe, wash",PA_WA,PA_WA,Physical Acts & Materials — to Wash,0.478,CA_TW,Clothing & Adornment — Towel,0.455,CA_SA,Clothing & Adornment — Soap,0.408
PDR828,*kuḷ-,short,SR_SS,SR_SS,Spatial Relations — Short,0.372,TI_MS,"Time — Minute, Second",0.345,TI_HR,Time — Hour,0.331
PDR829,*kuḷ- (?),cool,TI_NO,TI_NO,Time — Now,0.294,TI_HR,Time — Hour,0.281,TI_TM,Time — Tomorrow,0.270
PDR830,*kuḷ- (?),to sit,SR_SI,SR_SI,Spatial Relations — to Sit,0.479,DF_CR,Dwellings & Furniture — Chair,0.437,FD_EA,Food & Drink — to Eat,0.357
PDR831,*kulur-,crane,WH_TW,WH_TW,Warfare & Hunting — Tower,0.406,AN_BA,Animals — Barrow,0.395,AN_MU,Animals — Mule,0.383
PDR832,*kum-,"smell of embers, smoke",SP_BD,SP_BD,"Sense Perception — Stinking, Bad Smelling",0.538,SP_GS,"Sense Perception — Fragrant, Good Smelling",0.497,SP_SS,"Sense Perception — Smell (n, subj)",0.484
PDR833,*kUm-,a k. of basket,PA_BA,PA_BA,Physical Acts & Materials — Basket,0.440,PT_LO,Possession & Trade — to Lose,0.346,FD_PJ,"Food & Drink — Jug, Pitcher",0.339
PDR834,*Kun-,to dance,MO_DA,MO_DA,Motion & Transportation — to Dance,0.644,LM_SG,Language & Music — to Sing,0.430,LM_ST,"Language & Music — to Speak, Talk",0.419
PDR835,*kuń-,young of animal,AN_KI,AN_KI,Animals — Kid,0.701,AN_PU,Animals — Puppy,0.616,AN_AN,Animals — Animal,0.612
PDR836,*kund-,log; pillar,PW_AS,PW_AS,Physical World — Ash(es),0.332,PW_WD,"Physical World — Wood, Timber",0.308,WH_TW,Warfare & Hunting — Tower,0.295
PDR837,*kunḍ-,"buttock, anus",AN_AD,AN_AD,"Animals — Ass, Donkey",0.457,AN_RA,Animals — Ram,0.319,AN_DU,Animals — Duck,0.310
PDR838,*kun-i,bee,AN_BE,AN_BE,Animals — Bee,0.846,FD_HO,Food & Drink — Honey,0.454,AN_BR,Animals — Bear,0.448
PDR839,*kunt-/*kud-,"to sit, squat",BP_KN,BP_KN,Body Parts & Functions — Knee,0.474,BP_LE,Body Parts & Functions — Leg,0.452,BP_FT,Body Parts & Functions — Foot,0.416
PDR840,*kunṭ-,lame,EM_SA,EM_SA,Emotion — Sad,0.312,TI_AN,Time — Again,0.267,AN_DU,Animals — Duck,0.265
PDR841,*kup-,heap; stack,PW_MU,PW_MU,"Physical World — Mud, Mire",0.300,QN_MC,"Quantity & Number — Crowd, Multitude",0.299,AN_RA,Animals — Ram,0.289
PDR842,*kup-,hut; village,DF_HU,DF_HU,Dwellings & Furniture — Hut,0.721,DF_HO,Dwellings & Furniture — Home,0.398,DF_TE,Dwellings & Furniture — Tent,0.397
PDR843,*kup-,to jump,MO_JL,MO_JL,"Motion & Transportation — to Jump, Leap",0.650,MO_FY,Motion & Transportation — to Fly,0.410,MO_TH,Motion & Transportation — to Throw,0.382
PDR844,*kur-,"antelope, deer",AN_DE,AN_DE,Animals — Deer,0.723,AN_MU,Animals — Mule,0.499,AN_CO,Animals — Cow,0.492
PDR845,*kur-,"to shrink, wither",PT_MS,PT_MS,Possession & Trade — Miser,0.321,PA_SR,Physical Acts & Materials — to Stretch,0.313,TI_HH,"Time — to Hurry, Hasten",0.311
PDR846,*kur-,brilliancy; silver,PA_SI,PA_SI,Physical Acts & Materials — Silver,0.462,PA_CO,"Physical Acts & Materials — Copper, Bronze",0.364,PA_GO,Physical Acts & Materials — Gold,0.344
PDR847,*kur-,"seed, nut",FD_NT,FD_NT,Food & Drink — Nut,0.679,AV_SS,Agriculture & Vegetation — to Sow; Seed,0.518,AV_BR,Agriculture & Vegetation — Barley,0.389
PDR848,*kural-,voice; sound,LM_VO,LM_VO,Language & Music — Voice (n),0.696,LM_ST,"Language & Music — to Speak, Talk",0.564,LM_SG,Language & Music — to Sing,0.553
PDR849,*kurc-,stump,FD_KN,FD_KN,Food & Drink — Knife,0.345,AN_CN,Animals — Capon,0.315,BP_NV,Body Parts & Functions — Navel,0.300
PDR850,*kuriŋ-,bee,AN_BE,AN_BE,Animals — Bee,0.846,FD_HO,Food & Drink — Honey,0.454,AN_BR,Animals — Bear,0.448
PDR851,*kurk-,a k. of basket,PA_BA,PA_BA,Physical Acts & Materials — Basket,0.440,PT_LO,Possession & Trade — to Lose,0.346,FD_PJ,"Food & Drink — Jug, Pitcher",0.339
PDR852,*kùruḍ-,blind,SP_BR,SP_BR,Sense Perception — Bright,0.475,SP_SE,Sense Perception — to See,0.472,SP_SI,Sense Perception — Sight (subj),0.470
PDR853,*kurud-,blood; red colour,BP_BL,BP_BL,Body Parts & Functions — Blood,0.510,SP_RD,Sense Perception — Red,0.491,CA_DY,Clothing & Adornment — to Dye,0.415
PDR854,*kur[v]-,owl,AN_BI,AN_BI,Animals — Bird,0.538,AN_HN,Animals — Hen,0.490,AN_DU,Animals — Duck,0.483
PDR855,*kur[V]m-,spider,AN_IN,AN_IN,Animals — Insect,0.486,AN_SK,Animals — Snake,0.434,AN_WO,Animals — Wolf,0.410
PDR856,*kur-Vŋ-,"to bend, fall down",PA_BN,PA_BN,Physical Acts & Materials — to Bend,0.514,MO_FA,Motion & Transportation — to Fall,0.476,PA_SR,Physical Acts & Materials — to Stretch,0.353
PDR857,*kur_-,male calf; colt,AN_CF,AN_CF,Animals — Calf,0.633,AN_FC,"Animals — Foal, Colt",0.594,AN_SN,Animals — Stallion,0.520
PDR858,*kur_-,"to pound, pestle",PT_AS,PT_AS,"Possession & Trade — Stingy, Avaricious",0.332,AV_SI,"Agriculture & Vegetation — Scythe, Sickle",0.311,AN_PV,Animals — to Pasture,0.304
PDR859,*kur_- (*-d_-),small,QN_LF,QN_LF,"Quantity & Number — Few, Little",0.423,SR_SZ,Spatial Relations — Size (n),0.327,BP_PE,Body Parts & Functions — Penis,0.288
PDR860,*kùr_- (*-d_-),name of a mountain tribe,SO_TC,SO_TC,"Social Relations — Tribe, Clan, Family",0.482,PW_MH,"Physical World — Hill, Mountain",0.458,AN_BA,Animals — Barrow,0.366
PDR861,*kUr_aḍ- (*-d_-),"trunk, log, stump",BP_TA,BP_TA,Body Parts & Functions — Tail,0.404,PW_WD,"Physical World — Wood, Timber",0.382,AV_BN,Agriculture & Vegetation — Branch,0.377
PDR862,*kus-,potter caste,PA_PT,PA_PT,Physical Acts & Materials — Potter,0.512,RB_MW,"Religion & Beliefs — Magic, Witchcraft, Sorcery",0.410,RB_WS,"Religion & Beliefs — Witch, Sorceress",0.386
PDR863,*kuS-[Vr-],vegetables,FD_VE,FD_VE,Food & Drink — Vegetables,0.811,FD_CB,Food & Drink — Cabbage,0.592,FD_ON,Food & Drink — Onion,0.544
PDR864,*kut-,1 to pierce 2 to dig,WH_SP,WH_SP,Warfare & Hunting — Spear,0.368,AV_DI,"Agriculture & Vegetation — to Dig, Delve",0.329,BP_NA,"Body Parts & Functions — Nail, Claw",0.317
PDR865,*kut-,1 throat 2 neck,BP_TR,BP_TR,Body Parts & Functions — Throat,0.558,BP_NK,Body Parts & Functions — Neck,0.552,BP_MO,Body Parts & Functions — Mouth,0.358
PDR866,*kuṭ-,to sew,CA_SE,CA_SE,Clothing & Adornment — to Sew,0.699,CA_WE,Clothing & Adornment — to Weave,0.553,CA_CB,Clothing & Adornment — Comb,0.487
PDR867,*kuẓ-,"to rot, become soft",PA_TE,PA_TE,Physical Acts & Materials — to Tear,0.399,BP_BD,Body Parts & Functions — to Bury the Dead,0.368,PA_SR,Physical Acts & Materials — to Stretch,0.362
PDR868,*kuẓ-u-,to sink,MO_SI,MO_SI,Motion & Transportation — to Sink,0.543,BP_SP,Body Parts & Functions — to Spit,0.419,FD_BW,Food & Drink — Bowl,0.393
PDR869,*kū-,to call,LM_CS,LM_CS,"Language & Music — to Call, Summon",0.405,TI_FI,Time — to Finish,0.353,LM_CN,"Language & Music — to Call, Name",0.341
PDR870,*kūḍ-,to assemble,BP_AR,BP_AR,Body Parts & Functions — Arm,0.404,BP_EL,Body Parts & Functions — Elbow,0.375,PA_BU,Physical Acts & Materials — to Build,0.371
PDR871,*kūd-i,pudendum muliebre,AN_BU,AN_BU,Animals — Bull,0.330,AN_MU,Animals — Mule,0.315,AN_DO,Animals — Dog,0.309
PDR872,*kūl-,"wages, pay",PT_WA,PT_WA,"Possession & Trade — Pay, Wages",0.650,PT_PA,Possession & Trade — to Pay,0.505,PT_IN,Possession & Trade — Income,0.402
PDR873,*kūl-,to fall,MO_FA,MO_FA,Motion & Transportation — to Fall,0.547,TI_AU,Time — Autumn,0.422,MO_JL,"Motion & Transportation — to Jump, Leap",0.389
PDR874,*kūn-,mushroom,AN_DU,AN_DU,Animals — Duck,0.396,FD_PO,Food & Drink — Pot,0.362,FD_FO,Food & Drink — Fork,0.354
PDR875,*kūr-,boil,FD_BO,FD_BO,Food & Drink — to Boil (trans,0.777,FD_KE,Food & Drink — Kettle,0.619,MO_BO,Motion & Transportation — to Boil (intrans,0.551
PDR876,*kūr-,to bark; to sound,LM_SG,LM_SG,Language & Music — to Sing,0.479,LM_ST,"Language & Music — to Speak, Talk",0.450,LM_BS,Language & Music — to be Silent,0.442
PDR877,*kūr-,"to be abundant, in excess",QN_MM,QN_MM,"Quantity & Number — Much, Many",0.460,QN_EN,Quantity & Number — Enough,0.437,QN_MC,"Quantity & Number — Crowd, Multitude",0.426
PDR878,*kūr-,sharp,SP_SP,SP_SP,Sense Perception — Sharp,0.515,SP_LL,"Sense Perception — Dull, Blunt",0.428,FD_KN,Food & Drink — Knife,0.391
PDR879,*kūr-,"love, affection",EM_LO,EM_LO,Emotion — to Love; Love,0.688,EM_EF,"Emotion — Feeling, Emotion",0.582,EM_HH,Emotion — Happy; Happiness,0.561
PDR880,*kūr- (?),to sit,SR_SI,SR_SI,Spatial Relations — to Sit,0.479,DF_CR,Dwellings & Furniture — Chair,0.437,FD_EA,Food & Drink — to Eat,0.357
PDR881,*kūrn-,to sleep,BP_SL,BP_SL,Body Parts & Functions — to Sleep; Sleep,0.646,BP_WA,Body Parts & Functions — to Wake,0.438,TI_NG,Time — Night,0.410
PDR882,*kūẓ-,"wicked, cruel; rude",LJ_SW,LJ_SW,Law & Judgment — to Swear,0.382,EM_UG,Emotion — Ugly,0.357,EM_BD,Emotion — Bad,0.354
PDR883,*kūẓ-,rice porridge,FD_BW,FD_BW,Food & Drink — Bowl,0.495,AV_RI,Agriculture & Vegetation — Rice,0.493,FD_MF,"Food & Drink — Meal, Flour",0.486
PDR884,*k̂ac-,"dirt, impurity",PW_GS,PW_GS,"Physical World — Ground, Soil",0.405,PT_PO,Possession & Trade — Poor,0.405,PW_DU,"Physical World — Dust, Powder",0.397
PDR885,*k̂aḍ-,"calf, deer",AN_CF,AN_CF,Animals — Calf,0.835,AN_DE,Animals — Deer,0.777,AN_CO,Animals — Cow,0.686
PDR886,*k̂aḍ-,"bison, elk, deer",AN_DE,AN_DE,Animals — Deer,0.689,AN_BU,Animals — Bull,0.568,AN_CB,"Animals — Cattle, Bovines",0.567
PDR887,*k̂aḍ-a-,to cross,SR_CS,SR_CS,Spatial Relations — Cross (n),0.435,MO_SA,Motion & Transportation — to Sail,0.385,MO_FE,Motion & Transportation — to Flee,0.385
PDR888,*k̂amaṇ-,forest,PW_WF,PW_WF,"Physical World — Woods, Forest",0.702,PW_TR,"Physical World — Tree, Oak",0.563,AV_TR,Agriculture & Vegetation — Tree (generic),0.536
PDR889,*k̂aṬ-,to bite,BP_BI,BP_BI,Body Parts & Functions — to Bite,0.673,AN_HU,Animals — to Hunt,0.487,BP_LC,Body Parts & Functions — to Lick,0.445
PDR890,*k̂av-,bifurcation,MO_SH,MO_SH,Motion & Transportation — to Shake,0.328,AN_ST,"Animals — Stall, Stable",0.307,EM_RF,"Emotion — Rage, Fury",0.304
PDR891,*k̂ā-,to go,MO_GO,MO_GO,Motion & Transportation — to Go,0.485,TI_FI,Time — to Finish,0.478,TI_LS,Time — to Last,0.426
PDR892,*k̂āi-,to die,BP_DD,BP_DD,Body Parts & Functions — to Die; Dead; Death,0.556,BP_KI,Body Parts & Functions — to Kill,0.502,BP_LL,Body Parts & Functions — to Live; Living; Life,0.437
PDR893,*k̂eb-,to speak; to lecture,LM_ST,LM_ST,"Language & Music — to Speak, Talk",0.483,MT_TE,Mind & Thought — to Teach,0.411,RB_PC,Religion & Beliefs — to Preach,0.368
PDR894,*k̂eḍ-,to perish,TI_FI,TI_FI,Time — to Finish,0.405,LJ_PY,Law & Judgment — Perjury,0.379,TI_LS,Time — to Last,0.373
PDR895,*k̂edal-,white ant,AN_IN,AN_IN,Animals — Insect,0.454,AN_EL,Animals — Elephant,0.405,AN_BE,Animals — Bee,0.391
PDR896,*k̂erp-,"sandal, shoe",CA_SO,CA_SO,Clothing & Adornment — Shoe,0.493,PW_SA,"Physical World — Sand, Grit",0.482,CA_SC,"Clothing & Adornment — Cobbler, Shoemaker",0.400
PDR897,*k̂ēd_-,to winnow,WH_SU,WH_SU,Warfare & Hunting — to Surrender,0.361,AN_HU,Animals — to Hunt,0.356,WH_FI,Warfare & Hunting — to Fight,0.340
PDR898,*k̂ēt_-,winnowing fan,EM_PR,EM_PR,Emotion — Praise (n),0.346,EM_PD,Emotion — Proud,0.341,TI_SN,Time — Season,0.339
PDR899,*k̂ī-,pus; to rot,BP_ED,BP_ED,"Body Parts & Functions — to Void Excrement; Dung, Excrement",0.346,BP_VO,Body Parts & Functions — to Vomit,0.333,BP_BD,Body Parts & Functions — to Bury the Dead,0.311
PDR900,*k̂īnt-,date-palm,TI_MT,TI_MT,Time — Month,0.431,TI_NM,Time — Names of the Months,0.420,TI_YR,Time — Year,0.412
PDR901,*k̂oṭ-,1 shed 2 hamlet,DF_YR,DF_YR,"Dwellings & Furniture — Yard, Court",0.375,DF_TB,Dwellings & Furniture — Table,0.333,DF_RF,Dwellings & Furniture — Roof,0.298
PDR902,*k̂ōẓl-,to enter,MO_EN,MO_EN,Motion & Transportation — to Enter,0.513,DF_DG,"Dwellings & Furniture — Door, Gate",0.351,TI_FI,Time — to Finish,0.318
PDR903,*k̂uḍ-,to cook,FD_CO,FD_CO,Food & Drink — to Cook,0.693,FD_RF,"Food & Drink — to Roast, Fry",0.570,FD_BA,Food & Drink — to Bake,0.551
PDR904,*k̂um-,headpad; to carry (on head),BP_HE,BP_HE,Body Parts & Functions — Head,0.431,BP_FO,Body Parts & Functions — Forehead,0.407,BP_SK,Body Parts & Functions — Skull,0.367
PDR905,*k̂ur-,to shrink,PA_SR,PA_SR,Physical Acts & Materials — to Stretch,0.359,CA_WE,Clothing & Adornment — to Weave,0.300,CA_SE,Clothing & Adornment — to Sew,0.297
PDR906,*k̂ūr-[Vḷ-],"to revolve, twist",MO_BL,MO_BL,Motion & Transportation — to Blow,0.360,MO_TU,Motion & Transportation — to Turn,0.343,MO_TA,Motion & Transportation — to Turn Around,0.342
PDR907,*lāṭ- (?),long,TI_LS,TI_LS,Time — to Last,0.411,TI_HR,Time — Hour,0.394,TI_YR,Time — Year,0.379
PDR908,*leiŋ- (??),tail,BP_TA,BP_TA,Body Parts & Functions — Tail,0.642,AN_MU,Animals — Mule,0.359,BP_HO,Body Parts & Functions — Horn,0.343
PDR909,*mac-,spot,SR_PL,SR_PL,Spatial Relations — Place,0.346,SR_PO,Spatial Relations — Point,0.345,SR_HL,Spatial Relations — Hole,0.333
PDR910,*maḍ-,to fold,PA_FO,PA_FO,Physical Acts & Materials — to Fold,0.596,MO_WW,"Motion & Transportation — to Wind, Wrap",0.349,PA_BN,Physical Acts & Materials — to Bend,0.341
PDR911,*maḍ-,"1 tired, lazy 2 to lie down",BP_SL,BP_SL,Body Parts & Functions — to Sleep; Sleep,0.413,TI_HH,"Time — to Hurry, Hasten",0.336,MT_SE,Mind & Thought — to Seem,0.329
PDR912,*màḍ-,"stupid, ignorant; woman",MT_FS,MT_FS,"Mind & Thought — Stupid, Foolish",0.415,MK_FS,Mankind — Female,0.383,MK_WI,Mankind — Wife,0.368
PDR913,*màḍ-,cleanness; clean cloth,CA_CL,CA_CL,Clothing & Adornment — Cloth,0.628,CA_TW,Clothing & Adornment — Towel,0.597,PA_WA,Physical Acts & Materials — to Wash,0.584
PDR914,*maḍ-,"to die, perish",BP_DD,BP_DD,Body Parts & Functions — to Die; Dead; Death,0.490,BP_KI,Body Parts & Functions — to Kill,0.428,TI_FI,Time — to Finish,0.425
PDR915,*màḍ-,heel,CA_SO,CA_SO,Clothing & Adornment — Shoe,0.457,BP_FT,Body Parts & Functions — Foot,0.432,BP_TE,Body Parts & Functions — Toe,0.425
PDR916,*mads-,"intoxication, lust",EM_PA,EM_PA,Emotion — Passion,0.448,EM_SN,"Emotion — Sin, Impiety",0.443,EM_DE,Emotion — to Desire,0.426
PDR917,*màḍuv-,"pond, tank",PW_LA,PW_LA,"Physical World — Lake, Pond",0.668,AN_DU,Animals — Duck,0.443,AN_FI,Animals — Fish (n),0.421
PDR918,*mad_-,"next, following; then",SO_CR,SO_CR,"Social Relations — to Order, Command",0.398,TI_SI,"Time — Soon, Immediately",0.397,MO_FO,Motion & Transportation — to Follow,0.361
PDR919,*mad_-,1 to turn 2 to fall,MO_FA,MO_FA,Motion & Transportation — to Fall,0.458,QN_ON,Quantity & Number — One,0.408,MO_TU,Motion & Transportation — to Turn,0.406
PDR920,*màd_-,son,MK_SO,MK_SO,Mankind — Son,0.520,MK_BO,Mankind — Boy,0.436,MK_SL,Mankind — Son-in-Law,0.432
PDR921,*mad_[a]-,"to lose, be lost",PT_LO,PT_LO,Possession & Trade — to Lose,0.425,PT_LS,Possession & Trade — Loss,0.386,WH_SU,Warfare & Hunting — to Surrender,0.381
PDR922,*mad_Vk-,mango; mahua,FD_PC,FD_PC,Food & Drink — Peach,0.454,FD_FR,Food & Drink — Fruit,0.452,FD_AP,Food & Drink — Apple,0.386
PDR923,*mag-Vḍ-,to turn,MO_TU,MO_TU,Motion & Transportation — to Turn,0.559,MO_TA,Motion & Transportation — to Turn Around,0.535,MO_LE,Motion & Transportation — to Lead,0.379
PDR924,*maɣ1-,child,AN_KI,AN_KI,Animals — Kid,0.572,MK_CH,Mankind — Child,0.482,MK_DA,Mankind — Daughter,0.437
PDR925,*mai-,1 body 2 breast,BP_BW,BP_BW,Body Parts & Functions — Breast of Woman,0.703,BP_FC,Body Parts & Functions — Front of Chest,0.508,BP_BO,Body Parts & Functions — Body,0.500
PDR926,*mainil- (?),peacock,AN_BI,AN_BI,Animals — Bird,0.536,AN_HN,Animals — Hen,0.509,AN_GS,Animals — Goose,0.499
PDR927,*maj-,"1 mistake 2 bewilderment, intoxication 3 malt, beverage",FD_TH,FD_TH,Food & Drink — Thirst (n),0.464,FD_BB,Food & Drink — Beer,0.454,FD_DR,Food & Drink — to Drink,0.446
PDR928,*majir,hair,BP_HA,BP_HA,Body Parts & Functions — Hair,0.693,BP_BE,Body Parts & Functions — Beard,0.463,CA_CB,Clothing & Adornment — Comb,0.446
PDR929,*majnd-,1 dew 2 cloud,PW_CL,PW_CL,"Physical World — Cloud, Mirk",0.425,PW_MI,"Physical World — Mist, Fog, Haze",0.421,PW_DU,"Physical World — Dust, Powder",0.371
PDR930,*majṭ- (?),toe-ring,BP_TE,BP_TE,Body Parts & Functions — Toe,0.586,CA_FR,Clothing & Adornment — Finger Ring,0.562,BP_NA,"Body Parts & Functions — Nail, Claw",0.450
PDR931,*majṭ- (?),"step, stair; to trample, tread",MO_WA,MO_WA,Motion & Transportation — to Walk,0.556,MO_DA,Motion & Transportation — to Dance,0.511,MO_JL,"Motion & Transportation — to Jump, Leap",0.495
PDR932,*mak- (?),neck,BP_NK,BP_NK,Body Parts & Functions — Neck,0.703,BP_SK,Body Parts & Functions — Skull,0.451,BP_BE,Body Parts & Functions — Beard,0.430
PDR933,*mal-,to sleep,BP_SL,BP_SL,Body Parts & Functions — to Sleep; Sleep,0.646,BP_WA,Body Parts & Functions — to Wake,0.438,TI_NG,Time — Night,0.410
PDR934,*màl-,mountain,PW_MH,PW_MH,"Physical World — Hill, Mountain",0.696,WH_TW,Warfare & Hunting — Tower,0.390,PW_VA,"Physical World — Dale, Valley",0.389
PDR935,*mal-,"to abund; fertile, rich",PT_RC,PT_RC,Possession & Trade — Rich,0.475,PT_WR,"Possession & Trade — Wealth, Riches",0.457,MK_MR,"Mankind — to Wed, Marry",0.456
PDR936,*mal-,1 to roam 2 to turn,MO_TA,MO_TA,Motion & Transportation — to Turn Around,0.453,MO_TU,Motion & Transportation — to Turn,0.438,MO_RO,Motion & Transportation — to Roll,0.366
PDR937,*mal-,to open (as a flower),AV_FL,AV_FL,Agriculture & Vegetation — Flower,0.471,SR_OP,Spatial Relations — to Open,0.351,AV_RS,Agriculture & Vegetation — Rose,0.313
PDR938,*mal-,barren,PW_PF,PW_PF,"Physical World — Plain, Field",0.383,PW_RA,Physical World — Rain (n),0.363,MK_OR,Mankind — Orphan,0.356
PDR939,*mal-,"to shake, stir, agitate",MO_SH,MO_SH,Motion & Transportation — to Shake,0.511,FD_MX,"Food & Drink — to Mix, Blend",0.431,BP_SP,Body Parts & Functions — to Spit,0.383
PDR940,*mal-,to wrestle,MO_SW,MO_SW,Motion & Transportation — to Swim,0.341,AN_HU,Animals — to Hunt,0.318,MO_TH,Motion & Transportation — to Throw,0.317
PDR941,*màl-,"next, second",TI_MS,TI_MS,"Time — Minute, Second",0.430,TI_SI,"Time — Soon, Immediately",0.389,TI_LS,Time — to Last,0.371
PDR942,*mal- (?),[negative morpheme],EM_HT,EM_HT,Emotion — Hate (n),0.376,EM_BD,Emotion — Bad,0.361,EM_GD,Emotion — Good,0.335
PDR943,*malaŋ-,eel,AN_FM,AN_FM,Animals — Fisherman,0.523,AN_FI,Animals — Fish (n),0.452,AN_SK,Animals — Snake,0.417
PDR944,*man-,to be,TI_FI,TI_FI,Time — to Finish,0.344,TI_LS,Time — to Last,0.332,EM_LO,Emotion — to Love; Love,0.313
PDR945,*maṇ,"earth, clay",PA_CL,PA_CL,Physical Acts & Materials — Clay,0.629,PW_GS,"Physical World — Ground, Soil",0.563,PW_SA,"Physical World — Sand, Grit",0.539
PDR946,*maṇ-,"to unite, marry",MK_MR,MK_MR,"Mankind — to Wed, Marry",0.672,MK_MW,"Mankind — Wedding, Marriage",0.615,MK_WI,Mankind — Wife,0.481
PDR947,*màn-,"petition, prayer",RB_PY,RB_PY,Religion & Beliefs — to Pray,0.586,RB_BL,Religion & Beliefs — to Bless,0.426,RB_AL,Religion & Beliefs — Altar,0.324
PDR948,*man- (?),good,EM_GD,EM_GD,Emotion — Good,0.449,EM_BD,Emotion — Bad,0.319,TI_NO,Time — Now,0.272
PDR949,*maṇ- (?),wrist,CA_BR,CA_BR,"Clothing & Adornment — Armband, Bracelet",0.507,BP_HN,Body Parts & Functions — Hand,0.504,BP_FI,Body Parts & Functions — Finger,0.479
PDR950,*mand-,multitude; herd,QN_MC,QN_MC,"Quantity & Number — Crowd, Multitude",0.672,MK_SI,Mankind — Sister,0.364,AN_MU,Animals — Mule,0.362
PDR951,*manḍ-,to burn,PW_BU,PW_BU,"Physical World — to Burn, Scorch",0.558,FD_RF,"Food & Drink — to Roast, Fry",0.375,LJ_AR,Law & Judgment — Arson,0.370
PDR952,*manḍ-,knee,BP_KN,BP_KN,Body Parts & Functions — Knee,0.709,BP_LE,Body Parts & Functions — Leg,0.435,BP_FT,Body Parts & Functions — Foot,0.411
PDR953,*manḍ- (?),"1 bowl, jar 2 skull, head",BP_SK,BP_SK,Body Parts & Functions — Skull,0.453,FD_BW,Food & Drink — Bowl,0.450,FD_PJ,"Food & Drink — Jug, Pitcher",0.421
PDR954,*manḍ- (caus.*maṭ-),"close, crowded",QN_MC,QN_MC,"Quantity & Number — Crowd, Multitude",0.435,TI_FI,Time — to Finish,0.366,SR_SH,"Spatial Relations — to Shut, Close",0.359
PDR955,*maṇ-s-,man,MK_MA,MK_MA,Mankind — Man,0.538,MK_BR,Mankind — Brother,0.417,MK_BO,Mankind — Boy,0.400
PDR956,*manǯ-,rice,AV_RI,AV_RI,Agriculture & Vegetation — Rice,0.659,FD_ML,Food & Drink — Mill,0.484,FD_DI,Food & Drink — Dish,0.464
PDR957,*manǯ- (?),"yellow, turmeric",SP_YL,SP_YL,Sense Perception — Yellow,0.446,CA_DY,Clothing & Adornment — to Dye,0.405,SP_CO,Sense Perception — Color,0.366
PDR958,*mar-,"1 to combine, join 2 to get accustomed to 3 to learn",MT_LE,MT_LE,Mind & Thought — to Learn,0.435,MT_TE,Mind & Thought — to Teach,0.371,MT_ST,Mind & Thought — to Study,0.355
PDR959,*mar-,grandchild; cousin; some k. of descendance,MK_DE,MK_DE,Mankind — Descendant(s),0.549,MK_GD,Mankind — Granddaughter,0.537,MK_CO,Mankind — Cousin,0.515
PDR960,*màran-,tree,PW_TR,PW_TR,"Physical World — Tree, Oak",0.638,AV_TR,Agriculture & Vegetation — Tree (generic),0.600,PW_WF,"Physical World — Woods, Forest",0.497
PDR961,*marb-,"cloud; darkness, dimness",PW_DA,PW_DA,Physical World — Darkness,0.634,PW_MI,"Physical World — Mist, Fog, Haze",0.581,PW_SK,"Physical World — Sky, Heavens",0.540
PDR962,*mard[-Vg-],sāj tree,AV_TR,AV_TR,Agriculture & Vegetation — Tree (generic),0.450,PW_TR,"Physical World — Tree, Oak",0.388,AV_BN,Agriculture & Vegetation — Branch,0.369
PDR963,*mar-[g-],horn,BP_HO,BP_HO,Body Parts & Functions — Horn,0.579,WH_BW,Warfare & Hunting — Bow,0.380,AN_MU,Animals — Mule,0.352
PDR964,*marṇ-,to heal,BP_WH,BP_WH,Body Parts & Functions — Well; Health,0.410,BP_KI,Body Parts & Functions — to Kill,0.400,BP_NA,"Body Parts & Functions — Nail, Claw",0.353
PDR965,*marnd-,medicine,EM_CA,EM_CA,Emotion — Care (n),0.421,BP_SS,Body Parts & Functions — Sick; Sickness,0.386,BP_KI,Body Parts & Functions — to Kill,0.370
PDR966,*maruḷ-,"bewildered, insane; confusion",MT_IM,MT_IM,"Mind & Thought — Mad, Crazy, Insane",0.589,EM_WA,"Emotion — Wonder, Astonishment",0.495,MT_FS,"Mind & Thought — Stupid, Foolish",0.471
PDR967,*maruŋ-,1 side 2 rib,BP_RI,BP_RI,Body Parts & Functions — Rib,0.644,BP_FC,Body Parts & Functions — Front of Chest,0.372,QN_HA,Quantity & Number — Half,0.345
PDR968,*mar_- (*-d_-),1 to burn 2 to boil,FD_BO,FD_BO,Food & Drink — to Boil (trans,0.599,MO_BO,Motion & Transportation — to Boil (intrans,0.437,FD_CO,Food & Drink — to Cook,0.410
PDR969,*mar_an-,a k. of relative,MK_RE,MK_RE,Mankind — Relative(s),0.443,MK_CO,Mankind — Cousin,0.385,SO_NE,Social Relations — Neighbor,0.382
PDR970,*mas-,black pigment,SP_BK,SP_BK,Sense Perception — Black,0.508,SP_DC,Sense Perception — Dark in Color,0.494,SP_CO,Sense Perception — Color,0.438
PDR971,*maṭ-,eyelid,BP_EY,BP_EY,Body Parts & Functions — Eye,0.526,BP_EB,Body Parts & Functions — Eyebrow,0.506,BP_CK,Body Parts & Functions — Cheek,0.384
PDR972,*maṭ-,1 stalk 2 branch,AV_BN,AV_BN,Agriculture & Vegetation — Branch,0.530,AV_PI,Agriculture & Vegetation — Pine,0.345,AV_TR,Agriculture & Vegetation — Tree (generic),0.337
PDR973,*maṭ-,"short, small; to diminish",QN_LF,QN_LF,"Quantity & Number — Few, Little",0.448,SR_ND,Spatial Relations — Thin (in Dimension),0.332,TI_SW,"Time — Fast, Swift, Quick",0.331
PDR974,*maṭ-,"level, measure",SR_MS,SR_MS,Spatial Relations — to Measure,0.430,PW_MH,"Physical World — Hill, Mountain",0.317,SP_SP,Sense Perception — Sharp,0.315
PDR975,*maẓ-,"1 obscure, dirty 2 to fade",MT_OB,MT_OB,Mind & Thought — Obscure,0.330,PW_DA,Physical World — Darkness,0.319,EM_UG,Emotion — Ugly,0.290
PDR976,*maẓ- (?),rain,PW_RA,PW_RA,Physical World — Rain (n),0.698,PW_WE,Physical World — Weather,0.477,TI_AU,Time — Autumn,0.473
PDR977,*maẓs-,axe,WH_SW,WH_SW,Warfare & Hunting — Sword,0.460,WH_SP,Warfare & Hunting — Spear,0.427,WH_BA,Warfare & Hunting — Battle-Ax,0.418
PDR978,*mā-,"deer, elk",AN_DE,AN_DE,Animals — Deer,0.689,WH_BW,Warfare & Hunting — Bow,0.476,AN_HU,Animals — to Hunt,0.475
PDR979,*mā-,black; dark,SP_BK,SP_BK,Sense Perception — Black,0.554,SP_DC,Sense Perception — Dark in Color,0.550,PW_DA,Physical World — Darkness,0.517
PDR980,*mā-,mango,FD_FR,FD_FR,Food & Drink — Fruit,0.537,FD_PC,Food & Drink — Peach,0.496,FD_BY,Food & Drink — Berry,0.445
PDR981,*mā-,"afterbirth, placenta",BP_WO,BP_WO,Body Parts & Functions — Womb,0.523,BP_PR,Body Parts & Functions — Pregnant,0.475,MK_IN,Mankind — Infant,0.391
PDR982,*māc-,man,MK_MA,MK_MA,Mankind — Man,0.538,MK_BR,Mankind — Brother,0.417,MK_BO,Mankind — Boy,0.400
PDR983,*māc-,"1 dirt, dirty 2 spot, stain",CA_BH,CA_BH,Clothing & Adornment — Brush,0.354,CA_SA,Clothing & Adornment — Soap,0.327,CA_OI,Clothing & Adornment — Ointment,0.326
PDR984,*māḍ-,storied house; platform,DF_HO,DF_HO,Dwellings & Furniture — Home,0.540,DF_HS,Dwellings & Furniture — House,0.535,DF_HU,Dwellings & Furniture — Hut,0.531
PDR985,*māḍ-,"to make, to do; manner, mode",PA_MA,PA_MA,"Physical Acts & Materials — to Do, Make",0.418,PA_WV,"Physical Acts & Materials — to Work, Toil",0.387,PA_PR,Physical Acts & Materials — to Press,0.359
PDR986,*mād_-,1 to exchange 2 to return,PT_GB,PT_GB,"Possession & Trade — to Return, Give Back",0.523,PT_RE,Possession & Trade — to Restore,0.395,PT_GO,"Possession & Trade — to Get, Obtain",0.371
PDR987,*māj-,1 to disappear 2 to hide,SR_HC,SR_HC,"Spatial Relations — to Hide, Conceal",0.498,BP_SH,"Body Parts & Functions — Skin, Hide",0.431,PT_SP,Possession & Trade — to Spoil,0.344
PDR988,*mā(j)-,great,EM_GD,EM_GD,Emotion — Good,0.324,TI_NO,Time — Now,0.321,TI_NW,Time — New,0.316
PDR989,*māl-,"1 confused, perturbed; intoxicated 2 liquor",FD_PO,FD_PO,Food & Drink — Pot,0.410,FD_WI,Food & Drink — Wine,0.380,FD_BB,Food & Drink — Beer,0.365
PDR990,*māḷ-,to die; to destroy,BP_DD,BP_DD,Body Parts & Functions — to Die; Dead; Death,0.584,BP_KI,Body Parts & Functions — to Kill,0.551,PT_DE,Possession & Trade — to Destroy,0.490
PDR991,*māl-,"to bend, incline",PA_BN,PA_BN,Physical Acts & Materials — to Bend,0.476,PW_MH,"Physical World — Hill, Mountain",0.404,MO_RL,"Motion & Transportation — to Lift, Raise",0.377
PDR992,*māl-ai,"garland, wreath",TI_AU,TI_AU,Time — Autumn,0.349,CA_HF,Clothing & Adornment — Handkerchief,0.332,CA_WE,Clothing & Adornment — to Weave,0.331
PDR993,*mām-,mother's brother,MK_SW,MK_SW,Mankind — Sister-in-Law,0.546,MK_BS,Mankind — Sibling(s),0.541,MK_BL,Mankind — Brother-in-Law,0.534
PDR994,*māṇ-,penis,BP_PE,BP_PE,Body Parts & Functions — Penis,0.631,BP_TS,Body Parts & Functions — Testicle,0.410,BP_SI,Body Parts & Functions — to have Sexual Intercourse,0.403
PDR995,*mānḍ-,to burn,PW_BU,PW_BU,"Physical World — to Burn, Scorch",0.558,FD_RF,"Food & Drink — to Roast, Fry",0.375,LJ_AR,Law & Judgment — Arson,0.370
PDR996,*mān(d)-,to cease; to be ruined,TI_CE,TI_CE,Time — to Cease,0.589,LJ_CN,Law & Judgment — to Condemn,0.412,PT_DE,Possession & Trade — to Destroy,0.401
PDR997,*mā(ŋ)-,to ripen,FD_FR,FD_FR,Food & Drink — Fruit,0.386,FD_PR,Food & Drink — Pear,0.360,AV_TH,Agriculture & Vegetation — to Thresh,0.340
PDR998,*mār- (?),breast,BP_BW,BP_BW,Body Parts & Functions — Breast of Woman,0.717,BP_FC,Body Parts & Functions — Front of Chest,0.466,WH_BC,"Warfare & Hunting — Corslet, Breastplate",0.448
PDR999,*māṭ-,"to fix, prepare",TI_FI,TI_FI,Time — to Finish,0.332,TI_SI,"Time — Soon, Immediately",0.325,TI_RE,Time — Ready (adj),0.323
PDR1000,*med-,brain,BP_BR,BP_BR,Body Parts & Functions — Brain,0.597,MT_MI,Mind & Thought — Mind,0.551,MT_IR,"Mind & Thought — Reason, Intelligence",0.545
PDR1001,*med-,"to step on, trample",MO_JL,MO_JL,"Motion & Transportation — to Jump, Leap",0.477,MO_DA,Motion & Transportation — to Dance,0.466,MO_WA,Motion & Transportation — to Walk,0.427
PDR1002,*meḍ-,neck,BP_NK,BP_NK,Body Parts & Functions — Neck,0.703,BP_SK,Body Parts & Functions — Skull,0.451,BP_BE,Body Parts & Functions — Beard,0.430
PDR1003,*medd-,"to put, plant",AV_SS,AV_SS,Agriculture & Vegetation — to Sow; Seed,0.457,AV_PN,"Agriculture & Vegetation — Plant, Herb",0.453,AV_FL,Agriculture & Vegetation — Flower,0.439
PDR1004,*mej-,"to praise, admire, be pleased with",EM_PR,EM_PR,Emotion — Praise (n),0.681,EM_JG,"Emotion — Glad, Joyful",0.538,EM_PD,Emotion — Proud,0.491
PDR1005,*mel-,1 slow 2 soft,SP_SF,SP_SF,Sense Perception — Soft,0.370,TI_SL,Time — Slow (adj),0.363,TI_HH,"Time — to Hurry, Hasten",0.319
PDR1006,*mel-,to lighten,EM_PL,EM_PL,Emotion — to Please,0.358,MT_TR,"Mind & Thought — to Think, Reflect",0.357,MT_LE,Mind & Thought — to Learn,0.350
PDR1007,*meḷ-,"to revolve, turn; squint",MO_TA,MO_TA,Motion & Transportation — to Turn Around,0.395,MO_TU,Motion & Transportation — to Turn,0.395,MO_BL,Motion & Transportation — to Blow,0.313
PDR1008,*mel-[k-],to chew; cud,BP_BI,BP_BI,Body Parts & Functions — to Bite,0.435,BP_SP,Body Parts & Functions — to Spit,0.429,FD_EA,Food & Drink — to Eat,0.416
PDR1009,*ment-,fenugreek,WH_SW,WH_SW,Warfare & Hunting — Sword,0.267,AN_SK,Animals — Snake,0.258,FD_FI,Food & Drink — Fig,0.253
PDR1010,*mer_-,"to be light, lighten",PW_LG,PW_LG,Physical World — Light,0.559,MT_TR,"Mind & Thought — to Think, Reflect",0.458,PW_DA,Physical World — Darkness,0.443
PDR1011,*mer_-,to cause pain; to revel,EM_PS,EM_PS,"Emotion — Pain, Suffering",0.524,EM_FG,Emotion — to Forgive,0.381,EM_DE,Emotion — to Desire,0.379
PDR1012,*met-,"to plaster, smear",CA_NE,CA_NE,Clothing & Adornment — Needle,0.398,PA_RU,Physical Acts & Materials — to Rub,0.361,PA_MO,Physical Acts & Materials — Mortar,0.345
PDR1013,*met-,soft,SP_SF,SP_SF,Sense Perception — Soft,0.513,PA_SR,Physical Acts & Materials — to Stretch,0.386,PA_BN,Physical Acts & Materials — to Bend,0.379
PDR1014,*met-ai,"bed; mattress, bedding",DF_BD,DF_BD,Dwellings & Furniture — Bed,0.628,BP_SL,Body Parts & Functions — to Sleep; Sleep,0.442,DF_RO,Dwellings & Furniture — Room,0.437
PDR1015,*meṭ-,hillock,PW_MH,PW_MH,"Physical World — Hill, Mountain",0.400,CA_SC,"Clothing & Adornment — Cobbler, Shoemaker",0.322,CA_SP,Clothing & Adornment — Spindle,0.314
PDR1016,*meẓV-,to smear,BP_SP,BP_SP,Body Parts & Functions — to Spit,0.331,BP_LC,Body Parts & Functions — to Lick,0.324,EM_PL,Emotion — to Please,0.321
PDR1017,*mēḍ-,a k. of house,DF_HS,DF_HS,Dwellings & Furniture — House,0.499,DF_HO,Dwellings & Furniture — Home,0.456,DF_RO,Dwellings & Furniture — Room,0.441
PDR1018,*mēḍ-i,fig tree,FD_FI,FD_FI,Food & Drink — Fig,0.720,AV_TR,Agriculture & Vegetation — Tree (generic),0.480,AV_BN,Agriculture & Vegetation — Branch,0.439
PDR1019,*mēj-,to graze,AN_PV,AN_PV,Animals — to Pasture,0.468,AN_HU,Animals — to Hunt,0.436,FD_AM,Food & Drink — a Meal,0.405
PDR1020,*mē-K-,goat; to bleat,AN_GO,AN_GO,Animals — Goat,0.601,AN_HG,Animals — He-Goat,0.565,AN_LA,Animals — Lamb,0.443
PDR1021,*mē-[l-],"1 up; height 2 fine, good",SR_TL,SR_TL,Spatial Relations — Tall,0.316,MO_RL,"Motion & Transportation — to Lift, Raise",0.290,QN_ON,Quantity & Number — One,0.276
PDR1022,*mēn-,body,BP_BO,BP_BO,Body Parts & Functions — Body,0.698,BP_CS,"Body Parts & Functions — Corpse, Body",0.654,BP_FL,Body Parts & Functions — Flesh,0.647
PDR1023,*mēnǯ- (?),"egg, testicle",BP_TS,BP_TS,Body Parts & Functions — Testicle,0.702,BP_EG,Body Parts & Functions — Egg,0.565,AN_CK,"Animals — Cock, Rooster",0.396
PDR1024,*mēṭ-,"haughty, lofty",AN_GS,AN_GS,Animals — Goose,0.321,AN_DU,Animals — Duck,0.308,DF_BD,Dwellings & Furniture — Bed,0.284
PDR1025,*mēẓ-i,handle of plough,AV_PL,AV_PL,Agriculture & Vegetation — to Plow; Plow,0.523,AV_SH,Agriculture & Vegetation — Shovel (n),0.449,AV_FO,Agriculture & Vegetation — Fork (tool),0.388
PDR1026,*miḍ-,to blink,BP_EY,BP_EY,Body Parts & Functions — Eye,0.395,TI_HH,"Time — to Hurry, Hasten",0.359,EM_LS,"Emotion — to Laugh, Smile",0.349
PDR1027,*miḍ-,"to grieve, lament",EM_GS,EM_GS,"Emotion — Grief, Sorrow",0.482,EM_CW,"Emotion — to Cry, Weep",0.435,EM_GR,Emotion — to Groan,0.427
PDR1028,*mìḍ-i,"young, tender (of fruit)",FD_FR,FD_FR,Food & Drink — Fruit,0.626,FD_PR,Food & Drink — Pear,0.526,FD_PC,Food & Drink — Peach,0.501
PDR1029,*mik-,"abundant, excessive; great; left over",QN_MC,QN_MC,"Quantity & Number — Crowd, Multitude",0.419,QN_MM,"Quantity & Number — Much, Many",0.405,QN_CW,Quantity & Number — Other Collective Words,0.365
PDR1030,*miḷi-,"to fall over, turn over",MO_TA,MO_TA,Motion & Transportation — to Turn Around,0.459,MO_FA,Motion & Transportation — to Fall,0.440,MO_TU,Motion & Transportation — to Turn,0.393
PDR1031,*miṇ-,to murmur,LM_ST,LM_ST,"Language & Music — to Speak, Talk",0.375,LM_CS,"Language & Music — to Call, Summon",0.370,AN_CK,"Animals — Cock, Rooster",0.355
PDR1032,*minc-,"to exceed, surpass",TI_LS,TI_LS,Time — to Last,0.378,QN_EN,Quantity & Number — Enough,0.315,MO_OV,Motion & Transportation — to Overtake,0.304
PDR1033,*minḍ-,"1 great, exceeding 2 resolute, inobedient",EM_PR,EM_PR,Emotion — Praise (n),0.347,EM_JG,"Emotion — Glad, Joyful",0.335,QN_HA,Quantity & Number — Half,0.310
PDR1034,*minḍ-,paramour,EM_PS,EM_PS,"Emotion — Pain, Suffering",0.280,AN_PU,Animals — Puppy,0.251,LJ_MR,"Law & Judgment — Murder, Homicide",0.249
PDR1035,*min_-,to lighten; spark; star,PW_LI,PW_LI,"Physical World — Flash, Lightning",0.408,EM_PL,Emotion — to Please,0.384,EM_LS,"Emotion — to Laugh, Smile",0.365
PDR1036,*mis-,"to move, stir",MO_PS,MO_PS,"Motion & Transportation — to Push, Shove",0.517,MO_MO,Motion & Transportation — to Move,0.514,MO_FE,Motion & Transportation — to Flee,0.498
PDR1037,*miṭ-,arrowhead,WH_AW,WH_AW,Warfare & Hunting — Arrow,0.581,WH_BW,Warfare & Hunting — Bow,0.435,WH_HM,Warfare & Hunting — Helmet,0.410
PDR1038,*miẓ-iŋ-,to swallow,BP_SP,BP_SP,Body Parts & Functions — to Spit,0.548,FD_EA,Food & Drink — to Eat,0.500,FD_DR,Food & Drink — to Drink,0.476
PDR1039,*mī-,to wash,PA_WA,PA_WA,Physical Acts & Materials — to Wash,0.522,CA_TW,Clothing & Adornment — Towel,0.421,CA_SA,Clothing & Adornment — Soap,0.404
PDR1040,*mī-,"up, above",MO_RL,MO_RL,"Motion & Transportation — to Lift, Raise",0.308,TI_HR,Time — Hour,0.250,TI_EV,Time — Evening,0.225
PDR1041,*mīc-,moustache,BP_BE,BP_BE,Body Parts & Functions — Beard,0.412,BP_MO,Body Parts & Functions — Mouth,0.364,BP_TG,Body Parts & Functions — Tongue,0.325
PDR1042,*mīd_-,to exceed,QN_EN,QN_EN,Quantity & Number — Enough,0.431,QN_MO,Quantity & Number — More,0.408,TI_LS,Time — to Last,0.407
PDR1043,*mīn-,fish,AN_FI,AN_FI,Animals — Fish (n),0.713,AN_FM,Animals — Fisherman,0.700,AN_AN,Animals — Animal,0.494
PDR1044,*mīnṭ-,1 to jump 2 grasshopper,MO_JL,MO_JL,"Motion & Transportation — to Jump, Leap",0.519,MO_FY,Motion & Transportation — to Fly,0.405,AN_FL,Animals — Fly (n),0.365
PDR1045,*mīṭ-,"to flick, pluck",MO_BL,MO_BL,Motion & Transportation — to Blow,0.396,MO_TH,Motion & Transportation — to Throw,0.390,MO_PS,"Motion & Transportation — to Push, Shove",0.370
PDR1046,*mod-,"stupid, fool; blunt",MT_FS,MT_FS,"Mind & Thought — Stupid, Foolish",0.527,SP_LL,"Sense Perception — Dull, Blunt",0.443,MT_CP,"Mind & Thought — Clear, Plain (to the Mind)",0.317
PDR1047,*mod-,first,TI_BB,TI_BB,Time — to Begin; Beginning,0.356,QN_FI,Quantity & Number — First,0.354,TI_SI,"Time — Soon, Immediately",0.342
PDR1048,*mod-,milch cow,AN_CO,AN_CO,Animals — Cow,0.637,AN_CB,"Animals — Cattle, Bovines",0.490,AN_LI,Animals — Livestock,0.482
PDR1049,*modal-,trunk of tree,PW_TR,PW_TR,"Physical World — Tree, Oak",0.542,AV_TR,Agriculture & Vegetation — Tree (generic),0.488,AV_BN,Agriculture & Vegetation — Branch,0.430
PDR1050,*modj-,crocodile,AN_SK,AN_SK,Animals — Snake,0.523,AN_MK,Animals — Monkey,0.488,AN_CM,Animals — Camel,0.474
PDR1051,*mojmp-,shoulder,BP_SD,BP_SD,Body Parts & Functions — Shoulder,0.755,BP_EL,Body Parts & Functions — Elbow,0.502,BP_AR,Body Parts & Functions — Arm,0.474
PDR1052,*mok- ~ *mogám,face,BP_FA,BP_FA,Body Parts & Functions — Face,0.580,BP_CK,Body Parts & Functions — Cheek,0.451,BP_FO,Body Parts & Functions — Forehead,0.431
PDR1053,*mòl-,1 breast 2 waist,BP_BW,BP_BW,Body Parts & Functions — Breast of Woman,0.481,CA_TR,Clothing & Adornment — Trousers,0.444,CA_SK,Clothing & Adornment — Skirt,0.436
PDR1054,*mol-,jasmine,MK_SM,MK_SM,Mankind — Stepmother,0.313,AN_MU,Animals — Mule,0.291,CA_WD,Clothing & Adornment — Woman's Dress,0.261
PDR1055,*moḷ-,to draw water,PW_WA,PW_WA,Physical World — Water,0.519,PW_RS,"Physical World — Brook, Stream, River",0.434,PA_PA,Physical Acts & Materials — to Paint (as artist),0.423
PDR1056,*monṭ-,"blunt; stump, log",PW_WD,PW_WD,"Physical World — Wood, Timber",0.325,SP_LL,"Sense Perception — Dull, Blunt",0.312,PW_WF,"Physical World — Woods, Forest",0.303
PDR1057,*mor-and_-,rope,PA_RC,PA_RC,"Physical Acts & Materials — Rope, Cord",0.666,PA_KN,Physical Acts & Materials — Knot (n),0.443,MO_WW,"Motion & Transportation — to Wind, Wrap",0.440
PDR1058,*morgil,cloud,PW_CL,PW_CL,"Physical World — Cloud, Mirk",0.628,PW_MI,"Physical World — Mist, Fog, Haze",0.401,PW_SK,"Physical World — Sky, Heavens",0.361
PDR1059,*mosar-,"buttermilk, curds",FD_BT,FD_BT,Food & Drink — Butter,0.528,FD_MS,Food & Drink — Milk,0.401,FD_MV,Food & Drink — to Milk,0.371
PDR1060,*moṬ-,flower-bud,AV_FL,AV_FL,Agriculture & Vegetation — Flower,0.488,AN_BI,Animals — Bird,0.416,AN_GS,Animals — Goose,0.397
PDR1061,*mot-,"sum, total; whole",QN_WH,QN_WH,Quantity & Number — Whole,0.643,QN_FU,Quantity & Number — Full,0.583,QN_EA,"Quantity & Number — All, Every",0.477
PDR1062,*moṭ- (?),egg,BP_EG,BP_EG,Body Parts & Functions — Egg,0.617,AN_HN,Animals — Hen,0.491,AN_DU,Animals — Duck,0.431
PDR1063,*moẓ-g-,to bow,WH_BW,WH_BW,Warfare & Hunting — Bow,0.645,WH_AW,Warfare & Hunting — Arrow,0.540,WH_FI,Warfare & Hunting — to Fight,0.465
PDR1064,*mō- (?),widow,MK_WD,MK_WD,Mankind — Widow,0.730,MK_GM,Mankind — Grandmother,0.471,MK_SM,Mankind — Stepmother,0.466
PDR1065,*mōḍ-i,"manner, style",SO_CR,SO_CR,"Social Relations — to Order, Command",0.365,SP_SG,"Sense Perception — Sight (obj), Look (obj), Appearance",0.353,TI_OF,Time — Often,0.333
PDR1066,*mōg- (*-ɣ-) ?,to eat,FD_EA,FD_EA,Food & Drink — to Eat,0.710,FD_AM,Food & Drink — a Meal,0.652,FD_FD,Food & Drink — Food,0.567
PDR1067,*mōl- (?),smoke,PW_SM,PW_SM,Physical World — Smoke (n),0.610,AV_ST,Agriculture & Vegetation — Smoke (Tobacco),0.479,EM_AG,Emotion — Anger,0.366
PDR1068,*mōr_-,"load, burden",MO_CA,MO_CA,"Motion & Transportation — to Bear, Carry",0.319,MO_RL,"Motion & Transportation — to Lift, Raise",0.310,TI_HH,"Time — to Hurry, Hasten",0.309
PDR1069,*mōr_-,"face, snout (of animals)",BP_FA,BP_FA,Body Parts & Functions — Face,0.557,AN_AN,Animals — Animal,0.554,BP_NO,Body Parts & Functions — Nose,0.545
PDR1070,*mō̆T-,"to beat, strike",PA_SH,PA_SH,"Physical Acts & Materials — to Hit, Strike, Beat",0.569,WH_FI,Warfare & Hunting — to Fight,0.382,WH_DF,Warfare & Hunting — Defeat (n),0.343
PDR1071,*mōṭ,fool,MT_FS,MT_FS,"Mind & Thought — Stupid, Foolish",0.397,AN_DU,Animals — Duck,0.319,AN_GO,Animals — Goat,0.294
PDR1072,*muc-,"torn, spoilt; weak, tired",EM_TR,EM_TR,Emotion — Tear (n),0.480,EM_GS,"Emotion — Grief, Sorrow",0.450,EM_CW,"Emotion — to Cry, Weep",0.440
PDR1073,*mud-,"lump, mass",PW_DU,PW_DU,"Physical World — Dust, Powder",0.286,BP_TS,Body Parts & Functions — Testicle,0.267,BP_BW,Body Parts & Functions — Breast of Woman,0.260
PDR1074,*mud-,kiss,EM_KS,EM_KS,Emotion — to Kiss,0.732,EM_DA,Emotion — to Dare,0.445,BP_LC,Body Parts & Functions — to Lick,0.408
PDR1075,*muḍ-,"buttock, anus",AN_AD,AN_AD,"Animals — Ass, Donkey",0.457,AN_RA,Animals — Ram,0.319,AN_DU,Animals — Duck,0.310
PDR1076,*muḍ-,1 lame 2 contracted,QN_TP,QN_TP,Quantity & Number — Three Apiece,0.251,QN_ON,Quantity & Number — One,0.244,QN_TH,Quantity & Number — Three,0.239
PDR1077,*muḍ-i-,to end,TI_FI,TI_FI,Time — to Finish,0.573,TI_LS,Time — to Last,0.546,TI_CE,Time — to Cease,0.455
PDR1078,*muḍuc- (?),back,BP_BA,BP_BA,Body Parts & Functions — Back,0.484,PT_GB,"Possession & Trade — to Return, Give Back",0.401,TI_AN,Time — Again,0.383
PDR1079,*mud_-,to bark,AN_HU,AN_HU,Animals — to Hunt,0.433,AN_DO,Animals — Dog,0.404,WH_FI,Warfare & Hunting — to Fight,0.395
PDR1080,*mud_- (*-r_-),"exulted, proud",EM_PD,EM_PD,Emotion — Proud,0.622,EM_JG,"Emotion — Glad, Joyful",0.385,EM_BR,"Emotion — Brave, Courageous",0.366
PDR1081,*mUg-,to close (of a flower),AV_FL,AV_FL,Agriculture & Vegetation — Flower,0.479,SR_SH,"Spatial Relations — to Shut, Close",0.413,TI_FI,Time — to Finish,0.323
PDR1082,*mug-,"to end, terminate",TI_FI,TI_FI,Time — to Finish,0.548,TI_EN,"Time — End (n, temporal)",0.545,TI_CE,Time — to Cease,0.508
PDR1083,*mUg-,top,MT_MI,MT_MI,Mind & Thought — Mind,0.332,TI_FI,Time — to Finish,0.303,TI_HR,Time — Hour,0.300
PDR1084,*muj-S-,to cover,CA_VE,CA_VE,Clothing & Adornment — Veil,0.309,CA_CK,Clothing & Adornment — Cloak,0.299,SR_HC,"Spatial Relations — to Hide, Conceal",0.297
PDR1085,*mujS-,monkey,AN_MK,AN_MK,Animals — Monkey,0.838,AN_EL,Animals — Elephant,0.459,AN_LN,Animals — Lion,0.448
PDR1086,*mujt-,"1 mouth, beak 2 to smell",BP_MO,BP_MO,Body Parts & Functions — Mouth,0.507,SP_SB,"Sense Perception — Smell (n, obj)",0.494,SP_VO,Sense Perception — to Smell (obj),0.482
PDR1087,*muk-,1 to strain 2 to grunt,PA_BN,PA_BN,Physical Acts & Materials — to Bend,0.316,WH_RT,Warfare & Hunting — Retreat (n),0.306,PA_SR,Physical Acts & Materials — to Stretch,0.303
PDR1088,*muk-,to gobble,AN_HU,AN_HU,Animals — to Hunt,0.420,FD_EA,Food & Drink — to Eat,0.415,FD_AM,Food & Drink — a Meal,0.388
PDR1089,*muḷ-,radish,PW_DA,PW_DA,Physical World — Darkness,0.320,MK_SM,Mankind — Stepmother,0.319,MK_WI,Mankind — Wife,0.309
PDR1090,*muḷ-,thorn,WH_SP,WH_SP,Warfare & Hunting — Spear,0.439,WH_SW,Warfare & Hunting — Sword,0.384,MK_SM,Mankind — Stepmother,0.341
PDR1091,*mÙḷ-ai,"nail, stake",PA_NA,PA_NA,"Physical Acts & Materials — Nail, Peg",0.587,BP_NA,"Body Parts & Functions — Nail, Claw",0.548,PA_KN,Physical Acts & Materials — Knot (n),0.348
PDR1092,*mulŋ-,horse-radish tree,PW_TR,PW_TR,"Physical World — Tree, Oak",0.524,AN_HO,Animals — Horse (generic),0.501,AN_PS,Animals — Pasture,0.473
PDR1093,*mun-,front,BP_FC,BP_FC,Body Parts & Functions — Front of Chest,0.459,BP_BA,Body Parts & Functions — Back,0.406,SR_WE,Spatial Relations — West,0.322
PDR1094,*mun-,anger; displeased; to dislike,EM_HT,EM_HT,Emotion — Hate (n),0.722,EM_AG,Emotion — Anger,0.710,EM_RF,"Emotion — Rage, Fury",0.632
PDR1095,*munḍ-,"post, pillar",PW_SR,PW_SR,"Physical World — Rock, Stone",0.322,SR_PU,"Spatial Relations — to Put, Place, Set, Lay",0.285,RB_AL,Religion & Beliefs — Altar,0.284
PDR1096,*munḍ-,tank,AN_FI,AN_FI,Animals — Fish (n),0.356,AN_DU,Animals — Duck,0.340,AN_SK,Animals — Snake,0.338
PDR1097,*mundjal (?),hare,AN_GS,AN_GS,Animals — Goose,0.476,AN_DU,Animals — Duck,0.454,AN_MU,Animals — Mule,0.427
PDR1098,*munt-,pot; basin,FD_PO,FD_PO,Food & Drink — Pot,0.596,FD_KE,Food & Drink — Kettle,0.462,FD_BW,Food & Drink — Bowl,0.370
PDR1099,*munt_- (?),mucus of nose,BP_NO,BP_NO,Body Parts & Functions — Nose,0.586,BP_SN,Body Parts & Functions — to Sneeze,0.383,BP_TR,Body Parts & Functions — Throat,0.372
PDR1100,*muŋ-,mongoose,AN_EW,AN_EW,Animals — Ewe,0.331,AN_WO,Animals — Wolf,0.300,AN_BR,Animals — Bear,0.297
PDR1101,*mur-,to sound,LM_ST,LM_ST,"Language & Music — to Speak, Talk",0.515,SP_SO,Sense Perception — Sound (n),0.502,LM_SG,Language & Music — to Sing,0.490
PDR1102,*mur-,1 rough 2 gravel,PW_SA,PW_SA,"Physical World — Sand, Grit",0.415,PW_SR,"Physical World — Rock, Stone",0.362,PW_GS,"Physical World — Ground, Soil",0.352
PDR1103,*mur-,young and tender,TI_YG,TI_YG,Time — Young,0.518,TI_AG,Time — Age,0.405,AN_SN,Animals — Stallion,0.373
PDR1104,*mur-,"to burn, singe, scorch; fuel",PW_BU,PW_BU,"Physical World — to Burn, Scorch",0.596,PW_FL,Physical World — Flame (n),0.398,FD_RF,"Food & Drink — to Roast, Fry",0.394
PDR1105,*mur-,"to dry up, to wither",PA_WA,PA_WA,Physical Acts & Materials — to Wash,0.349,CA_TW,Clothing & Adornment — Towel,0.337,BP_FB,"Body Parts & Functions — to Fart, Break Wind",0.331
PDR1106,*mur- (*-r_-),parched rice,AV_RI,AV_RI,Agriculture & Vegetation — Rice,0.598,FD_PA,Food & Drink — Pan,0.415,FD_MF,"Food & Drink — Meal, Flour",0.414
PDR1107,*mur-(u)g-,bracelet; ring,CA_FR,CA_FR,Clothing & Adornment — Finger Ring,0.670,CA_BR,"Clothing & Adornment — Armband, Bracelet",0.667,CA_NC,Clothing & Adornment — Necklace,0.583
PDR1108,*murut- (?),a k. of tree (palas tree),AV_TR,AV_TR,Agriculture & Vegetation — Tree (generic),0.536,PW_TR,"Physical World — Tree, Oak",0.464,AV_LE,Agriculture & Vegetation — Leaf,0.425
PDR1109,*mur-Vg-,to bend; crooked,PA_BN,PA_BN,Physical Acts & Materials — to Bend,0.547,SR_CR,Spatial Relations — Crooked,0.402,PA_SR,Physical Acts & Materials — to Stretch,0.337
PDR1110,*mur_-,"to twist, sprain",BP_TE,BP_TE,Body Parts & Functions — Toe,0.322,BP_SD,Body Parts & Functions — Shoulder,0.318,BP_NA,"Body Parts & Functions — Nail, Claw",0.315
PDR1111,*mur_- (?),relationship; kinsman,SO_SG,SO_SG,Social Relations — Stranger,0.489,MK_SW,Mankind — Sister-in-Law,0.489,SO_SL,Social Relations — Slave,0.484
PDR1112,*mUr_aḷ-,hermit's tree,PW_TR,PW_TR,"Physical World — Tree, Oak",0.451,MK_DA,Mankind — Daughter,0.350,PW_WD,"Physical World — Wood, Timber",0.341
PDR1113,*mur_-i- (*-d_-),"to break, crush",PA_BK,PA_BK,Physical Acts & Materials — to Break,0.400,EM_TR,Emotion — Tear (n),0.353,EM_CW,"Emotion — to Cry, Weep",0.335
PDR1114,*mus-,to smile,EM_LS,EM_LS,"Emotion — to Laugh, Smile",0.652,EM_HH,Emotion — Happy; Happiness,0.451,EM_KS,Emotion — to Kiss,0.449
PDR1115,*muS(j)[-ir_-],red ant,SP_RD,SP_RD,Sense Perception — Red,0.407,AN_IN,Animals — Insect,0.384,AN_BE,Animals — Bee,0.375
PDR1116,*musur-,constant rain,PW_RA,PW_RA,Physical World — Rain (n),0.680,PW_WE,Physical World — Weather,0.475,PW_MI,"Physical World — Mist, Fog, Haze",0.406
PDR1117,*muṬ-,knot (of hair); to tie hair in knots,PA_KN,PA_KN,Physical Acts & Materials — Knot (n),0.555,BP_HA,Body Parts & Functions — Hair,0.488,CA_CB,Clothing & Adornment — Comb,0.453
PDR1118,*mut_-,to surround,SR_HC,SR_HC,"Spatial Relations — to Hide, Conceal",0.411,SR_CO,Spatial Relations — to Cover,0.328,SR_HW,"Spatial Relations — Hollow, Concave",0.327
PDR1119,*muṭ-,"1 fist, hammer 2 to hammer",PA_HA,PA_HA,Physical Acts & Materials — Hammer (n),0.498,PA_SH,"Physical Acts & Materials — to Hit, Strike, Beat",0.369,WH_AW,Warfare & Hunting — Arrow,0.356
PDR1120,*muṭ-,to touch,SP_TV,SP_TV,Sense Perception — to Touch,0.590,SP_TC,Sense Perception — Touch (n),0.526,BP_FI,Body Parts & Functions — Finger,0.524
PDR1121,*muṭ-,"knee, elbow",BP_EL,BP_EL,Body Parts & Functions — Elbow,0.711,BP_KN,Body Parts & Functions — Knee,0.656,BP_AR,Body Parts & Functions — Arm,0.503
PDR1122,*muṭ-,tool,PA_KF,PA_KF,Physical Acts & Materials — Knife (tool),0.445,PA_TO,Physical Acts & Materials — Tool,0.361,AV_FO,Agriculture & Vegetation — Fork (tool),0.339
PDR1123,*muẓ-,"full, complete; all",QN_FU,QN_FU,Quantity & Number — Full,0.450,TI_FI,Time — to Finish,0.401,QN_WH,Quantity & Number — Whole,0.349
PDR1124,*muẓ-,vexation; quarrel,SO_SQ,SO_SQ,"Social Relations — Strife, Quarrel",0.593,LJ_PL,Law & Judgment — Plaintiff,0.472,LJ_AQ,Law & Judgment — to Acquit,0.454
PDR1125,*muẓ-,"cubit; elbow, knee",BP_EL,BP_EL,Body Parts & Functions — Elbow,0.521,BP_KN,Body Parts & Functions — Knee,0.492,BP_TE,Body Parts & Functions — Toe,0.362
PDR1126,*muẓ-,"to speak, make noise",LM_BS,LM_BS,Language & Music — to be Silent,0.559,LM_ST,"Language & Music — to Speak, Talk",0.541,LM_SG,Language & Music — to Sing,0.462
PDR1127,*muẓṇ-,"to be immersed, sink",MO_SI,MO_SI,Motion & Transportation — to Sink,0.550,MO_FT,Motion & Transportation — to Float,0.455,PW_WA,Physical World — Water,0.433
PDR1128,*mū-,three,QN_TH,QN_TH,Quantity & Number — Three,0.582,QN_TP,Quantity & Number — Three Apiece,0.530,QN_GT,Quantity & Number — Group of Three,0.511
PDR1129,*mūḍ-,"origin; to bear, begin",AN_BR,AN_BR,Animals — Bear,0.585,MO_CA,"Motion & Transportation — to Bear, Carry",0.452,BP_BM,Body Parts & Functions — to Bear (of Mother),0.440
PDR1130,*mūḍ-,to cover,CA_VE,CA_VE,Clothing & Adornment — Veil,0.309,CA_CK,Clothing & Adornment — Cloak,0.299,SR_HC,"Spatial Relations — to Hide, Conceal",0.297
PDR1131,*mūḍ- (*-ō-),fog,PW_MI,PW_MI,"Physical World — Mist, Fog, Haze",0.664,PW_RA,Physical World — Rain (n),0.411,SP_WD,"Sense Perception — Wet, Damp",0.384
PDR1132,*mūK-,frog,AN_SK,AN_SK,Animals — Snake,0.555,AN_CT,Animals — Cat,0.530,AN_BI,Animals — Bird,0.524
PDR1133,*mūl-,"corner, angle",SR_CN,SR_CN,"Spatial Relations — Angle, Corner",0.681,SR_RO,Spatial Relations — Round (adj),0.361,SR_ED,Spatial Relations — Edge,0.331
PDR1134,*mūl-,hair-knot,BP_HA,BP_HA,Body Parts & Functions — Hair,0.569,CA_CB,Clothing & Adornment — Comb,0.490,PA_KN,Physical Acts & Materials — Knot (n),0.460
PDR1135,*mūl-,piles,PW_MU,PW_MU,"Physical World — Mud, Mire",0.365,BP_ED,"Body Parts & Functions — to Void Excrement; Dung, Excrement",0.362,PW_GS,"Physical World — Ground, Soil",0.326
PDR1136,*mūḷ-,marrow,BP_BL,BP_BL,Body Parts & Functions — Blood,0.440,BP_BN,Body Parts & Functions — Bone,0.385,BP_KN,Body Parts & Functions — Knee,0.352
PDR1137,*mūḷ-,"to groan, murmur",EM_GR,EM_GR,Emotion — to Groan,0.601,EM_CW,"Emotion — to Cry, Weep",0.407,EM_PL,Emotion — to Please,0.371
PDR1138,*mūḷ-,defect of limb,BP_FT,BP_FT,Body Parts & Functions — Foot,0.478,BP_LE,Body Parts & Functions — Leg,0.477,BP_TE,Body Parts & Functions — Toe,0.449
PDR1139,*mūḷ-,bone,BP_BN,BP_BN,Body Parts & Functions — Bone,0.650,BP_NA,"Body Parts & Functions — Nail, Claw",0.451,BP_TE,Body Parts & Functions — Toe,0.395
PDR1140,*mūḷ- (caus. *mū̆ṭ-),to catch fire; to kindle,PW_LK,PW_LK,"Physical World — to Light, Kindle",0.542,PW_FI,Physical World — Fire (n),0.390,PW_BU,"Physical World — to Burn, Scorch",0.351
PDR1141,*mūnd(j)-,snout,AN_SK,AN_SK,Animals — Snake,0.507,AN_BU,Animals — Bull,0.481,AN_DU,Animals — Duck,0.477
PDR1142,*mū-nǯ-,"to smell, sniff; nose",SP_VS,SP_VS,Sense Perception — to Smell (subj),0.577,SP_VO,Sense Perception — to Smell (obj),0.568,SP_BD,"Sense Perception — Stinking, Bad Smelling",0.539
PDR1143,*mūŋ-,nose,BP_NO,BP_NO,Body Parts & Functions — Nose,0.685,BP_FA,Body Parts & Functions — Face,0.466,BP_FO,Body Parts & Functions — Forehead,0.421
PDR1144,*mūŋ-,dumb,MT_FS,MT_FS,"Mind & Thought — Stupid, Foolish",0.348,AN_DU,Animals — Duck,0.298,AN_AD,"Animals — Ass, Donkey",0.276
PDR1145,*mūŋɣ-,cowbell,AN_CO,AN_CO,Animals — Cow,0.486,AN_SN,Animals — Stallion,0.362,AN_CB,"Animals — Cattle, Bovines",0.359
PDR1146,*mūr-,"to break, tear",PA_TE,PA_TE,Physical Acts & Materials — to Tear,0.610,EM_TR,Emotion — Tear (n),0.580,PA_BK,Physical Acts & Materials — to Break,0.499
PDR1147,*mūr-,buffalo; cow,AN_CO,AN_CO,Animals — Cow,0.730,AN_CB,"Animals — Cattle, Bovines",0.590,AN_BU,Animals — Bull,0.584
PDR1148,*mūr-,old; mature,TI_AG,TI_AG,Time — Age,0.528,TI_YG,Time — Young,0.492,TI_OL,Time — Old,0.488
PDR1149,*mūr_-,dirt; bad smell,SP_BD,SP_BD,"Sense Perception — Stinking, Bad Smelling",0.573,SP_GS,"Sense Perception — Fragrant, Good Smelling",0.462,SP_SB,"Sense Perception — Smell (n, obj)",0.444
PDR1150,*mūt-,old,TI_OL,TI_OL,Time — Old,0.622,TI_AG,Time — Age,0.560,TI_YG,Time — Young,0.481
PDR1151,*mūṭ-,bundle,CA_PO,CA_PO,Clothing & Adornment — Pocket,0.404,CA_JW,"Clothing & Adornment — Gem, Jewel",0.398,CA_BU,Clothing & Adornment — Button,0.398
PDR1152,*mūẓ-,"ripe, mature",TI_YG,TI_YG,Time — Young,0.373,TI_AG,Time — Age,0.359,FD_PR,Food & Drink — Pear,0.345
PDR1153,*mVk-,stump; blunt,FD_KN,FD_KN,Food & Drink — Knife,0.408,SP_LL,"Sense Perception — Dull, Blunt",0.385,FD_FO,Food & Drink — Fork,0.320
PDR1154,*na[C]ṇ-,fire,PW_FI,PW_FI,Physical World — Fire (n),0.640,PW_FL,Physical World — Flame (n),0.552,PW_MT,"Physical World — Match, Fire Stick",0.532
PDR1155,*nač-,to tease,BP_LC,BP_LC,Body Parts & Functions — to Lick,0.399,BP_SI,Body Parts & Functions — to have Sexual Intercourse,0.390,BP_BI,Body Parts & Functions — to Bite,0.337
PDR1156,*nač-,"to desire, trust",EM_DE,EM_DE,Emotion — to Desire,0.623,EM_FL,Emotion — Faithful,0.525,EM_LO,Emotion — to Love; Love,0.474
PDR1157,*naḍ-,"to shake, tremble",MO_SH,MO_SH,Motion & Transportation — to Shake,0.579,EM_DA,Emotion — to Dare,0.345,BP_VO,Body Parts & Functions — to Vomit,0.331
PDR1158,*ńaḍ-,to walk,MO_WA,MO_WA,Motion & Transportation — to Walk,0.670,MO_FE,Motion & Transportation — to Flee,0.501,MO_DA,Motion & Transportation — to Dance,0.490
PDR1159,*nàḍ[u]-,"middle, waist",BP_NV,BP_NV,Body Parts & Functions — Navel,0.509,BP_BS,"Body Parts & Functions — Belly, Stomach",0.476,CA_TR,Clothing & Adornment — Trousers,0.449
PDR1160,*nag-,to laugh,EM_LS,EM_LS,"Emotion — to Laugh, Smile",0.523,EM_GR,Emotion — to Groan,0.413,EM_PL,Emotion — to Please,0.370
PDR1161,*naj-,"to love, like; friend, good",EM_LO,EM_LO,Emotion — to Love; Love,0.584,EM_GD,Emotion — Good,0.521,EM_HH,Emotion — Happy; Happiness,0.460
PDR1162,*nal-,to squeeze,FD_SU,FD_SU,"Food & Drink — to Suck, Suckle",0.346,FD_KD,Food & Drink — to Knead,0.328,BP_SP,Body Parts & Functions — to Spit,0.327
PDR1163,*nal-,good,EM_GD,EM_GD,Emotion — Good,0.449,EM_BD,Emotion — Bad,0.319,TI_NO,Time — Now,0.272
PDR1164,*nal-,black,SP_BK,SP_BK,Sense Perception — Black,0.517,SP_DC,Sense Perception — Dark in Color,0.440,SP_CO,Sense Perception — Color,0.416
PDR1165,*nal-,to dance,MO_DA,MO_DA,Motion & Transportation — to Dance,0.644,LM_SG,Language & Music — to Sing,0.430,LM_ST,"Language & Music — to Speak, Talk",0.419
PDR1166,*naḶ-,bug,AN_IN,AN_IN,Animals — Insect,0.283,TI_YD,Time — Yesterday,0.276,TI_NW,Time — New,0.274
PDR1167,*nam-,to believe,MT_BE,MT_BE,Mind & Thought — to Believe,0.506,RB_GD,Religion & Beliefs — God,0.374,RB_RE,Religion & Beliefs — Religion,0.350
PDR1168,*nam- (*-e-),"moist, damp",SP_WD,SP_WD,"Sense Perception — Wet, Damp",0.531,AN_WE,Animals — Wether,0.381,SP_DR,"Sense Perception — Dry, Arid",0.377
PDR1169,*ńamil-,peacock,AN_BI,AN_BI,Animals — Bird,0.536,AN_HN,Animals — Hen,0.509,AN_GS,Animals — Goose,0.499
PDR1170,*nan-,"flower, flower-bud; to blossom",AV_FL,AV_FL,Agriculture & Vegetation — Flower,0.621,AV_PN,"Agriculture & Vegetation — Plant, Herb",0.471,AV_LE,Agriculture & Vegetation — Leaf,0.423
PDR1171,*naṇ-,to do,TI_FI,TI_FI,Time — to Finish,0.384,EM_PL,Emotion — to Please,0.341,AN_HU,Animals — to Hunt,0.320
PDR1172,*naṇ-,to approach; to join; friend,SO_ME,SO_ME,Social Relations — to Meet,0.564,SO_CR,"Social Relations — to Order, Command",0.456,SO_FR,Social Relations — Friend,0.455
PDR1173,*nanǯ-,poison,BP_KI,BP_KI,Body Parts & Functions — to Kill,0.387,BP_VO,Body Parts & Functions — to Vomit,0.379,MK_WD,Mankind — Widow,0.345
PDR1174,*nanǯ-,1 a mouthful 2 meat,FD_ME,FD_ME,Food & Drink — Meat,0.609,FD_BE,Food & Drink — Beef,0.518,FD_SG,Food & Drink — Sausage,0.484
PDR1175,*ńar-,to sound; to grumble,LM_BO,LM_BO,Language & Music — to Boast,0.480,EM_GR,Emotion — to Groan,0.477,LM_BS,Language & Music — to be Silent,0.476
PDR1176,*ńar-,grey (hair),BP_HA,BP_HA,Body Parts & Functions — Hair,0.456,SP_CO,Sense Perception — Color,0.370,CA_DY,Clothing & Adornment — to Dye,0.349
PDR1177,*nar-,"stunted, deficient",BP_WE,BP_WE,"Body Parts & Functions — Weak, Infirm",0.424,BP_SS,Body Parts & Functions — Sick; Sickness,0.404,BP_WH,Body Parts & Functions — Well; Health,0.378
PDR1178,*naramb-,"nerve, vein",BP_EB,BP_EB,Body Parts & Functions — Eyebrow,0.460,BP_TG,Body Parts & Functions — Tongue,0.438,BP_LE,Body Parts & Functions — Leg,0.436
PDR1179,"*nar-, *nar-k-","fox, jackal",AN_FX,AN_FX,Animals — Fox,0.616,AN_GS,Animals — Goose,0.410,AN_LN,Animals — Lion,0.357
PDR1180,*ńar-/*ar-,to fear,EM_FF,EM_FF,"Emotion — Fear, Fright",0.499,EM_DE,Emotion — to Desire,0.437,AN_HU,Animals — to Hunt,0.395
PDR1181,*nar_- (?),night,TI_NG,TI_NG,Time — Night,0.792,TI_EV,Time — Evening,0.687,TI_MG,Time — Morning,0.576
PDR1182,*nar_-Vk-,"to cut, scratch",PA_CU,PA_CU,Physical Acts & Materials — to Cut,0.507,FD_KN,Food & Drink — Knife,0.447,PA_SS,"Physical Acts & Materials — Shears, Scissors",0.446
PDR1183,*nas-,"to fade, waste away",TI_LS,TI_LS,Time — to Last,0.396,MO_GA,"Motion & Transportation — to Depart, Go Away",0.350,TI_CE,Time — to Cease,0.313
PDR1184,*nat-,snail,AN_PI,AN_PI,Animals — Pig,0.534,AN_WR,Animals — Worm,0.467,AN_EL,Animals — Elephant,0.464
PDR1185,*nav-,female,MK_FS,MK_FS,Mankind — Female,0.610,AN_FE,Animals — Female Animal,0.508,MK_MS,Mankind — Male,0.461
PDR1186,*nav- (*-m-),to trouble; to decline,LM_RF,LM_RF,"Language & Music — to Refuse, Forbid",0.373,LM_TH,Language & Music — to Threaten,0.362,TI_HH,"Time — to Hurry, Hasten",0.340
PDR1187,*navir,hair,BP_HA,BP_HA,Body Parts & Functions — Hair,0.693,BP_BE,Body Parts & Functions — Beard,0.463,CA_CB,Clothing & Adornment — Comb,0.446
PDR1188,*ńavuḍ- (*l-?),lip,BP_LI,BP_LI,Body Parts & Functions — Lip,0.673,BP_CK,Body Parts & Functions — Cheek,0.449,BP_MO,Body Parts & Functions — Mouth,0.427
PDR1189,*naǯǯ-,to crush; to subdue,TI_HH,TI_HH,"Time — to Hurry, Hasten",0.384,SO_OB,Social Relations — to Obey,0.373,EM_PL,Emotion — to Please,0.367
PDR1190,*nāḍ-,village,SO_CI,SO_CI,"Social Relations — Town, City",0.493,SO_TC,"Social Relations — Tribe, Clan, Family",0.451,DF_HU,Dwellings & Furniture — Hut,0.424
PDR1191,*ńād_-,to smell,SP_VO,SP_VO,Sense Perception — to Smell (obj),0.587,SP_VS,Sense Perception — to Smell (subj),0.583,SP_BD,"Sense Perception — Stinking, Bad Smelling",0.537
PDR1192,*nāg-,young; female,TI_YG,TI_YG,Time — Young,0.520,MK_FS,Mankind — Female,0.507,TI_AG,Time — Age,0.436
PDR1193,*nāg- (?),earring,BP_EA,BP_EA,Body Parts & Functions — Ear,0.592,CA_FR,Clothing & Adornment — Finger Ring,0.433,SP_HG,Sense Perception — Hearing (n),0.392
PDR1194,*nājk- (?),to lick,BP_LC,BP_LC,Body Parts & Functions — to Lick,0.645,BP_BI,Body Parts & Functions — to Bite,0.431,BP_TG,Body Parts & Functions — Tongue,0.426
PDR1195,*ńāj(t)-,dog,AN_DO,AN_DO,Animals — Dog,0.785,AN_PU,Animals — Puppy,0.680,AN_AN,Animals — Animal,0.608
PDR1196,*nāl-,four,QN_TH,QN_TH,Quantity & Number — Three,0.446,QN_TP,Quantity & Number — Three Apiece,0.427,QN_CT,Quantity & Number — Consisting of Three Together,0.407
PDR1197,*nāḷ-,day; tomorrow,TI_TM,TI_TM,Time — Tomorrow,0.746,TI_YD,Time — Yesterday,0.624,TI_DA,Time — Day,0.621
PDR1198,*ńāḷ-,night,TI_NG,TI_NG,Time — Night,0.792,TI_EV,Time — Evening,0.687,TI_MG,Time — Morning,0.576
PDR1199,*nāl_-,tongue,BP_TG,BP_TG,Body Parts & Functions — Tongue,0.661,BP_MO,Body Parts & Functions — Mouth,0.498,BP_LC,Body Parts & Functions — to Lick,0.474
PDR1200,*nāl_- (*-n-),wet; cold,TI_WI,TI_WI,Time — Winter,0.516,PW_WA,Physical World — Water,0.418,PW_IC,"Physical World — Ice, Frost",0.415
PDR1201,*nām,we (incl.),MK_FM,MK_FM,Mankind — Family,0.404,MK_SI,Mankind — Sister,0.399,MK_BR,Mankind — Brother,0.391
PDR1202,*nāmb-,to be thin,BP_SH,BP_SH,"Body Parts & Functions — Skin, Hide",0.408,BP_WE,"Body Parts & Functions — Weak, Infirm",0.375,BP_BI,Body Parts & Functions — to Bite,0.356
PDR1203,*nāṇ-,shame,EM_SH,EM_SH,Emotion — Shame (n),0.384,EM_SA,Emotion — Sad,0.310,LM_AC,"Language & Music — to Admit, Confess",0.268
PDR1204,*ńāṇ-,"rope, necklace",CA_NC,CA_NC,Clothing & Adornment — Necklace,0.669,PA_RC,"Physical Acts & Materials — Rope, Cord",0.602,CA_NE,Clothing & Adornment — Needle,0.519
PDR1205,*nāṇ-,a k. of grass (kaus),AV_GR,AV_GR,Agriculture & Vegetation — Grass,0.569,AV_WH,Agriculture & Vegetation — Wheat,0.443,AV_PN,"Agriculture & Vegetation — Plant, Herb",0.428
PDR1206,*nānd_-,female relative,MK_GM,MK_GM,Mankind — Grandmother,0.514,MK_SW,Mankind — Sister-in-Law,0.510,MK_GD,Mankind — Granddaughter,0.493
PDR1207,*[n]ā[n]d_,we (incl.),MK_FM,MK_FM,Mankind — Family,0.404,MK_SI,Mankind — Sister,0.399,MK_BR,Mankind — Brother,0.391
PDR1208,*nāŋūẓ-,earthworm,AN_WR,AN_WR,Animals — Worm,0.679,AN_IN,Animals — Insect,0.479,AN_EW,Animals — Ewe,0.437
PDR1209,*nār-,rope,PA_RC,PA_RC,"Physical Acts & Materials — Rope, Cord",0.666,PA_KN,Physical Acts & Materials — Knot (n),0.443,MO_WW,"Motion & Transportation — to Wind, Wrap",0.440
PDR1210,*nāṬ-,"to fix, settle",LJ_FI,LJ_FI,"Law & Judgment — Fine, Settlement",0.357,EM_FG,Emotion — to Forgive,0.328,TI_FI,Time — to Finish,0.321
PDR1211,*nāt-,husband's sister,MK_SW,MK_SW,Mankind — Sister-in-Law,0.671,MK_BL,Mankind — Brother-in-Law,0.542,MK_DL,Mankind — Daughter-in-Law,0.489
PDR1212,*ńegg-,"loose, weak, relaxed",BP_WE,BP_WE,"Body Parts & Functions — Weak, Infirm",0.421,EM_TC,"Emotion — Timid, Cowardly",0.357,EM_BR,"Emotion — Brave, Courageous",0.342
PDR1213,*neɣ-,good,EM_GD,EM_GD,Emotion — Good,0.449,EM_BD,Emotion — Bad,0.319,TI_NO,Time — Now,0.272
PDR1214,*nej-,"oil, ghee",FD_OI,FD_OI,Food & Drink — Oil,0.525,AN_GS,Animals — Goose,0.307,AN_EL,Animals — Elephant,0.291
PDR1215,*nej-,to weave,CA_WE,CA_WE,Clothing & Adornment — to Weave,0.718,CA_SE,Clothing & Adornment — to Sew,0.506,CA_CB,Clothing & Adornment — Comb,0.470
PDR1216,*nej-tor,blood,BP_BL,BP_BL,Body Parts & Functions — Blood,0.658,BP_FL,Body Parts & Functions — Flesh,0.402,BP_UA,Body Parts & Functions — Udder of Animals,0.360
PDR1217,*nejt_-,forehead,BP_FO,BP_FO,Body Parts & Functions — Forehead,0.758,BP_HE,Body Parts & Functions — Head,0.559,BP_SK,Body Parts & Functions — Skull,0.535
PDR1218,*neK-,to fill up (as a pit),BP_SP,BP_SP,Body Parts & Functions — to Spit,0.400,PA_PO,Physical Acts & Materials — to Pour,0.333,BP_BD,Body Parts & Functions — to Bury the Dead,0.333
PDR1219,*nel-,moon,PW_MO,PW_MO,Physical World — Moon,0.749,AN_MR,Animals — Mare,0.463,AN_BE,Animals — Bee,0.423
PDR1220,*nel-,"tamarind, myrobalan",LM_NA,LM_NA,Language & Music — Name,0.279,PT_AS,"Possession & Trade — Stingy, Avaricious",0.259,AN_MR,Animals — Mare,0.257
PDR1221,*nel-,rice,AV_RI,AV_RI,Agriculture & Vegetation — Rice,0.659,FD_ML,Food & Drink — Mill,0.484,FD_DI,Food & Drink — Dish,0.464
PDR1222,*neḷ-i-,to crawl,MO_CC,MO_CC,"Motion & Transportation — to Creep, Crawl",0.547,AN_HU,Animals — to Hunt,0.436,BP_FT,Body Parts & Functions — Foot,0.367
PDR1223,*[ń]elV[v]-[k-] (*-i-),silk-cotton tree,CA_CO,CA_CO,Clothing & Adornment — Cotton,0.676,CA_SI,Clothing & Adornment — Silk,0.668,CA_WE,Clothing & Adornment — to Weave,0.567
PDR1224,*ńem-,"to squeeze, crush",EM_DA,EM_DA,Emotion — to Dare,0.417,EM_KS,Emotion — to Kiss,0.394,EM_PL,Emotion — to Please,0.349
PDR1225,*ńeṇ-,fat,BP_LI,BP_LI,Body Parts & Functions — Lip,0.428,FD_BT,Food & Drink — Butter,0.387,FD_HU,Food & Drink — Hunger (n),0.349
PDR1226,*nen_-,to think,MT_BE,MT_BE,Mind & Thought — to Believe,0.606,MT_TO,"Mind & Thought — to Think, be of the Opinion",0.593,MT_KN,Mind & Thought — to Know,0.591
PDR1227,*nenǯ-,1 pith 2 heart,BP_HR,BP_HR,Body Parts & Functions — Heart,0.434,EM_SS,"Emotion — Soul, Spirit",0.359,BP_FC,Body Parts & Functions — Front of Chest,0.312
PDR1228,*neŋ-,"to enter, insert",MO_EN,MO_EN,Motion & Transportation — to Enter,0.390,QN_FI,Quantity & Number — First,0.233,QN_MI,Quantity & Number — Miscellaneous,0.231
PDR1229,*ńer-,to grind,FD_GR,FD_GR,Food & Drink — to Grind,0.715,AV_SH,Agriculture & Vegetation — Shovel (n),0.385,PW_SA,"Physical World — Sand, Grit",0.349
PDR1230,*ńerv-,1 worm 2 (NDR) snake,AN_WR,AN_WR,Animals — Worm,0.641,AN_SK,Animals — Snake,0.586,AN_BA,Animals — Barrow,0.413
PDR1231,*ner_-,"beauty, custom, propriety",CA_MR,CA_MR,Clothing & Adornment — Mirror,0.536,CA_WD,Clothing & Adornment — Woman's Dress,0.495,CA_FE,Clothing & Adornment — Felt,0.494
PDR1232,*ner_-i (*-d_-),fold (n.),PA_FO,PA_FO,Physical Acts & Materials — to Fold,0.625,MO_WW,"Motion & Transportation — to Wind, Wrap",0.326,TI_AU,Time — Autumn,0.315
PDR1233,*neṭ-,long,TI_LS,TI_LS,Time — to Last,0.411,TI_HR,Time — Hour,0.394,TI_YR,Time — Year,0.379
PDR1234,*[ń]evuẓ-,spittle,BP_SP,BP_SP,Body Parts & Functions — to Spit,0.487,FD_SP,Food & Drink — Spoon,0.396,FD_PJ,"Food & Drink — Jug, Pitcher",0.383
PDR1235,*ńēd_-,"to rise, sprout",AV_CT,AV_CT,"Agriculture & Vegetation — to Tilt, Cultivate",0.434,AV_SS,Agriculture & Vegetation — to Sow; Seed,0.405,MO_RL,"Motion & Transportation — to Lift, Raise",0.395
PDR1236,*ńēind_-,day,TI_DA,TI_DA,Time — Day,0.684,TI_YD,Time — Yesterday,0.568,TI_SU,Time — Sunday,0.556
PDR1237,*ńēl-,earth,PW_EL,PW_EL,"Physical World — Earth, Land",0.672,PW_GS,"Physical World — Ground, Soil",0.523,PW_SK,"Physical World — Sky, Heavens",0.520
PDR1238,*ńēl-,to hang,TI_FI,TI_FI,Time — to Finish,0.381,TI_DE,Time — to Delay,0.321,AN_HU,Animals — to Hunt,0.317
PDR1239,*ńēm- (?),to sift; to thresh,AV_TH,AV_TH,Agriculture & Vegetation — to Thresh,0.376,TI_HH,"Time — to Hurry, Hasten",0.350,SP_PS,"Sense Perception — to Sense, Perceive; Sense",0.289
PDR1240,*nēnǯ-,to breathe,BP_BB,BP_BB,Body Parts & Functions — to Breathe; Breath,0.624,BP_CO,Body Parts & Functions — to Cough,0.461,BP_FB,"Body Parts & Functions — to Fart, Break Wind",0.412
PDR1241,*ńēŋel-,plough,AV_PL,AV_PL,Agriculture & Vegetation — to Plow; Plow,0.636,AV_SH,Agriculture & Vegetation — Shovel (n),0.469,AV_MR,"Agriculture & Vegetation — to Mow, Reap",0.420
PDR1242,*nē-r-,1 time 2 sun,PW_SU,PW_SU,Physical World — Sun,0.534,TI_NN,Time — Noon,0.443,TI_SM,Time — Summer,0.441
PDR1243,*nēr-,"to assemble, meet; to learn; to resemble",MT_LE,MT_LE,Mind & Thought — to Learn,0.404,SO_ME,Social Relations — to Meet,0.395,MT_TE,Mind & Thought — to Teach,0.366
PDR1244,*nēr-,thin,SR_NS,SR_NS,Spatial Relations — Thin (in Density),0.403,SR_ND,Spatial Relations — Thin (in Dimension),0.387,BP_SH,"Body Parts & Functions — Skin, Hide",0.349
PDR1245,*nēr- (?),dry,PA_WA,PA_WA,Physical Acts & Materials — to Wash,0.387,CA_TW,Clothing & Adornment — Towel,0.373,AN_WE,Animals — Wether,0.369
PDR1246,*ńērḍ- (?),jambu tree,PW_TR,PW_TR,"Physical World — Tree, Oak",0.417,AV_TR,Agriculture & Vegetation — Tree (generic),0.352,PW_WF,"Physical World — Woods, Forest",0.338
PDR1247,*nēr_-,yesterday,TI_YD,TI_YD,Time — Yesterday,0.660,TI_TD,Time — Today,0.485,TI_TM,Time — Tomorrow,0.433
PDR1248,*ńēsir- (?),sun,PW_SU,PW_SU,Physical World — Sun,0.743,PW_SD,"Physical World — Shade, Shadow",0.498,TI_SM,Time — Summer,0.433
PDR1249,*nēṬ-,"to seek, obtain",PT_SE,PT_SE,Possession & Trade — to Seek,0.615,PT_GO,"Possession & Trade — to Get, Obtain",0.563,EM_DE,Emotion — to Desire,0.444
PDR1250,*nig-,"to shine, glitter",CA_DY,CA_DY,Clothing & Adornment — to Dye,0.435,CA_CK,Clothing & Adornment — Cloak,0.400,EM_GL,"Emotion — Fame, Glory",0.385
PDR1251,*niɣd_-,ashes,PW_AS,PW_AS,Physical World — Ash(es),0.506,AN_PI,Animals — Pig,0.339,AN_BA,Animals — Barrow,0.326
PDR1252,*nijur,live coal,PW_SM,PW_SM,Physical World — Smoke (n),0.332,PW_BU,"Physical World — to Burn, Scorch",0.309,AV_ST,Agriculture & Vegetation — Smoke (Tobacco),0.305
PDR1253,*ńil-,to stand,WH_SU,WH_SU,Warfare & Hunting — to Surrender,0.354,SR_ST,Spatial Relations — to Stand,0.349,WH_FI,Warfare & Hunting — to Fight,0.340
PDR1254,*nil- (*-e-),earth,PW_EL,PW_EL,"Physical World — Earth, Land",0.672,PW_GS,"Physical World — Ground, Soil",0.523,PW_SK,"Physical World — Sky, Heavens",0.520
PDR1255,*nind_-,to be full,QN_FU,QN_FU,Quantity & Number — Full,0.469,TI_FI,Time — to Finish,0.425,TI_LS,Time — to Last,0.339
PDR1256,*nip-,shoulder,BP_SD,BP_SD,Body Parts & Functions — Shoulder,0.755,BP_EL,Body Parts & Functions — Elbow,0.502,BP_AR,Body Parts & Functions — Arm,0.474
PDR1257,*nirḍ-,last year,TI_YR,TI_YR,Time — Year,0.408,TI_LS,Time — to Last,0.340,TI_SN,Time — Season,0.312
PDR1258,*niṭ-,"straight, erect",SR_SG,SR_SG,Spatial Relations — Straight,0.394,EM_PD,Emotion — Proud,0.386,EM_FL,Emotion — Faithful,0.339
PDR1259,*niv-,"straight, erect; to stretch",PA_SR,PA_SR,Physical Acts & Materials — to Stretch,0.459,BP_PE,Body Parts & Functions — Penis,0.368,PA_BN,Physical Acts & Materials — to Bend,0.356
PDR1260,*nīg-,"to quit, separate; to remove",TI_CE,TI_CE,Time — to Cease,0.314,MO_GA,"Motion & Transportation — to Depart, Go Away",0.293,BP_KI,Body Parts & Functions — to Kill,0.282
PDR1261,*nīḷ-,long,TI_LS,TI_LS,Time — to Last,0.411,TI_HR,Time — Hour,0.394,TI_YR,Time — Year,0.379
PDR1262,*ńīnʒ-,to swim,MO_SW,MO_SW,Motion & Transportation — to Swim,0.649,MO_FT,Motion & Transportation — to Float,0.378,AN_HU,Animals — to Hunt,0.377
PDR1263,*ńīr-,water,PW_WA,PW_WA,Physical World — Water,0.631,FD_TH,Food & Drink — Thirst (n),0.473,FD_KE,Food & Drink — Kettle,0.470
PDR1264,*nīv-/*nivur-,"to stroke, rub",PA_RU,PA_RU,Physical Acts & Materials — to Rub,0.506,BP_LC,Body Parts & Functions — to Lick,0.379,BP_BI,Body Parts & Functions — to Bite,0.365
PDR1265,*nīẓ-,shadow,PW_SD,PW_SD,"Physical World — Shade, Shadow",0.702,PW_DA,Physical World — Darkness,0.468,TI_NG,Time — Night,0.414
PDR1266,*ńjáŋaḷ,tongue; uvula,BP_TG,BP_TG,Body Parts & Functions — Tongue,0.552,BP_MO,Body Parts & Functions — Mouth,0.433,SP_AC,"Sense Perception — Sour, Acidic",0.386
PDR1267,*njām,we (excl.),AN_EW,AN_EW,Animals — Ewe,0.307,MK_SO,Mankind — Son,0.305,MK_HB,Mankind — Human Being,0.300
PDR1268,*njān (obl. *njan-),I,EM_PD,EM_PD,Emotion — Proud,0.267,EM_GD,Emotion — Good,0.254,TI_ST,Time — Sometimes,0.252
PDR1269,*ńjeẓed-,crab,AN_FM,AN_FM,Animals — Fisherman,0.441,AN_BO,Animals — Boar,0.404,AN_EL,Animals — Elephant,0.402
PDR1270,*njīm,you (pl.),EM_TH,EM_TH,Emotion — Thanks (n),0.371,EM_DR,Emotion — Dear,0.312,TI_AL,Time — Always,0.309
PDR1271,*njīn,thou,LJ_SW,LJ_SW,Law & Judgment — to Swear,0.410,LJ_OA,Law & Judgment — Oath,0.382,MK_WD,Mankind — Widow,0.341
PDR1272,*noḍ-,"to say, speak",LM_ST,LM_ST,"Language & Music — to Speak, Talk",0.552,LM_SY,Language & Music — to Say,0.456,LM_AC,"Language & Music — to Admit, Confess",0.384
PDR1273,*noḷ-,to bail out,LJ_PJ,LJ_PJ,"Law & Judgment — Jail, Prison",0.332,PT_LO,Possession & Trade — to Lose,0.318,PT_SP,Possession & Trade — to Spoil,0.293
PDR1274,*noḷ-,to swallow,BP_SP,BP_SP,Body Parts & Functions — to Spit,0.548,FD_EA,Food & Drink — to Eat,0.500,FD_DR,Food & Drink — to Drink,0.476
PDR1275,*ńoṭ-,knuckles; to crack knuckles,PT_RR,PT_RR,Possession & Trade — to Rob; Robber,0.348,CA_GL,Clothing & Adornment — Glove,0.315,BP_NA,"Body Parts & Functions — Nail, Claw",0.313
PDR1276,*ńō-,"to ache, hurt",EM_PS,EM_PS,"Emotion — Pain, Suffering",0.545,EM_PL,Emotion — to Please,0.436,EM_CW,"Emotion — to Cry, Weep",0.435
PDR1277,*nō-,"view, to notice, eye",SP_LO,SP_LO,Sense Perception — to Look,0.593,SP_SG,"Sense Perception — Sight (obj), Look (obj), Appearance",0.586,SP_SE,Sense Perception — to See,0.567
PDR1278,*ńōḍ-,to wash,PA_WA,PA_WA,Physical Acts & Materials — to Wash,0.522,CA_TW,Clothing & Adornment — Towel,0.421,CA_SA,Clothing & Adornment — Soap,0.404
PDR1279,*ńōḷ-,saliva,BP_SP,BP_SP,Body Parts & Functions — to Spit,0.599,BP_MO,Body Parts & Functions — Mouth,0.586,BP_LC,Body Parts & Functions — to Lick,0.516
PDR1280,*nōn-,"to endure, bear, suffer; a religious vow",RB_CU,RB_CU,Religion & Beliefs — to Curse,0.539,RB_PC,Religion & Beliefs — to Preach,0.488,RB_SO,"Religion & Beliefs — Sacrifice, Offering",0.477
PDR1281,*nōnḍ-,to stir,FD_MX,FD_MX,"Food & Drink — to Mix, Blend",0.406,FD_GR,Food & Drink — to Grind,0.384,FD_SP,Food & Drink — Spoon,0.371
PDR1282,*nōr- (?),mouth,BP_MO,BP_MO,Body Parts & Functions — Mouth,0.642,BP_TG,Body Parts & Functions — Tongue,0.494,BP_JW,Body Parts & Functions — Jaw,0.475
PDR1283,*nÙg-,yoke,MO_YO,MO_YO,Motion & Transportation — Yoke,0.605,AN_DU,Animals — Duck,0.277,TI_YR,Time — Year,0.272
PDR1284,*nuj-,a well,FD_CU,FD_CU,Food & Drink — Cup,0.315,FD_AM,Food & Drink — a Meal,0.312,AN_DO,Animals — Dog,0.292
PDR1285,*nuḷ-,to pinch,BP_NA,BP_NA,"Body Parts & Functions — Nail, Claw",0.353,BP_TM,Body Parts & Functions — Thumb,0.352,BP_FI,Body Parts & Functions — Finger,0.341
PDR1286,*nuḷ-,"to be broken, powdered",PA_BK,PA_BK,Physical Acts & Materials — to Break,0.524,PW_DU,"Physical World — Dust, Powder",0.520,PA_TE,Physical Acts & Materials — to Tear,0.422
PDR1287,*nuṇ-,soft; fine,SP_SF,SP_SF,Sense Perception — Soft,0.462,PA_BN,Physical Acts & Materials — to Bend,0.353,SP_RG,Sense Perception — Rough,0.347
PDR1288,*nuŋ-,kernel of unripe fruit,FD_FR,FD_FR,Food & Drink — Fruit,0.508,FD_PT,Food & Drink — Potato,0.438,FD_PR,Food & Drink — Pear,0.424
PDR1289,*nuŋ- (*-n-?),to swallow,BP_SP,BP_SP,Body Parts & Functions — to Spit,0.548,FD_EA,Food & Drink — to Eat,0.500,FD_DR,Food & Drink — to Drink,0.476
PDR1290,*nu(ŋ)k-,broken rice,AV_RI,AV_RI,Agriculture & Vegetation — Rice,0.571,FD_ML,Food & Drink — Mill,0.423,FD_SP,Food & Drink — Spoon,0.408
PDR1291,*nur-,"foam, froth",AN_DU,AN_DU,Animals — Duck,0.358,FD_BT,Food & Drink — Butter,0.356,AN_GS,Animals — Goose,0.345
PDR1292,*nus-,a k. of biting insect,AN_IN,AN_IN,Animals — Insect,0.622,BP_BI,Body Parts & Functions — to Bite,0.499,AN_BE,Animals — Bee,0.423
PDR1293,*nus-,"small, slender, smooth",CA_SK,CA_SK,Clothing & Adornment — Skirt,0.348,CA_CB,Clothing & Adornment — Comb,0.347,CA_TR,Clothing & Adornment — Trousers,0.346
PDR1294,*nutsur-,forehead,BP_FO,BP_FO,Body Parts & Functions — Forehead,0.758,BP_HE,Body Parts & Functions — Head,0.559,BP_SK,Body Parts & Functions — Skull,0.535
PDR1295,*nū-,sesamum,FD_MD,FD_MD,Food & Drink — Mead,0.289,FD_NT,Food & Drink — Nut,0.287,FD_GP,Food & Drink — Grape,0.260
PDR1296,*nūd_-,hundred,QN_FU,QN_FU,Quantity & Number — Full,0.403,QN_HA,Quantity & Number — Half,0.378,QN_MI,Quantity & Number — Miscellaneous,0.367
PDR1297,*nūd_-,to grind,FD_GR,FD_GR,Food & Drink — to Grind,0.715,AV_SH,Agriculture & Vegetation — Shovel (n),0.385,PW_SA,"Physical World — Sand, Grit",0.349
PDR1298,*nūk-,"to push, shove",MO_PS,MO_PS,"Motion & Transportation — to Push, Shove",0.640,PA_PR,Physical Acts & Materials — to Press,0.359,EM_DA,Emotion — to Dare,0.318
PDR1299,*nūk-,"to bow, droop",WH_BW,WH_BW,Warfare & Hunting — Bow,0.494,WH_AW,Warfare & Hunting — Arrow,0.436,WH_SU,Warfare & Hunting — to Surrender,0.356
PDR1300,*nūl-,thread,TI_NW,TI_NW,Time — New,0.362,CA_TH,Clothing & Adornment — Thread,0.352,TI_HR,Time — Hour,0.351
PDR1301,*nūẓ-[ug-],to hide,BP_SH,BP_SH,"Body Parts & Functions — Skin, Hide",0.458,SR_HC,"Spatial Relations — to Hide, Conceal",0.444,AN_HU,Animals — to Hunt,0.323
PDR1302,*oḍ-,beautiful,EM_BF,EM_BF,Emotion — Beautiful,0.527,EM_JG,"Emotion — Glad, Joyful",0.378,EM_TH,Emotion — Thanks (n),0.343
PDR1303,*òḍ-,waist; lap,BP_NV,BP_NV,Body Parts & Functions — Navel,0.473,BP_BS,"Body Parts & Functions — Belly, Stomach",0.468,CA_TR,Clothing & Adornment — Trousers,0.453
PDR1304,*òḍ-,bubo,AN_RA,AN_RA,Animals — Ram,0.326,FD_BN,Food & Drink — Bean,0.304,AN_MK,Animals — Monkey,0.300
PDR1305,*òḍ-,"together; to join, agree",SO_ME,SO_ME,Social Relations — to Meet,0.451,SR_JU,"Spatial Relations — to Join, Unite",0.398,SO_LT,"Social Relations — to Let, Permit",0.374
PDR1306,*oḍ- (?),soot,EM_SA,EM_SA,Emotion — Sad,0.270,EM_BD,Emotion — Bad,0.266,EM_GD,Emotion — Good,0.262
PDR1307,*oḍal,1 belly 2 body,BP_BS,BP_BS,"Body Parts & Functions — Belly, Stomach",0.715,BP_NV,Body Parts & Functions — Navel,0.612,BP_BO,Body Parts & Functions — Body,0.520
PDR1308,*oḍḍ-,1 shore 2 slope,PW_SH,PW_SH,"Physical World — Shore, Beach",0.475,PW_MH,"Physical World — Hill, Mountain",0.378,PW_GS,"Physical World — Ground, Soil",0.328
PDR1309,*oḍḍ-,"obstacle, shield",WH_SH,WH_SH,Warfare & Hunting — Shield,0.541,MO_RA,Motion & Transportation — Road,0.394,MO_PU,Motion & Transportation — to Pursue,0.382
PDR1310,*oḍḍ-/*oṭ-,oath,LJ_OA,LJ_OA,Law & Judgment — Oath,0.730,LJ_SW,Law & Judgment — to Swear,0.585,RB_BL,Religion & Beliefs — to Bless,0.389
PDR1311,*oḍ-/*oẓ-,"to sew, spin",CA_SN,CA_SN,Clothing & Adornment — to Spin,0.561,CA_SE,Clothing & Adornment — to Sew,0.516,CA_SP,Clothing & Adornment — Spindle,0.497
PDR1312,*oḍ-uŋ-,"to crush, destroy",PT_DE,PT_DE,Possession & Trade — to Destroy,0.455,BP_KI,Body Parts & Functions — to Kill,0.359,WH_DF,Warfare & Hunting — Defeat (n),0.356
PDR1313,*og-,to set a trap,AN_HU,AN_HU,Animals — to Hunt,0.360,MO_TH,Motion & Transportation — to Throw,0.323,BP_BD,Body Parts & Functions — to Bury the Dead,0.323
PDR1314,*ògir,"claw, nail",BP_NA,BP_NA,"Body Parts & Functions — Nail, Claw",0.729,PA_NA,"Physical Acts & Materials — Nail, Peg",0.567,BP_TE,Body Parts & Functions — Toe,0.438
PDR1315,*oj-,to take away,PT_TA,PT_TA,Possession & Trade — to Take,0.509,PT_ST,Possession & Trade — to Steal,0.477,PT_DE,Possession & Trade — to Destroy,0.475
PDR1316,*ok-,"to remove, carry away",PT_DE,PT_DE,Possession & Trade — to Destroy,0.475,MO_GA,"Motion & Transportation — to Depart, Go Away",0.428,PT_RS,Possession & Trade — to Release,0.407
PDR1317,*ok-,"one, together",QN_ON,QN_ON,Quantity & Number — One,0.451,QN_CT,Quantity & Number — Consisting of Three Together,0.384,SO_ME,Social Relations — to Meet,0.339
PDR1318,*ok- (?),to sit,SR_SI,SR_SI,Spatial Relations — to Sit,0.479,DF_CR,Dwellings & Furniture — Chair,0.437,FD_EA,Food & Drink — to Eat,0.357
PDR1319,*okal-,relations,SO_CM,SO_CM,Social Relations — Companion,0.651,SO_FR,Social Relations — Friend,0.621,SO_SU,Social Relations — Subject (n),0.613
PDR1320,*òl-,"skin, hide; to skin",BP_SH,BP_SH,"Body Parts & Functions — Skin, Hide",0.761,CA_CK,Clothing & Adornment — Cloak,0.521,PA_FS,"Physical Acts & Materials — to Flay, Skin",0.490
PDR1321,*ol-,"to flow, gush forth",MO_FL,MO_FL,Motion & Transportation — to Flow,0.559,MO_BL,Motion & Transportation — to Blow,0.405,MO_SI,Motion & Transportation — to Sink,0.401
PDR1322,*ol-,to make sounds,LM_ST,LM_ST,"Language & Music — to Speak, Talk",0.469,LM_SG,Language & Music — to Sing,0.463,LM_WE,Language & Music — to Write,0.444
PDR1323,*oḷ-,to hide,BP_SH,BP_SH,"Body Parts & Functions — Skin, Hide",0.458,SR_HC,"Spatial Relations — to Hide, Conceal",0.444,AN_HU,Animals — to Hunt,0.323
PDR1324,*ol-,weak,BP_WE,BP_WE,"Body Parts & Functions — Weak, Infirm",0.395,BP_SM,"Body Parts & Functions — Strong, Mighty, Powerful",0.384,PT_PO,Possession & Trade — Poor,0.308
PDR1325,*oḷ- (?),good,EM_GD,EM_GD,Emotion — Good,0.449,EM_BD,Emotion — Bad,0.319,TI_NO,Time — Now,0.272
PDR1326,*ol-/*val-,"to love, desire; smth. possible",EM_DE,EM_DE,Emotion — to Desire,0.682,EM_LO,Emotion — to Love; Love,0.676,EM_PA,Emotion — Passion,0.536
PDR1327,*oṇ- (?),dry,PA_WA,PA_WA,Physical Acts & Materials — to Wash,0.387,CA_TW,Clothing & Adornment — Towel,0.373,AN_WE,Animals — Wether,0.369
PDR1328,*onḍ-,shelter,DF_TE,DF_TE,Dwellings & Furniture — Tent,0.539,DF_DW,"Dwellings & Furniture — to Live, Dwell",0.470,DF_RF,Dwellings & Furniture — Roof,0.443
PDR1329,*ond_-,one,QN_ON,QN_ON,Quantity & Number — One,0.372,AN_SK,Animals — Snake,0.281,EM_FL,Emotion — Faithful,0.280
PDR1330,*onṭ-,earring,BP_EA,BP_EA,Body Parts & Functions — Ear,0.592,CA_FR,Clothing & Adornment — Finger Ring,0.433,SP_HG,Sense Perception — Hearing (n),0.392
PDR1331,*op-,to please; to be good,EM_PL,EM_PL,Emotion — to Please,0.512,EM_GD,Emotion — Good,0.418,EM_PP,Emotion — Please in Polite Phrases,0.398
PDR1332,*op-,to wet,AN_WE,AN_WE,Animals — Wether,0.441,PW_WA,Physical World — Water,0.395,MO_SW,Motion & Transportation — to Swim,0.383
PDR1333,*or-,one,QN_ON,QN_ON,Quantity & Number — One,0.372,AN_SK,Animals — Snake,0.281,EM_FL,Emotion — Faithful,0.280
PDR1334,*or_-,1 to bend 2 to fall asleep,BP_SL,BP_SL,Body Parts & Functions — to Sleep; Sleep,0.442,PA_BN,Physical Acts & Materials — to Bend,0.438,BP_WA,Body Parts & Functions — to Wake,0.363
PDR1335,*or_- (*-d_-),steady; to support,EM_PD,EM_PD,Emotion — Proud,0.342,AN_ST,"Animals — Stall, Stable",0.342,EM_FL,Emotion — Faithful,0.341
PDR1336,*ot- (?),heavy,SP_HV,SP_HV,"Sense Perception — Heavy, Weighty",0.403,BP_SM,"Body Parts & Functions — Strong, Mighty, Powerful",0.358,CA_FE,Clothing & Adornment — Felt,0.306
PDR1337,*oT- (?),to burn (intr.),PW_BU,PW_BU,"Physical World — to Burn, Scorch",0.532,PW_FL,Physical World — Flame (n),0.371,LJ_AR,Law & Judgment — Arson,0.360
PDR1338,*ot_-,"to press, squeeze together",PA_PR,PA_PR,Physical Acts & Materials — to Press,0.478,BP_LC,Body Parts & Functions — to Lick,0.344,FD_KD,Food & Drink — to Knead,0.342
PDR1339,*ot_-,"to step aside, give way",MK_SS,MK_SS,Mankind — Stepson,0.386,MO_AR,"Motion & Transportation — to Reach, Arrive",0.355,MO_WA,Motion & Transportation — to Walk,0.352
PDR1340,*oṭ-,to stick; to smear; to put together,BP_SP,BP_SP,Body Parts & Functions — to Spit,0.358,PA_RU,Physical Acts & Materials — to Rub,0.348,BP_HN,Body Parts & Functions — Hand,0.338
PDR1341,*oẓ-uŋk-,"lane, path",MO_PA,MO_PA,Motion & Transportation — Path,0.590,MO_RA,Motion & Transportation — Road,0.581,MO_ST,Motion & Transportation — Street,0.524
PDR1342,*ōḍ-,to burst; break,PA_BK,PA_BK,Physical Acts & Materials — to Break,0.439,TI_HH,"Time — to Hurry, Hasten",0.396,PA_TE,Physical Acts & Materials — to Tear,0.375
PDR1343,*ōḍ-,to run; to escape,MO_RU,MO_RU,Motion & Transportation — to Run,0.427,MO_FE,Motion & Transportation — to Flee,0.412,TI_HH,"Time — to Hurry, Hasten",0.333
PDR1344,*ōḍ-,boat,MO_BT,MO_BT,Motion & Transportation — Boat,0.723,MO_SL,Motion & Transportation — Sail (n),0.561,MO_SA,Motion & Transportation — to Sail,0.558
PDR1345,*ōḍ-,shell; tile,PA_MO,PA_MO,Physical Acts & Materials — Mortar,0.316,PA_CL,Physical Acts & Materials — Clay,0.282,PA_BC,Physical Acts & Materials — Brick,0.278
PDR1346,*ōḍ- (?),bird,AN_BI,AN_BI,Animals — Bird,0.849,AN_DU,Animals — Duck,0.597,AN_HN,Animals — Hen,0.590
PDR1347,*ōg- (*ō-ŋ-),to swim,MO_SW,MO_SW,Motion & Transportation — to Swim,0.649,MO_FT,Motion & Transportation — to Float,0.378,AN_HU,Animals — to Hunt,0.377
PDR1348,*ōl-,1 fire 2 to scorch,PW_BU,PW_BU,"Physical World — to Burn, Scorch",0.455,PW_FI,Physical World — Fire (n),0.394,PW_MT,"Physical World — Match, Fire Stick",0.379
PDR1349,*ōl- (??),to see,SP_SE,SP_SE,Sense Perception — to See,0.464,SP_LO,Sense Perception — to Look,0.391,SP_SW,Sense Perception — to Show,0.385
PDR1350,*ōḷ1-,to dry (tr.),PA_WA,PA_WA,Physical Acts & Materials — to Wash,0.458,CA_TW,Clothing & Adornment — Towel,0.374,PA_WV,"Physical Acts & Materials — to Work, Toil",0.344
PDR1351,*ōm-,"to protect, preserve",PT_PR,PT_PR,"Possession & Trade — to Save, Preserve, Keep Safe",0.629,PT_SR,"Possession & Trade — to Save, Rescue",0.449,PT_KR,"Possession & Trade — to Keep, Retain",0.445
PDR1352,*ōm-,bishop's weed,RB_PR,RB_PR,Religion & Beliefs — Priest,0.357,AV_PN,"Agriculture & Vegetation — Plant, Herb",0.353,AV_ST,Agriculture & Vegetation — Smoke (Tobacco),0.343
PDR1353,*ōṇ-i,"alley, path",MO_PA,MO_PA,Motion & Transportation — Path,0.497,MO_RA,Motion & Transportation — Road,0.415,MO_ST,Motion & Transportation — Street,0.412
PDR1354,*ōr-,"side, border",SO_RT,SO_RT,"Social Relations — Region, Territory",0.385,SR_CN,"Spatial Relations — Angle, Corner",0.371,SR_EA,Spatial Relations — East,0.345
PDR1355,*ōr-,"to endure, suffer",EM_PS,EM_PS,"Emotion — Pain, Suffering",0.579,EM_CW,"Emotion — to Cry, Weep",0.451,EM_GS,"Emotion — Grief, Sorrow",0.406
PDR1356,*ōr-,male jackal; to howl,AN_MA,AN_MA,Animals — Male Animal,0.510,AN_CK,"Animals — Cock, Rooster",0.388,MK_MS,Mankind — Male,0.385
PDR1357,*ōr- (?),"warm, hot",SP_HW,SP_HW,"Sense Perception — Hot, Warm",0.492,TI_WI,Time — Winter,0.457,TI_SN,Time — Season,0.372
PDR1358,*ōr-ai,"oblique, slant",SR_CN,SR_CN,"Spatial Relations — Angle, Corner",0.488,SR_FL,Spatial Relations — Flat,0.404,SR_RO,Spatial Relations — Round (adj),0.392
PDR1359,*paC-,"green, yellow; fresh, raw",SP_GR,SP_GR,Sense Perception — Green,0.420,SP_YL,Sense Perception — Yellow,0.388,SP_CO,Sense Perception — Color,0.375
PDR1360,*pač- (?),"skin, bark",CA_CR,CA_CR,Clothing & Adornment — Collar,0.488,CA_FU,Clothing & Adornment — Fur,0.453,AN_BU,Animals — Bull,0.447
PDR1361,*pàd-,proper condition,PT_SC,PT_SC,"Possession & Trade — Surety, Security",0.285,PT_HA,Possession & Trade — to Have,0.281,LJ_FI,"Law & Judgment — Fine, Settlement",0.281
PDR1362,*paḍ-,"to get, to be able; to receive; to feel",EM_PL,EM_PL,Emotion — to Please,0.484,EM_DE,Emotion — to Desire,0.466,EM_LO,Emotion — to Love; Love,0.463
PDR1363,*pàḍ-,"fight, battle; army",WH_BT,WH_BT,Warfare & Hunting — Battle (n),0.646,WH_AR,Warfare & Hunting — Army,0.622,WH_FI,Warfare & Hunting — to Fight,0.614
PDR1364,*pàḍ-,"pond, tank",PW_LA,PW_LA,"Physical World — Lake, Pond",0.668,AN_DU,Animals — Duck,0.443,AN_FI,Animals — Fish (n),0.421
PDR1365,*paḍ-,"hasty, sudden",TI_HH,TI_HH,"Time — to Hurry, Hasten",0.584,TI_SI,"Time — Soon, Immediately",0.535,TI_SW,"Time — Fast, Swift, Quick",0.510
PDR1366,*padar_-,to hurry; to prattle,TI_HH,TI_HH,"Time — to Hurry, Hasten",0.730,TI_DE,Time — to Delay,0.578,TI_SI,"Time — Soon, Immediately",0.485
PDR1367,*pàḍav-,boat,MO_BT,MO_BT,Motion & Transportation — Boat,0.723,MO_SL,Motion & Transportation — Sail (n),0.561,MO_SA,Motion & Transportation — to Sail,0.558
PDR1368,*padd-,"moist, damp; distended, inflated",SP_WD,SP_WD,"Sense Perception — Wet, Damp",0.419,BP_SW,"Body Parts & Functions — Sweat, Perspiration",0.382,PW_RA,Physical World — Rain (n),0.347
PDR1369,*paḍḍ-,woman; child,MK_FS,MK_FS,Mankind — Female,0.545,MK_DA,Mankind — Daughter,0.532,MK_DL,Mankind — Daughter-in-Law,0.522
PDR1370,*paḍḍ-,perverse; prostitute,SO_WP,SO_WP,"Social Relations — Whore, Prostitute",0.597,MK_SX,Mankind — Sex,0.455,MK_FS,Mankind — Female,0.385
PDR1371,*paḍḍ-/*bar_-,heifer,AN_HG,AN_HG,Animals — He-Goat,0.531,AN_CO,Animals — Cow,0.521,AN_CF,Animals — Calf,0.505
PDR1372,*pàḍ-i,a measure of capacity,QN_EN,QN_EN,Quantity & Number — Enough,0.444,QN_MM,"Quantity & Number — Much, Many",0.379,SR_SZ,Spatial Relations — Size (n),0.376
PDR1373,*pad_-,"1 to pick, pluck 2 a piece",PT_SG,PT_SG,"Possession & Trade — to Grasp, Seize, Take Hold of",0.398,PT_TA,Possession & Trade — to Take,0.388,PT_ST,Possession & Trade — to Steal,0.383
PDR1374,*paɣ-,"to split, break",PA_SP,PA_SP,Physical Acts & Materials — to Split,0.466,PA_BK,Physical Acts & Materials — to Break,0.410,PA_CU,Physical Acts & Materials — to Cut,0.339
PDR1375,*paɣal-,day; dawn,TI_DW,TI_DW,Time — Dawn,0.779,TI_MG,Time — Morning,0.623,TI_EV,Time — Evening,0.603
PDR1376,*pai-,"1 boy, child 2 calf",AN_CF,AN_CF,Animals — Calf,0.619,AN_KI,Animals — Kid,0.437,AN_CB,"Animals — Cattle, Bovines",0.427
PDR1377,*pai-,"easily, gently, slowly",BP_LC,BP_LC,Body Parts & Functions — to Lick,0.277,BP_SI,Body Parts & Functions — to have Sexual Intercourse,0.259,EM_KS,Emotion — to Kiss,0.255
PDR1378,*pak-,scab,BP_KI,BP_KI,Body Parts & Functions — to Kill,0.316,CA_OI,Clothing & Adornment — Ointment,0.313,PA_FS,"Physical Acts & Materials — to Flay, Skin",0.308
PDR1379,*pal,tooth,BP_TO,BP_TO,Body Parts & Functions — Tooth,0.649,BP_JW,Body Parts & Functions — Jaw,0.448,BP_MO,Body Parts & Functions — Mouth,0.433
PDR1380,*pàl-,many,QN_MM,QN_MM,"Quantity & Number — Much, Many",0.446,EM_GD,Emotion — Good,0.310,QN_EN,Quantity & Number — Enough,0.303
PDR1381,*paḷ-,"plain, valley",PW_VA,PW_VA,"Physical World — Dale, Valley",0.554,PW_MH,"Physical World — Hill, Mountain",0.478,PW_PF,"Physical World — Plain, Field",0.433
PDR1382,*paḷ-,village,SO_CI,SO_CI,"Social Relations — Town, City",0.493,SO_TC,"Social Relations — Tribe, Clan, Family",0.451,DF_HU,Dwellings & Furniture — Hut,0.424
PDR1383,*paḷ-,"to shine, glitter",CA_DY,CA_DY,Clothing & Adornment — to Dye,0.435,CA_CK,Clothing & Adornment — Cloak,0.400,EM_GL,"Emotion — Fame, Glory",0.385
PDR1384,*paḷ-,"to cower, crouch",AN_CO,AN_CO,Animals — Cow,0.398,AN_PV,Animals — to Pasture,0.375,WH_RT,Warfare & Hunting — Retreat (n),0.370
PDR1385,*Pal-,lizard,AN_SK,AN_SK,Animals — Snake,0.524,AN_MK,Animals — Monkey,0.422,AN_BR,Animals — Bear,0.418
PDR1386,*paḷ- (?),peel,FD_KN,FD_KN,Food & Drink — Knife,0.379,PA_RU,Physical Acts & Materials — to Rub,0.379,PA_FS,"Physical Acts & Materials — to Flay, Skin",0.352
PDR1387,*palṇ- (?),jack-fruit,FD_FR,FD_FR,Food & Drink — Fruit,0.575,FD_PC,Food & Drink — Peach,0.473,FD_PR,Food & Drink — Pear,0.470
PDR1388,*paṇ-,"1 to command, speak 2 to send",SO_CR,SO_CR,"Social Relations — to Order, Command",0.386,MO_SE,Motion & Transportation — to Send,0.369,LM_CS,"Language & Music — to Call, Summon",0.349
PDR1389,*paṇ-,to do; to work,PA_WV,PA_WV,"Physical Acts & Materials — to Work, Toil",0.442,TI_FI,Time — to Finish,0.439,PA_WS,"Physical Acts & Materials — Work, Labor",0.438
PDR1390,*paṇ-,field; level ground,PW_GS,PW_GS,"Physical World — Ground, Soil",0.558,PW_PF,"Physical World — Plain, Field",0.490,PW_EL,"Physical World — Earth, Land",0.335
PDR1391,*pand-,shed,AN_BA,AN_BA,Animals — Barrow,0.353,DF_YR,"Dwellings & Furniture — Yard, Court",0.352,AN_PS,Animals — Pasture,0.323
PDR1392,*panḍ-,"skin, bark",CA_CR,CA_CR,Clothing & Adornment — Collar,0.488,CA_FU,Clothing & Adornment — Fur,0.453,AN_BU,Animals — Bull,0.447
PDR1393,*panḍ-,to be tired,BP_SL,BP_SL,Body Parts & Functions — to Sleep; Sleep,0.476,EM_DE,Emotion — to Desire,0.349,BP_WA,Body Parts & Functions — to Wake,0.340
PDR1394,*pand_-,pig,AN_PI,AN_PI,Animals — Pig,0.851,AN_BO,Animals — Boar,0.618,AN_SW,Animals — Swine,0.523
PDR1395,*pans-,to divide,QN_HA,QN_HA,Quantity & Number — Half,0.442,SR_DI,Spatial Relations — to Divide,0.440,QN_PR,Quantity & Number — Part (n),0.380
PDR1396,*panǯ-,to be replete,TI_FI,TI_FI,Time — to Finish,0.466,TI_LS,Time — to Last,0.387,TI_CE,Time — to Cease,0.352
PDR1397,*paŋ-,to divide; bifurcation,SR_DI,SR_DI,Spatial Relations — to Divide,0.346,TI_TI,Time — Time (period),0.283,SO_SQ,"Social Relations — Strife, Quarrel",0.276
PDR1398,*par-,"to cut, split",PA_CU,PA_CU,Physical Acts & Materials — to Cut,0.459,FD_KN,Food & Drink — Knife,0.417,PA_SP,Physical Acts & Materials — to Split,0.415
PDR1399,*par-,to run,MO_RU,MO_RU,Motion & Transportation — to Run,0.533,TI_FI,Time — to Finish,0.369,TI_HH,"Time — to Hurry, Hasten",0.361
PDR1400,*par-,to shine; dawn,TI_DW,TI_DW,Time — Dawn,0.628,TI_NG,Time — Night,0.439,TI_EV,Time — Evening,0.425
PDR1401,*par-,to love,EM_LO,EM_LO,Emotion — to Love; Love,0.671,EM_DE,Emotion — to Desire,0.515,EM_PL,Emotion — to Please,0.507
PDR1402,*par-,"pimple, boil, sore",FD_BO,FD_BO,Food & Drink — to Boil (trans,0.427,MO_BO,Motion & Transportation — to Boil (intrans,0.309,FD_KE,Food & Drink — Kettle,0.287
PDR1403,*par-,pebble,AN_PI,AN_PI,Animals — Pig,0.400,PW_SR,"Physical World — Rock, Stone",0.392,FD_FI,Food & Drink — Fig,0.384
PDR1404,*par- (*-r_-?),"to seek, grope",PT_SE,PT_SE,Possession & Trade — to Seek,0.517,EM_DE,Emotion — to Desire,0.410,AN_HU,Animals — to Hunt,0.392
PDR1405,*par- (?),"to drink, eat",FD_EA,FD_EA,Food & Drink — to Eat,0.777,FD_DR,Food & Drink — to Drink,0.773,FD_AM,Food & Drink — a Meal,0.676
PDR1406,*par[a]-,"to praise, bless",RB_BL,RB_BL,Religion & Beliefs — to Bless,0.681,EM_PR,Emotion — Praise (n),0.556,EM_JG,"Emotion — Glad, Joyful",0.437
PDR1407,*par-anḍ-,frog,AN_SK,AN_SK,Animals — Snake,0.555,AN_CT,Animals — Cat,0.530,AN_BI,Animals — Bird,0.524
PDR1408,*part-,cotton,CA_CO,CA_CO,Clothing & Adornment — Cotton,0.764,CA_TW,Clothing & Adornment — Towel,0.534,CA_WO,Clothing & Adornment — Wool,0.499
PDR1409,*par(u)nd-,a k. of bird of prey,AN_BI,AN_BI,Animals — Bird,0.660,AN_HN,Animals — Hen,0.486,AN_DU,Animals — Duck,0.476
PDR1410,*parup-,"pulse, dal; peas",FD_PE,FD_PE,Food & Drink — Pea,0.577,FD_BN,Food & Drink — Bean,0.502,FD_SG,Food & Drink — Sausage,0.392
PDR1411,*par_-,to scratch,PA_NA,PA_NA,"Physical Acts & Materials — Nail, Peg",0.375,TI_FI,Time — to Finish,0.367,PA_RU,Physical Acts & Materials — to Rub,0.359
PDR1412,*par_-,garden,AV_GA,AV_GA,"Agriculture & Vegetation — Garden, Orchard",0.606,AV_FL,Agriculture & Vegetation — Flower,0.602,AV_GR,Agriculture & Vegetation — Grass,0.572
PDR1413,*par_-,drum; a measure of capacity,QN_EN,QN_EN,Quantity & Number — Enough,0.426,QN_MM,"Quantity & Number — Much, Many",0.384,QN_WH,Quantity & Number — Whole,0.383
PDR1414,*par_-,to speak,LM_ST,LM_ST,"Language & Music — to Speak, Talk",0.561,LM_SG,Language & Music — to Sing,0.420,LM_SY,Language & Music — to Say,0.420
PDR1415,*paT-,ten,QN_NN,QN_NN,Quantity & Number — Numerals,0.403,QN_EN,Quantity & Number — Enough,0.383,QN_ON,Quantity & Number — One,0.368
PDR1416,*paṬ-,1 to fall 2 to lie down,MO_FA,MO_FA,Motion & Transportation — to Fall,0.386,WH_RT,Warfare & Hunting — Retreat (n),0.306,EM_LI,"Emotion — Lie, Falsehood",0.306
PDR1417,*paT-,to hide,BP_SH,BP_SH,"Body Parts & Functions — Skin, Hide",0.458,SR_HC,"Spatial Relations — to Hide, Conceal",0.444,AN_HU,Animals — to Hunt,0.323
PDR1418,*pat_-,"to catch, hold",PT_HO,PT_HO,Possession & Trade — to Hold,0.446,PT_KR,"Possession & Trade — to Keep, Retain",0.398,PT_SG,"Possession & Trade — to Grasp, Seize, Take Hold of",0.396
PDR1419,*paṭ-,1 flat 2 place,SR_FL,SR_FL,Spatial Relations — Flat,0.465,SR_PU,"Spatial Relations — to Put, Place, Set, Lay",0.347,SR_RO,Spatial Relations — Round (adj),0.342
PDR1420,*paṭ-,1 beam 2 timber,PW_WD,PW_WD,"Physical World — Wood, Timber",0.571,PA_BE,Physical Acts & Materials — Beam,0.384,PW_WF,"Physical World — Woods, Forest",0.376
PDR1421,*paṭ-,dwelling; yard,DF_YR,DF_YR,"Dwellings & Furniture — Yard, Court",0.689,DF_DW,"Dwellings & Furniture — to Live, Dwell",0.599,DF_HS,Dwellings & Furniture — House,0.549
PDR1422,*paṭ-,palm; instep,CA_GL,CA_GL,Clothing & Adornment — Glove,0.379,CA_SO,Clothing & Adornment — Shoe,0.324,BP_FI,Body Parts & Functions — Finger,0.322
PDR1423,*paṭ-ai,stripe,LM_IN,LM_IN,Language & Music — Ink,0.319,LM_LI,Language & Music — Line (n),0.311,CA_LA,Clothing & Adornment — Lace,0.301
PDR1424,*paṭ-ai,bark (of tree),PW_TR,PW_TR,"Physical World — Tree, Oak",0.564,AV_TR,Agriculture & Vegetation — Tree (generic),0.550,PW_WD,"Physical World — Wood, Timber",0.454
PDR1425,*paẓ-,"to scold, blame",EM_BL,EM_BL,Emotion — Blame (n),0.504,EM_FA,"Emotion — Fault, Guilt",0.451,EM_FG,Emotion — to Forgive,0.353
PDR1426,*paẓa-,old,TI_OL,TI_OL,Time — Old,0.622,TI_AG,Time — Age,0.560,TI_YG,Time — Young,0.481
PDR1427,*paẓ-[k-],rib; side,BP_RI,BP_RI,Body Parts & Functions — Rib,0.669,BP_FC,Body Parts & Functions — Front of Chest,0.436,BP_NV,Body Parts & Functions — Navel,0.419
PDR1428,"*paẓ-, *paẓ-nd-",to ripen,FD_FR,FD_FR,Food & Drink — Fruit,0.386,FD_PR,Food & Drink — Pear,0.360,AV_TH,Agriculture & Vegetation — to Thresh,0.340
PDR1429,*pāḍ-,to sing,LM_SG,LM_SG,Language & Music — to Sing,0.707,LM_ST,"Language & Music — to Speak, Talk",0.477,LM_WE,Language & Music — to Write,0.440
PDR1430,*pāḍ-,village,SO_CI,SO_CI,"Social Relations — Town, City",0.493,SO_TC,"Social Relations — Tribe, Clan, Family",0.451,DF_HU,Dwellings & Furniture — Hut,0.424
PDR1431,*pād- (?),root,AV_RO,AV_RO,Agriculture & Vegetation — Root,0.519,AV_BN,Agriculture & Vegetation — Branch,0.337,MK_SM,Mankind — Stepmother,0.273
PDR1432,*pād_-,to fly,MO_FY,MO_FY,Motion & Transportation — to Fly,0.651,AN_FL,Animals — Fly (n),0.528,BP_WI,Body Parts & Functions — Wing,0.429
PDR1433,*pāɣ-,to strike,PA_SH,PA_SH,"Physical Acts & Materials — to Hit, Strike, Beat",0.432,BP_BI,Body Parts & Functions — to Bite,0.336,WH_FI,Warfare & Hunting — to Fight,0.328
PDR1434,*pāj-,"to separate, part; to comb",CA_CB,CA_CB,Clothing & Adornment — Comb,0.564,PA_SP,Physical Acts & Materials — to Split,0.361,BP_BB,Body Parts & Functions — to Breathe; Breath,0.344
PDR1435,*pāj-,to jump,MO_JL,MO_JL,"Motion & Transportation — to Jump, Leap",0.650,MO_FY,Motion & Transportation — to Fly,0.410,MO_TH,Motion & Transportation — to Throw,0.382
PDR1436,*pāl,milk,FD_MS,FD_MS,Food & Drink — Milk,0.788,FD_MV,Food & Drink — to Milk,0.747,FD_CU,Food & Drink — Cup,0.490
PDR1437,*pāl-,portion,QN_HA,QN_HA,Quantity & Number — Half,0.514,QN_PR,Quantity & Number — Part (n),0.491,QN_WH,Quantity & Number — Whole,0.479
PDR1438,*pāl-,a k. of tree or its flower,AV_TR,AV_TR,Agriculture & Vegetation — Tree (generic),0.554,AV_FL,Agriculture & Vegetation — Flower,0.510,AV_LE,Agriculture & Vegetation — Leaf,0.504
PDR1439,*pāḷ-,"husk, bark",AN_PU,AN_PU,Animals — Puppy,0.383,AN_DO,Animals — Dog,0.382,CA_CR,Clothing & Adornment — Collar,0.361
PDR1440,*pā̆ḷ-,seedling,AV_SS,AV_SS,Agriculture & Vegetation — to Sow; Seed,0.572,FD_GR,Food & Drink — to Grind,0.384,AV_SH,Agriculture & Vegetation — Shovel (n),0.369
PDR1441,*pām-,snake,AN_SK,AN_SK,Animals — Snake,0.842,AN_AN,Animals — Animal,0.473,AN_CT,Animals — Cat,0.458
PDR1442,*pāṇ-,to sing,LM_SG,LM_SG,Language & Music — to Sing,0.707,LM_ST,"Language & Music — to Speak, Talk",0.477,LM_WE,Language & Music — to Write,0.440
PDR1443,*pār-,to grow; to swell,AV_SS,AV_SS,Agriculture & Vegetation — to Sow; Seed,0.341,AV_CT,"Agriculture & Vegetation — to Tilt, Cultivate",0.331,SR_GW,Spatial Relations — to Grow,0.290
PDR1444,*pār-,spade,AV_SP,AV_SP,Agriculture & Vegetation — Spade (n),0.476,WH_SH,Warfare & Hunting — Shield,0.409,WH_CL,Warfare & Hunting — Club,0.384
PDR1445,*pār-,to look at; sight,SP_LO,SP_LO,Sense Perception — to Look,0.630,SP_SI,Sense Perception — Sight (subj),0.624,SP_SG,"Sense Perception — Sight (obj), Look (obj), Appearance",0.607
PDR1446,*pārp-,child; young,TI_YG,TI_YG,Time — Young,0.610,AN_KI,Animals — Kid,0.490,TI_AG,Time — Age,0.476
PDR1447,*pā̆r_-,to spread,PT_LO,PT_LO,Possession & Trade — to Lose,0.331,PT_GI,Possession & Trade — to Give,0.314,PA_SO,"Physical Acts & Materials — to Strew, Spread Out",0.311
PDR1448,*pār_-,brahman,MK_WI,MK_WI,Mankind — Wife,0.348,AN_CO,Animals — Cow,0.332,MK_HU,Mankind — Husband,0.326
PDR1449,*pās-,to spread,PT_LO,PT_LO,Possession & Trade — to Lose,0.331,PT_GI,Possession & Trade — to Give,0.314,PA_SO,"Physical Acts & Materials — to Strew, Spread Out",0.311
PDR1450,*pās-,to rot; stale,TI_LS,TI_LS,Time — to Last,0.390,TI_OL,Time — Old,0.364,PT_SP,Possession & Trade — to Spoil,0.346
PDR1451,*pāT-,"field, garden bed",AV_BA,AV_BA,Agriculture & Vegetation — Barn,0.568,DF_YR,"Dwellings & Furniture — Yard, Court",0.542,AV_FC,Agriculture & Vegetation — Field for Cultivation,0.491
PDR1452,*pāṭ-,"size, extent",SR_SZ,SR_SZ,Spatial Relations — Size (n),0.461,SR_TD,Spatial Relations — Thick (in Dimension),0.374,SR_ND,Spatial Relations — Thin (in Dimension),0.353
PDR1453,*pāv-,"way, road",MO_RA,MO_RA,Motion & Transportation — Road,0.534,MO_ST,Motion & Transportation — Street,0.494,MO_PA,Motion & Transportation — Path,0.430
PDR1454,*pāv-,pupil; image,MT_PU,MT_PU,Mind & Thought — Pupil,0.680,BP_EY,Body Parts & Functions — Eye,0.522,SP_SG,"Sense Perception — Sight (obj), Look (obj), Appearance",0.437
PDR1455,*pāvaṭ-,a k. of plant,AV_LE,AV_LE,Agriculture & Vegetation — Leaf,0.520,AV_PN,"Agriculture & Vegetation — Plant, Herb",0.516,AV_FL,Agriculture & Vegetation — Flower,0.487
PDR1456,*pāẓ-,"1 old, deserted 2 ruins",MK_OR,MK_OR,Mankind — Orphan,0.359,DF_DW,"Dwellings & Furniture — to Live, Dwell",0.296,DF_TE,Dwellings & Furniture — Tent,0.281
PDR1457,*pāẓ-,a k. of sacral building and nearby territory,SO_RT,SO_RT,"Social Relations — Region, Territory",0.399,SR_PL,Spatial Relations — Place,0.395,DF_DG,"Dwellings & Furniture — Door, Gate",0.389
PDR1458,*pedav-,lip,BP_LI,BP_LI,Body Parts & Functions — Lip,0.673,BP_CK,Body Parts & Functions — Cheek,0.449,BP_MO,Body Parts & Functions — Mouth,0.427
PDR1459,*ped_-,"to pick up, collect",PT_GO,PT_GO,"Possession & Trade — to Get, Obtain",0.473,PT_ST,Possession & Trade — to Steal,0.464,PT_GI,Possession & Trade — to Give,0.450
PDR1460,*ped_-,"1 to bear, be born 2 to obtain",AN_BR,AN_BR,Animals — Bear,0.519,BP_BM,Body Parts & Functions — to Bear (of Mother),0.498,MO_CA,"Motion & Transportation — to Bear, Carry",0.419
PDR1461,*ped_-,"to swell; great, abundant",EM_JG,EM_JG,"Emotion — Glad, Joyful",0.309,BP_SM,"Body Parts & Functions — Strong, Mighty, Powerful",0.301,PA_PO,Physical Acts & Materials — to Pour,0.297
PDR1462,*pein-,"cool, cold",TI_WI,TI_WI,Time — Winter,0.473,TI_NW,Time — New,0.367,TI_HR,Time — Hour,0.356
PDR1463,*peṇ-,female,MK_FS,MK_FS,Mankind — Female,0.610,AN_FE,Animals — Female Animal,0.508,MK_MS,Mankind — Male,0.461
PDR1464,*pendj-[ar],name,LM_NA,LM_NA,Language & Music — Name,0.388,TI_SN,Time — Season,0.346,TI_MT,Time — Month,0.334
PDR1465,*Per-,big,SR_SZ,SR_SZ,Spatial Relations — Size (n),0.322,SR_XL,"Spatial Relations — Big, Large, Great",0.296,TI_YR,Time — Year,0.289
PDR1466,*per-,a k. of bee,AN_BE,AN_BE,Animals — Bee,0.697,AN_PI,Animals — Pig,0.386,AN_WO,Animals — Wolf,0.362
PDR1467,*pera-,husked rice,AV_RI,AV_RI,Agriculture & Vegetation — Rice,0.507,AV_HO,Agriculture & Vegetation — Hoe (n),0.366,FD_ML,Food & Drink — Mill,0.362
PDR1468,*per_-,curds,AN_PI,AN_PI,Animals — Pig,0.301,AN_CF,Animals — Calf,0.294,AN_DU,Animals — Duck,0.294
PDR1469,*pesaL-,green gram,SP_GR,SP_GR,Sense Perception — Green,0.405,CA_DY,Clothing & Adornment — to Dye,0.282,AV_PN,"Agriculture & Vegetation — Plant, Herb",0.279
PDR1470,*peṭ-,"female of animals, birds",AN_FE,AN_FE,Animals — Female Animal,0.814,AN_BI,Animals — Bird,0.715,AN_MA,Animals — Male Animal,0.611
PDR1471,*peṭ-,"box, chest",BP_FC,BP_FC,Body Parts & Functions — Front of Chest,0.455,CA_PI,"Clothing & Adornment — Pin, Brooch",0.397,PT_TR,Possession & Trade — Treasure,0.378
PDR1472,*Peṭ-,"to place, put",SR_PU,SR_PU,"Spatial Relations — to Put, Place, Set, Lay",0.496,SR_PL,Spatial Relations — Place,0.428,SR_SI,Spatial Relations — to Sit,0.323
PDR1473,*peẓ(n)- (?),bone,BP_BN,BP_BN,Body Parts & Functions — Bone,0.650,BP_NA,"Body Parts & Functions — Nail, Claw",0.451,BP_TE,Body Parts & Functions — Toe,0.395
PDR1474,*pēd-,"1 folly, ignorance; 2 poor",MT_FS,MT_FS,"Mind & Thought — Stupid, Foolish",0.481,LJ_AC,Law & Judgment — to Accuse,0.358,LJ_IN,Law & Judgment — Innocent,0.354
PDR1475,*pēḍ-,effeminate,MK_SX,MK_SX,Mankind — Sex,0.388,MK_FS,Mankind — Female,0.360,MK_MS,Mankind — Male,0.330
PDR1476,*pēd_- (*-r_-),"to pile up, load",TI_HH,TI_HH,"Time — to Hurry, Hasten",0.341,MO_RL,"Motion & Transportation — to Lift, Raise",0.312,MO_BL,Motion & Transportation — to Blow,0.299
PDR1477,*pēj-[Vn],1 god 2 fervency,RB_GD,RB_GD,Religion & Beliefs — God,0.440,RB_PH,"Religion & Beliefs — Pagan, Heathen (n)",0.388,RB_OM,Religion & Beliefs — Omen,0.385
PDR1478,*pēḷ-,to defecate,BP_ED,BP_ED,"Body Parts & Functions — to Void Excrement; Dung, Excrement",0.499,BP_FB,"Body Parts & Functions — to Fart, Break Wind",0.401,BP_VO,Body Parts & Functions — to Vomit,0.394
PDR1479,*pēn,louse,MK_GM,MK_GM,Mankind — Grandmother,0.324,MK_GD,Mankind — Granddaughter,0.292,MK_GF,Mankind — Grandfather,0.289
PDR1480,*pēṇ-,"to foster, protect",PT_PR,PT_PR,"Possession & Trade — to Save, Preserve, Keep Safe",0.413,WH_CP,"Warfare & Hunting — Captive, Prisoner",0.402,WH_DS,Warfare & Hunting — Defense,0.390
PDR1481,*pēnḍ-,cowdung,AN_CO,AN_CO,Animals — Cow,0.567,AN_CB,"Animals — Cattle, Bovines",0.451,AN_BU,Animals — Bull,0.400
PDR1482,*pēnǯ-,to strain water,PA_BN,PA_BN,Physical Acts & Materials — to Bend,0.405,PW_WA,Physical World — Water,0.368,PA_TE,Physical Acts & Materials — to Tear,0.364
PDR1483,*pēS-,"filth, secretions",MT_SR,MT_SR,Mind & Thought — Secret,0.466,BP_SH,"Body Parts & Functions — Skin, Hide",0.410,BP_SS,Body Parts & Functions — Sick; Sickness,0.386
PDR1484,*pēẓ-,to fear,EM_FF,EM_FF,"Emotion — Fear, Fright",0.499,EM_DE,Emotion — to Desire,0.437,AN_HU,Animals — to Hunt,0.395
PDR1485,*pēẓ- (?),to speak,LM_ST,LM_ST,"Language & Music — to Speak, Talk",0.561,LM_SG,Language & Music — to Sing,0.420,LM_SY,Language & Music — to Say,0.420
PDR1486,*pic-,mad; bile,EM_AG,EM_AG,Emotion — Anger,0.424,MT_IM,"Mind & Thought — Mad, Crazy, Insane",0.420,EM_RF,"Emotion — Rage, Fury",0.409
PDR1487,*pic-,rheum of the eye,BP_EY,BP_EY,Body Parts & Functions — Eye,0.525,BP_EB,Body Parts & Functions — Eyebrow,0.409,MT_PU,Mind & Thought — Pupil,0.335
PDR1488,*pič-,"sticky, gummy",BP_MO,BP_MO,Body Parts & Functions — Mouth,0.292,AN_GE,Animals — Gelding,0.286,TI_AN,Time — Again,0.285
PDR1489,*pid-,to squeeze,FD_SU,FD_SU,"Food & Drink — to Suck, Suckle",0.346,FD_KD,Food & Drink — to Knead,0.328,BP_SP,Body Parts & Functions — to Spit,0.327
PDR1490,*piḍ-,"to catch, seize",PT_SG,PT_SG,"Possession & Trade — to Grasp, Seize, Take Hold of",0.543,PT_ST,Possession & Trade — to Steal,0.477,PT_RR,Possession & Trade — to Rob; Robber,0.425
PDR1491,*pìḍ-,"1 back, behind 2 nape",BP_BA,BP_BA,Body Parts & Functions — Back,0.445,CA_SK,Clothing & Adornment — Skirt,0.345,BP_FC,Body Parts & Functions — Front of Chest,0.344
PDR1492,*pìḍ-i,female of animal (elephant),AN_FE,AN_FE,Animals — Female Animal,0.813,AN_EL,Animals — Elephant,0.725,AN_MA,Animals — Male Animal,0.644
PDR1493,*pid_-,back,BP_BA,BP_BA,Body Parts & Functions — Back,0.484,PT_GB,"Possession & Trade — to Return, Give Back",0.401,TI_AN,Time — Again,0.383
PDR1494,*pid_-,rain,PW_RA,PW_RA,Physical World — Rain (n),0.698,PW_WE,Physical World — Weather,0.477,TI_AU,Time — Autumn,0.473
PDR1495,*pid_-Vk- (?),a k. of small insect,AN_IN,AN_IN,Animals — Insect,0.596,AN_FL,Animals — Fly (n),0.406,AN_BE,Animals — Bee,0.401
PDR1496,*pig- (?),heavy,SP_HV,SP_HV,"Sense Perception — Heavy, Weighty",0.403,BP_SM,"Body Parts & Functions — Strong, Mighty, Powerful",0.358,CA_FE,Clothing & Adornment — Felt,0.306
PDR1497,*piɣ-,"shoulder, nape of neck",BP_NK,BP_NK,Body Parts & Functions — Neck,0.677,BP_SD,Body Parts & Functions — Shoulder,0.633,BP_HE,Body Parts & Functions — Head,0.526
PDR1498,*pik-,calf of leg,AN_CF,AN_CF,Animals — Calf,0.731,BP_LE,Body Parts & Functions — Leg,0.589,BP_FT,Body Parts & Functions — Foot,0.467
PDR1499,*Pil-,cat,AN_CT,AN_CT,Animals — Cat,0.812,AN_DO,Animals — Dog,0.575,AN_AN,Animals — Animal,0.539
PDR1500,*piḷ-,"to crack, burst",TI_HH,TI_HH,"Time — to Hurry, Hasten",0.385,PA_BK,Physical Acts & Materials — to Break,0.341,TI_SI,"Time — Soon, Immediately",0.317
PDR1501,*piḷ-,young girl,TI_YG,TI_YG,Time — Young,0.500,TI_AG,Time — Age,0.387,MK_GI,Mankind — Girl,0.386
PDR1502,*piḷ-,to call; to roar,LM_CS,LM_CS,"Language & Music — to Call, Summon",0.512,LM_SG,Language & Music — to Sing,0.390,LM_CN,"Language & Music — to Call, Name",0.387
PDR1503,*pilpul-,butterfly,AN_BI,AN_BI,Animals — Bird,0.480,AN_IN,Animals — Insect,0.475,AN_BE,Animals — Bee,0.454
PDR1504,*pin-,"1 small, young 2 mother's younger sister, etc.",MK_BS,MK_BS,Mankind — Sibling(s),0.404,MK_SW,Mankind — Sister-in-Law,0.373,SO_TC,"Social Relations — Tribe, Clan, Family",0.366
PDR1505,*pinc-,peacock's tail,AN_BI,AN_BI,Animals — Bird,0.486,BP_TA,Body Parts & Functions — Tail,0.471,AN_GS,Animals — Goose,0.468
PDR1506,*pinḍ-,flour,FD_MF,FD_MF,"Food & Drink — Meal, Flour",0.741,FD_DO,Food & Drink — Dough,0.480,FD_PA,Food & Drink — Pan,0.428
PDR1507,*pindj-,young fruit or berry,FD_BY,FD_BY,Food & Drink — Berry,0.689,FD_FR,Food & Drink — Fruit,0.665,FD_PR,Food & Drink — Pear,0.541
PDR1508,*piṇ-/*pīnḍ-,"to entwine, twist",TI_AU,TI_AU,Time — Autumn,0.335,PA_FO,Physical Acts & Materials — to Fold,0.314,PA_BN,Physical Acts & Materials — to Bend,0.313
PDR1509,*pir-,"to twist, turn",MO_TU,MO_TU,Motion & Transportation — to Turn,0.430,MO_TA,Motion & Transportation — to Turn Around,0.427,PA_BN,Physical Acts & Materials — to Bend,0.363
PDR1510,*PIr-,"skin, bark",CA_CR,CA_CR,Clothing & Adornment — Collar,0.488,CA_FU,Clothing & Adornment — Fur,0.453,AN_BU,Animals — Bull,0.447
PDR1511,*pir-i-,"to crack, open",TI_NW,TI_NW,Time — New,0.336,EM_DA,Emotion — to Dare,0.333,TI_FI,Time — to Finish,0.327
PDR1512,*pir_-,to tremble,MO_SH,MO_SH,Motion & Transportation — to Shake,0.438,EM_DA,Emotion — to Dare,0.398,EM_GR,Emotion — to Groan,0.378
PDR1513,*pis-,to sprinkle,FD_KD,FD_KD,Food & Drink — to Knead,0.351,BP_SP,Body Parts & Functions — to Spit,0.320,FD_SU,"Food & Drink — to Suck, Suckle",0.319
PDR1514,*piṭ-,small bird,AN_BI,AN_BI,Animals — Bird,0.719,AN_HN,Animals — Hen,0.496,AN_DU,Animals — Duck,0.490
PDR1515,*piẓ-,to slip; to err,MO_SS,MO_SS,"Motion & Transportation — to Slip, Slide",0.571,CA_SL,Clothing & Adornment — Slipper,0.527,MO_PS,"Motion & Transportation — to Push, Shove",0.420
PDR1516,*piẓc-,sparrow,AN_BI,AN_BI,Animals — Bird,0.602,AN_GS,Animals — Goose,0.468,AN_CK,"Animals — Cock, Rooster",0.467
PDR1517,*piẓig-,"entrails, bowels",BP_ED,BP_ED,"Body Parts & Functions — to Void Excrement; Dung, Excrement",0.422,BP_NV,Body Parts & Functions — Navel,0.409,FD_BW,Food & Drink — Bowl,0.375
PDR1518,"*piẓi-k-, -l-",mango fruit,FD_FR,FD_FR,Food & Drink — Fruit,0.681,FD_PC,Food & Drink — Peach,0.555,FD_BY,Food & Drink — Berry,0.518
PDR1519,*piẓ-/*pinḍ-,"to squeeze, milk",FD_MV,FD_MV,Food & Drink — to Milk,0.599,FD_MS,Food & Drink — Milk,0.566,FD_SU,"Food & Drink — to Suck, Suckle",0.408
PDR1520,*piẓuk-,cowdung,AN_CO,AN_CO,Animals — Cow,0.567,AN_CB,"Animals — Cattle, Bovines",0.451,AN_BU,Animals — Bull,0.400
PDR1521,*pī-,excrement,BP_ED,BP_ED,"Body Parts & Functions — to Void Excrement; Dung, Excrement",0.647,BP_VO,Body Parts & Functions — to Vomit,0.420,BP_BD,Body Parts & Functions — to Bury the Dead,0.391
PDR1522,*pīc-,"to squeeze, milk",FD_MV,FD_MV,Food & Drink — to Milk,0.599,FD_MS,Food & Drink — Milk,0.566,FD_SU,"Food & Drink — to Suck, Suckle",0.408
PDR1523,*pīd_-,"to squeeze, milk",FD_MV,FD_MV,Food & Drink — to Milk,0.599,FD_MS,Food & Drink — Milk,0.566,FD_SU,"Food & Drink — to Suck, Suckle",0.408
PDR1524,*pīK-,to pull out,BP_SP,BP_SP,Body Parts & Functions — to Spit,0.306,BP_FB,"Body Parts & Functions — to Fart, Break Wind",0.290,BP_LC,Body Parts & Functions — to Lick,0.279
PDR1525,*pīl-,weak,BP_WE,BP_WE,"Body Parts & Functions — Weak, Infirm",0.395,BP_SM,"Body Parts & Functions — Strong, Mighty, Powerful",0.384,PT_PO,Possession & Trade — Poor,0.308
PDR1526,*pīl-i,peacock's feather,AN_HN,AN_HN,Animals — Hen,0.549,AN_GS,Animals — Goose,0.534,BP_FE,Body Parts & Functions — Feather,0.531
PDR1527,*pīṇV́-,corpse,BP_CS,BP_CS,"Body Parts & Functions — Corpse, Body",0.631,BP_BD,Body Parts & Functions — to Bury the Dead,0.584,BP_DD,Body Parts & Functions — to Die; Dead; Death,0.533
PDR1528,*pīr-,straw,FD_SP,FD_SP,Food & Drink — Spoon,0.467,FD_CU,Food & Drink — Cup,0.364,FD_PJ,"Food & Drink — Jug, Pitcher",0.358
PDR1529,*pīr_- (*-d_-),to be torn,EM_TR,EM_TR,Emotion — Tear (n),0.445,EM_CW,"Emotion — to Cry, Weep",0.413,EM_PV,Emotion — to Play,0.386
PDR1530,*pīt-,to fart,BP_FB,BP_FB,"Body Parts & Functions — to Fart, Break Wind",0.574,TI_LS,Time — to Last,0.339,BP_VO,Body Parts & Functions — to Vomit,0.328
PDR1531,*poč-,vulva,BP_SI,BP_SI,Body Parts & Functions — to have Sexual Intercourse,0.416,MK_SX,Mankind — Sex,0.366,SO_WP,"Social Relations — Whore, Prostitute",0.340
PDR1532,*pod-,"to increase, swell",MO_RL,MO_RL,"Motion & Transportation — to Lift, Raise",0.315,FD_KD,Food & Drink — to Knead,0.275,FD_SL,Food & Drink — Salt,0.268
PDR1533,*poḍ-,"1 to winnow, beat 2 to fight",WH_DF,WH_DF,Warfare & Hunting — Defeat (n),0.494,WH_VI,Warfare & Hunting — Victory,0.478,WH_SU,Warfare & Hunting — to Surrender,0.458
PDR1534,*pòḍ-,"1 tall, long 2 slope of hill",PW_MH,PW_MH,"Physical World — Hill, Mountain",0.603,PW_GS,"Physical World — Ground, Soil",0.322,AN_BA,Animals — Barrow,0.292
PDR1535,*poḍ-,to rise,MO_RL,MO_RL,"Motion & Transportation — to Lift, Raise",0.478,MO_RI,Motion & Transportation — to Rise,0.457,TI_BB,Time — to Begin; Beginning,0.381
PDR1536,*podd-,father-in-law,MK_FL,MK_FL,Mankind — Father-in-Law,0.791,MK_ML,Mankind — Mother-in-Law,0.691,MK_SL,Mankind — Son-in-Law,0.666
PDR1537,*pòḍ-i,"powder, dust",PW_DU,PW_DU,"Physical World — Dust, Powder",0.836,PA_CL,Physical Acts & Materials — Clay,0.412,PW_SA,"Physical World — Sand, Grit",0.410
PDR1538,*pod-k-,navel,BP_NV,BP_NV,Body Parts & Functions — Navel,0.789,BP_BS,"Body Parts & Functions — Belly, Stomach",0.498,CA_AP,Clothing & Adornment — Apron,0.451
PDR1539,*podm-,udder,BP_UA,BP_UA,Body Parts & Functions — Udder of Animals,0.565,AN_CA,Animals — to Castrate,0.392,AN_HE,Animals — Herdsman,0.354
PDR1540,*podr_- (?),"1 to soak, get wet 2 to swell",CA_OI,CA_OI,Clothing & Adornment — Ointment,0.335,FD_SL,Food & Drink — Salt,0.306,BP_BI,Body Parts & Functions — to Bite,0.287
PDR1541,*poḍVl-,snake-gourd,AN_SK,AN_SK,Animals — Snake,0.612,AN_HG,Animals — He-Goat,0.343,AN_GO,Animals — Goat,0.333
PDR1542,*pod_-,top; hill,PW_MH,PW_MH,"Physical World — Hill, Mountain",0.597,PW_VA,"Physical World — Dale, Valley",0.346,AN_BA,Animals — Barrow,0.314
PDR1543,*pod_-,lungs,BP_CO,BP_CO,Body Parts & Functions — to Cough,0.587,BP_BB,Body Parts & Functions — to Breathe; Breath,0.554,BP_FC,Body Parts & Functions — Front of Chest,0.455
PDR1544,*pog-,"to burn, grieve",PW_BU,PW_BU,"Physical World — to Burn, Scorch",0.517,EM_CW,"Emotion — to Cry, Weep",0.424,EM_GS,"Emotion — Grief, Sorrow",0.422
PDR1545,*pog-,to enter,MO_EN,MO_EN,Motion & Transportation — to Enter,0.513,DF_DG,"Dwellings & Furniture — Door, Gate",0.351,TI_FI,Time — to Finish,0.318
PDR1546,*pog-aẓ-,"to praise; renown, praise",EM_PR,EM_PR,Emotion — Praise (n),0.519,RB_PC,Religion & Beliefs — to Preach,0.397,RB_BL,Religion & Beliefs — to Bless,0.383
PDR1547,*pogVn-,green pigeon,AN_BI,AN_BI,Animals — Bird,0.608,AN_HN,Animals — Hen,0.497,AN_HC,"Animals — Hen, Chicken (generic)",0.458
PDR1548,*poɣ-,smoke,PW_SM,PW_SM,Physical World — Smoke (n),0.610,AV_ST,Agriculture & Vegetation — Smoke (Tobacco),0.479,EM_AG,Emotion — Anger,0.366
PDR1549,*poj-,"to spill, flow",MO_FL,MO_FL,Motion & Transportation — to Flow,0.521,MO_SI,Motion & Transportation — to Sink,0.455,FD_PJ,"Food & Drink — Jug, Pitcher",0.419
PDR1550,*pok-,"blister, bubble, boil",FD_BO,FD_BO,Food & Drink — to Boil (trans,0.520,MO_BO,Motion & Transportation — to Boil (intrans,0.389,FD_KE,Food & Drink — Kettle,0.388
PDR1551,*pok-,to speak; to cry,EM_CW,EM_CW,"Emotion — to Cry, Weep",0.665,LM_SC,"Language & Music — to Shout, Cry Out",0.607,EM_GR,Emotion — to Groan,0.490
PDR1552,*PoK-,hole,SR_HL,SR_HL,Spatial Relations — Hole,0.440,TI_NW,Time — New,0.321,TI_YR,Time — Year,0.320
PDR1553,*pòl-,"field, rice-field",AV_RI,AV_RI,Agriculture & Vegetation — Rice,0.586,AV_FC,Agriculture & Vegetation — Field for Cultivation,0.497,AV_FL,Agriculture & Vegetation — Flower,0.453
PDR1554,*pol-,to perish; to be weakened,EM_DG,EM_DG,"Emotion — Peril, Danger",0.424,LJ_PY,Law & Judgment — Perjury,0.412,WH_SU,Warfare & Hunting — to Surrender,0.404
PDR1555,*pol-,"to lament, grieve; speech, sound",EM_GR,EM_GR,Emotion — to Groan,0.580,LM_VC,Language & Music — Various Cries,0.544,LM_SC,"Language & Music — to Shout, Cry Out",0.533
PDR1556,*poḷ-,husk; chaff,AN_AD,AN_AD,"Animals — Ass, Donkey",0.321,AN_WE,Animals — Wether,0.313,AN_BR,Animals — Bear,0.308
PDR1557,*poḷ-,"hole; to bore, chisel",PA_CS,PA_CS,Physical Acts & Materials — Chisel (n),0.481,PA_BR,Physical Acts & Materials — to Bore,0.352,SR_HL,Spatial Relations — Hole,0.350
PDR1558,*pol-,"bad, mean; dirty, pollution",EM_BD,EM_BD,Emotion — Bad,0.449,EM_GD,Emotion — Good,0.388,PW_MI,"Physical World — Mist, Fog, Haze",0.381
PDR1559,*poḷ-,to pare off (skin),BP_SH,BP_SH,"Body Parts & Functions — Skin, Hide",0.560,PA_FS,"Physical Acts & Materials — to Flay, Skin",0.467,BP_CK,Body Parts & Functions — Cheek,0.411
PDR1560,*pol-i-,"to increase; to acquire, gain, prosper",PT_PF,PT_PF,"Possession & Trade — Gain, Profit",0.540,PT_RC,Possession & Trade — Rich,0.481,PT_WR,"Possession & Trade — Wealth, Riches",0.466
PDR1561,*pom-,to embrace,EM_LO,EM_LO,Emotion — to Love; Love,0.463,EM_KS,Emotion — to Kiss,0.441,EM_PL,Emotion — to Please,0.428
PDR1562,*pom-,breast,BP_BW,BP_BW,Body Parts & Functions — Breast of Woman,0.717,BP_FC,Body Parts & Functions — Front of Chest,0.466,WH_BC,"Warfare & Hunting — Corslet, Breastplate",0.448
PDR1563,*pon-,metal,PA_CM,PA_CM,Physical Acts & Materials — to Cast (metals),0.530,PA_CO,"Physical Acts & Materials — Copper, Bronze",0.519,PA_IR,Physical Acts & Materials — Iron,0.478
PDR1564,*pon-,mast-wood,PW_WD,PW_WD,"Physical World — Wood, Timber",0.595,MO_MS,Motion & Transportation — Mast,0.497,PW_TR,"Physical World — Tree, Oak",0.446
PDR1565,*Pond-,hole,SR_HL,SR_HL,Spatial Relations — Hole,0.440,TI_NW,Time — New,0.321,TI_YR,Time — Year,0.320
PDR1566,*poŋ-,to swell,BP_BI,BP_BI,Body Parts & Functions — to Bite,0.337,BP_CO,Body Parts & Functions — to Cough,0.317,BP_KN,Body Parts & Functions — Knee,0.313
PDR1567,*Poŋ-,"to float, flow",MO_FT,MO_FT,Motion & Transportation — to Float,0.690,MO_FL,Motion & Transportation — to Flow,0.615,MO_SI,Motion & Transportation — to Sink,0.553
PDR1568,*por-,"1 to join, unite 2 to occur",SR_JU,SR_JU,"Spatial Relations — to Join, Unite",0.491,SO_ME,Social Relations — to Meet,0.394,SO_CR,"Social Relations — to Order, Command",0.381
PDR1569,*por-,"to fry, roast",FD_RF,FD_RF,"Food & Drink — to Roast, Fry",0.780,FD_CO,Food & Drink — to Cook,0.455,FD_OV,Food & Drink — Oven,0.397
PDR1570,*por-,layer; scale; cataract,SP_SG,SP_SG,"Sense Perception — Sight (obj), Look (obj), Appearance",0.367,BP_EY,Body Parts & Functions — Eye,0.335,SP_LO,Sense Perception — to Look,0.315
PDR1571,*por- (*-u-),roof; house,DF_RF,DF_RF,Dwellings & Furniture — Roof,0.745,DF_HS,Dwellings & Furniture — House,0.568,DF_HO,Dwellings & Furniture — Home,0.539
PDR1572,*por-[a-],to sell,PT_SL,PT_SL,Possession & Trade — to Sell,0.595,PT_BU,Possession & Trade — to Buy,0.490,PT_LO,Possession & Trade — to Lose,0.484
PDR1573,*pos-,to lie (cheat),EM_LI,EM_LI,"Emotion — Lie, Falsehood",0.467,LJ_OA,Law & Judgment — Oath,0.359,EM_FL,Emotion — Faithful,0.330
PDR1574,*pot-,"1 to bury, cover 2 bush",BP_BD,BP_BD,Body Parts & Functions — to Bury the Dead,0.492,WH_SU,Warfare & Hunting — to Surrender,0.413,WH_RT,Warfare & Hunting — Retreat (n),0.391
PDR1575,*pot-,"sapling, twig",AN_SO,AN_SO,Animals — Sow,0.352,AN_BR,Animals — Bear,0.344,AN_OX,"Animals — Ox, Steer",0.344
PDR1576,*pot-,common; friendship,SO_CN,SO_CN,Social Relations — Common (adj),0.696,SO_FR,Social Relations — Friend,0.604,SO_CM,Social Relations — Companion,0.496
PDR1577,*pot-,"to pierce, perforate",FD_KN,FD_KN,Food & Drink — Knife,0.349,LJ_PY,Law & Judgment — Perjury,0.331,BP_TO,Body Parts & Functions — Tooth,0.326
PDR1578,*pot-,to burn,PW_BU,PW_BU,"Physical World — to Burn, Scorch",0.558,FD_RF,"Food & Drink — to Roast, Fry",0.375,LJ_AR,Law & Judgment — Arson,0.370
PDR1579,*poṭ-,blister,CA_PI,CA_PI,"Clothing & Adornment — Pin, Brooch",0.333,CA_SL,Clothing & Adornment — Slipper,0.315,CA_SC,"Clothing & Adornment — Cobbler, Shoemaker",0.305
PDR1580,*poṭ-,"husks, chaff",AN_AD,AN_AD,"Animals — Ass, Donkey",0.319,AN_FX,Animals — Fox,0.319,AN_WE,Animals — Wether,0.318
PDR1581,*poṭ-,1 to burst 2 to clap,TI_MS,TI_MS,"Time — Minute, Second",0.305,PW_TH,"Physical World — Noise, Thunder",0.303,WH_AW,Warfare & Hunting — Arrow,0.288
PDR1582,*poṭ- (*pavṭ-),belly,BP_BS,BP_BS,"Body Parts & Functions — Belly, Stomach",0.715,BP_NV,Body Parts & Functions — Navel,0.657,BP_WO,Body Parts & Functions — Womb,0.479
PDR1583,*poṭ- (?),bird,AN_BI,AN_BI,Animals — Bird,0.849,AN_DU,Animals — Duck,0.597,AN_HN,Animals — Hen,0.590
PDR1584,*poẓ-,to pour,PA_PO,PA_PO,Physical Acts & Materials — to Pour,0.551,FD_CU,Food & Drink — Cup,0.458,FD_DR,Food & Drink — to Drink,0.447
PDR1585,*poẓd-,sun,PW_SU,PW_SU,Physical World — Sun,0.743,PW_SD,"Physical World — Shade, Shadow",0.498,TI_SM,Time — Summer,0.433
PDR1586,*pō-,to go,MO_GO,MO_GO,Motion & Transportation — to Go,0.485,TI_FI,Time — to Finish,0.478,TI_LS,Time — to Last,0.426
PDR1587,*pōk-,"wicked, mischievous",AN_DU,AN_DU,Animals — Duck,0.331,EM_WA,"Emotion — Wonder, Astonishment",0.327,LJ_IN,Law & Judgment — Innocent,0.320
PDR1588,*pōk-,ant,AN_EL,AN_EL,Animals — Elephant,0.440,AN_BE,Animals — Bee,0.439,AN_IN,Animals — Insect,0.439
PDR1589,*pōl-,to resemble,MT_SE,MT_SE,Mind & Thought — to Seem,0.403,SP_LO,Sense Perception — to Look,0.366,CA_MR,Clothing & Adornment — Mirror,0.350
PDR1590,*pōr-,to cover,CA_VE,CA_VE,Clothing & Adornment — Veil,0.309,CA_CK,Clothing & Adornment — Cloak,0.299,SR_HC,"Spatial Relations — to Hide, Conceal",0.297
PDR1591,*pōr-,1 to be angry; to abuse 2 to fight,EM_AG,EM_AG,Emotion — Anger,0.521,EM_RF,"Emotion — Rage, Fury",0.519,EM_HT,Emotion — Hate (n),0.466
PDR1592,*pōr-,heap,AN_RA,AN_RA,Animals — Ram,0.353,DF_YR,"Dwellings & Furniture — Yard, Court",0.343,PW_MU,"Physical World — Mud, Mire",0.337
PDR1593,*pōr-,to hatch eggs,BP_EG,BP_EG,Body Parts & Functions — Egg,0.512,AN_HN,Animals — Hen,0.343,AN_WR,Animals — Worm,0.339
PDR1594,*Pōr-,bull,AN_BU,AN_BU,Animals — Bull,0.791,AN_BR,Animals — Bear,0.518,AN_CO,Animals — Cow,0.497
PDR1595,*pōr_-,child,AN_KI,AN_KI,Animals — Kid,0.572,MK_CH,Mankind — Child,0.482,MK_DA,Mankind — Daughter,0.437
PDR1596,*pōt-,male (of animals); cock,AN_MA,AN_MA,Animals — Male Animal,0.795,AN_CK,"Animals — Cock, Rooster",0.711,AN_FE,Animals — Female Animal,0.656
PDR1597,*pōt- (?),flesh,BP_FL,BP_FL,Body Parts & Functions — Flesh,0.692,BP_UA,Body Parts & Functions — Udder of Animals,0.498,BP_CS,"Body Parts & Functions — Corpse, Body",0.472
PDR1598,*pōẓ-,"to split, cleave",PA_SP,PA_SP,Physical Acts & Materials — to Split,0.375,FD_KN,Food & Drink — Knife,0.327,PA_FO,Physical Acts & Materials — to Fold,0.285
PDR1599,*pucn-,new,TI_NW,TI_NW,Time — New,0.587,TI_OL,Time — Old,0.332,TI_NO,Time — Now,0.279
PDR1600,*puḍ-,"to touch, feel",SP_TV,SP_TV,Sense Perception — to Touch,0.665,SP_TC,Sense Perception — Touch (n),0.599,SP_FO,Sense Perception — to Feel of,0.502
PDR1601,*pud_-,dove,AN_GS,AN_GS,Animals — Goose,0.538,AN_BI,Animals — Bird,0.511,AN_HN,Animals — Hen,0.426
PDR1602,*pul,small,QN_LF,QN_LF,"Quantity & Number — Few, Little",0.423,SR_SZ,Spatial Relations — Size (n),0.327,BP_PE,Body Parts & Functions — Penis,0.288
PDR1603,*pùl-,tiger,AN_LN,AN_LN,Animals — Lion,0.580,AN_CT,Animals — Cat,0.516,AN_SK,Animals — Snake,0.513
PDR1604,*pul-,dawn; to shine,TI_DW,TI_DW,Time — Dawn,0.718,TI_NG,Time — Night,0.468,TI_MG,Time — Morning,0.450
PDR1605,*puḷ-,sour,SP_AC,SP_AC,"Sense Perception — Sour, Acidic",0.543,FD_SL,Food & Drink — Salt,0.378,FD_DI,Food & Drink — Dish,0.362
PDR1606,*puḷ-,grey,SP_CO,SP_CO,Sense Perception — Color,0.444,SP_LC,Sense Perception — Light in Color,0.426,SP_DC,Sense Perception — Dark in Color,0.423
PDR1607,*puḷ-,bird,AN_BI,AN_BI,Animals — Bird,0.849,AN_DU,Animals — Duck,0.597,AN_HN,Animals — Hen,0.590
PDR1608,*puḷ-,small dry sticks,CA_LO,CA_LO,Clothing & Adornment — Loom,0.330,CA_SL,Clothing & Adornment — Slipper,0.306,CA_TW,Clothing & Adornment — Towel,0.301
PDR1609,*Pul-,"brown, yellowish",SP_YL,SP_YL,Sense Perception — Yellow,0.435,SP_CO,Sense Perception — Color,0.421,SP_LC,Sense Perception — Light in Color,0.401
PDR1610,*pul- (*-i-),grass,AV_GR,AV_GR,Agriculture & Vegetation — Grass,0.663,AN_PS,Animals — Pasture,0.532,AN_PV,Animals — to Pasture,0.484
PDR1611,*Pul- (*-o-),"to sulk, be jealous",EM_EJ,EM_EJ,"Emotion — Envy, Jealousy",0.591,EM_SH,Emotion — Shame (n),0.366,PT_AS,"Possession & Trade — Stingy, Avaricious",0.343
PDR1612,*pUṇ-,1 to join 2 to occur,SR_JU,SR_JU,"Spatial Relations — to Join, Unite",0.378,QN_TT,Quantity & Number — Occurring Three Times,0.358,QN_ON,Quantity & Number — One,0.351
PDR1613,*pun-,to know,MT_KN,MT_KN,Mind & Thought — to Know,0.351,TI_LS,Time — to Last,0.317,TI_MT,Time — Month,0.306
PDR1614,*puṇ-[d-],"boil, wound",FD_BO,FD_BO,Food & Drink — to Boil (trans,0.625,FD_KE,Food & Drink — Kettle,0.468,MO_BO,Motion & Transportation — to Boil (intrans,0.467
PDR1615,*pUr-,"1 to preserve, protect 2 to revere; gift",PT_PR,PT_PR,"Possession & Trade — to Save, Preserve, Keep Safe",0.546,PT_SR,"Possession & Trade — to Save, Rescue",0.478,PT_TR,Possession & Trade — Treasure,0.472
PDR1616,*pUraḷ-,"to turn, roll over",MO_RO,MO_RO,Motion & Transportation — to Roll,0.569,MO_TA,Motion & Transportation — to Turn Around,0.567,MO_TU,Motion & Transportation — to Turn,0.533
PDR1617,*pur-i-,"to curl, twist",PA_RC,PA_RC,"Physical Acts & Materials — Rope, Cord",0.320,MO_WW,"Motion & Transportation — to Wind, Wrap",0.299,PA_BN,Physical Acts & Materials — to Bend,0.298
PDR1618,*purn-,1 bone 2 skull,BP_SK,BP_SK,Body Parts & Functions — Skull,0.630,BP_BN,Body Parts & Functions — Bone,0.527,BP_JW,Body Parts & Functions — Jaw,0.421
PDR1619,*puruḍ,childbirth; pollution,MK_IN,MK_IN,Mankind — Infant,0.474,MK_ML,Mankind — Mother-in-Law,0.404,MK_MO,Mankind — Mother,0.392
PDR1620,*pur_-/*per_- (*-d_-),"outside, exterior",TI_WI,TI_WI,Time — Winter,0.414,PW_PF,"Physical World — Plain, Field",0.405,PW_WE,Physical World — Weather,0.400
PDR1621,*puS-,to take off,PT_TA,PT_TA,Possession & Trade — to Take,0.389,BP_KI,Body Parts & Functions — to Kill,0.353,PT_DE,Possession & Trade — to Destroy,0.347
PDR1622,*put-[Vr-],to vomit,BP_VO,BP_VO,Body Parts & Functions — to Vomit,0.646,BP_SS,Body Parts & Functions — Sick; Sickness,0.416,BP_SP,Body Parts & Functions — to Spit,0.413
PDR1623,*put_-,anthill,PW_MH,PW_MH,"Physical World — Hill, Mountain",0.310,AN_SN,Animals — Stallion,0.303,MK_SM,Mankind — Stepmother,0.290
PDR1624,*puṭ-,to be born,MK_IN,MK_IN,Mankind — Infant,0.486,BP_CC,Body Parts & Functions — to Conceive,0.443,MK_CH,Mankind — Child,0.416
PDR1625,*pUṭ-,short,SR_SS,SR_SS,Spatial Relations — Short,0.372,TI_MS,"Time — Minute, Second",0.345,TI_HR,Time — Hour,0.331
PDR1626,*puṭ-,cloth,CA_CL,CA_CL,Clothing & Adornment — Cloth,0.746,CA_TW,Clothing & Adornment — Towel,0.662,CA_CD,"Clothing & Adornment — to Clothe, Dress",0.659
PDR1627,*puṭ-i,measure of capacity,QN_EN,QN_EN,Quantity & Number — Enough,0.431,QN_MM,"Quantity & Number — Much, Many",0.349,SR_SZ,Spatial Relations — Size (n),0.347
PDR1628,*puẓ-,"worm, insect",AN_WR,AN_WR,Animals — Worm,0.846,AN_IN,Animals — Insect,0.677,AN_FL,Animals — Fly (n),0.457
PDR1629,*puẓuŋ-,civet cat,AN_CT,AN_CT,Animals — Cat,0.539,AN_DO,Animals — Dog,0.363,CA_FU,Clothing & Adornment — Fur,0.349
PDR1630,*pU[ǯ]-,"to twist, wrap",MO_WW,MO_WW,"Motion & Transportation — to Wind, Wrap",0.486,PA_FO,Physical Acts & Materials — to Fold,0.453,PA_RC,"Physical Acts & Materials — Rope, Cord",0.438
PDR1631,*pū-,flower,AV_FL,AV_FL,Agriculture & Vegetation — Flower,0.656,AV_RS,Agriculture & Vegetation — Rose,0.448,AV_PN,"Agriculture & Vegetation — Plant, Herb",0.421
PDR1632,*pū-,"to be dry, furred (of tongue)",CA_FU,CA_FU,Clothing & Adornment — Fur,0.508,BP_TG,Body Parts & Functions — Tongue,0.440,AN_WE,Animals — Wether,0.415
PDR1633,*pū-,spark,PW_FL,PW_FL,Physical World — Flame (n),0.330,PW_LI,"Physical World — Flash, Lightning",0.330,PW_FI,Physical World — Fire (n),0.329
PDR1634,*pūc-,1 green 2 yellow,SP_GR,SP_GR,Sense Perception — Green,0.460,SP_YL,Sense Perception — Yellow,0.456,SP_CO,Sense Perception — Color,0.398
PDR1635,*pū[c]-,"to smear, rub",PA_RU,PA_RU,Physical Acts & Materials — to Rub,0.483,CA_NE,Clothing & Adornment — Needle,0.363,BP_LC,Body Parts & Functions — to Lick,0.342
PDR1636,*pūṇ-,yoke,MO_YO,MO_YO,Motion & Transportation — Yoke,0.605,AN_DU,Animals — Duck,0.277,TI_YR,Time — Year,0.272
PDR1637,*pūnǯ-,cock,AN_CK,AN_CK,"Animals — Cock, Rooster",0.634,AN_HN,Animals — Hen,0.418,AN_BI,Animals — Bird,0.406
PDR1638,*pūr-,peacock's tail,AN_BI,AN_BI,Animals — Bird,0.486,BP_TA,Body Parts & Functions — Tail,0.471,AN_GS,Animals — Goose,0.468
PDR1639,*pūr_-,anus,AN_EL,AN_EL,Animals — Elephant,0.406,AN_SK,Animals — Snake,0.344,MK_AU,Mankind — Aunt,0.341
PDR1640,*pūs-,beads,CA_NC,CA_NC,Clothing & Adornment — Necklace,0.494,CA_NE,Clothing & Adornment — Needle,0.413,CA_JW,"Clothing & Adornment — Gem, Jewel",0.384
PDR1641,*pū[-S-],a k. of tree,PW_TR,PW_TR,"Physical World — Tree, Oak",0.554,AV_TR,Agriculture & Vegetation — Tree (generic),0.528,PW_WF,"Physical World — Woods, Forest",0.425
PDR1642,*pū[s]-,to fart,BP_FB,BP_FB,"Body Parts & Functions — to Fart, Break Wind",0.574,TI_LS,Time — to Last,0.339,BP_VO,Body Parts & Functions — to Vomit,0.328
PDR1643,*pūẓ-,to bury,BP_BD,BP_BD,Body Parts & Functions — to Bury the Dead,0.635,AV_DI,"Agriculture & Vegetation — to Dig, Delve",0.409,BP_GR,"Body Parts & Functions — Grave, Tomb",0.390
PDR1644,*pūẓ-,to boil,FD_BO,FD_BO,Food & Drink — to Boil (trans,0.753,MO_BO,Motion & Transportation — to Boil (intrans,0.577,FD_KE,Food & Drink — Kettle,0.548
PDR1645,*rā- (?),to be possessed,RB_DM,RB_DM,"Religion & Beliefs — Demon, Evil Spirit",0.426,PT_OP,"Possession & Trade — to Own, Possess",0.408,PT_HA,Possession & Trade — to Have,0.399
PDR1646,*rēk- (?),leaf,AV_LE,AV_LE,Agriculture & Vegetation — Leaf,0.695,AV_TR,Agriculture & Vegetation — Tree (generic),0.453,AV_PN,"Agriculture & Vegetation — Plant, Herb",0.414
PDR1647,*śab-,rotten,SP_BD,SP_BD,"Sense Perception — Stinking, Bad Smelling",0.379,EM_BD,Emotion — Bad,0.330,SP_GS,"Sense Perception — Fragrant, Good Smelling",0.313
PDR1648,*saḍ-,sound,SP_SO,SP_SO,Sense Perception — Sound (n),0.562,SP_LD,Sense Perception — Loud,0.462,SP_HG,Sense Perception — Hearing (n),0.432
PDR1649,*Sad_-,to tear,PA_TE,PA_TE,Physical Acts & Materials — to Tear,0.633,EM_TR,Emotion — Tear (n),0.580,EM_CW,"Emotion — to Cry, Weep",0.460
PDR1650,*sad_- (?),road,MO_RA,MO_RA,Motion & Transportation — Road,0.669,MO_ST,Motion & Transportation — Street,0.632,MO_PA,Motion & Transportation — Path,0.526
PDR1651,*śai-,five,QN_LF,QN_LF,"Quantity & Number — Few, Little",0.385,QN_EN,Quantity & Number — Enough,0.363,QN_TH,Quantity & Number — Three,0.355
PDR1652,*sal-,to go,MO_GO,MO_GO,Motion & Transportation — to Go,0.485,TI_FI,Time — to Finish,0.478,TI_LS,Time — to Last,0.426
PDR1653,*śaḷ-,son-in-law,MK_SL,MK_SL,Mankind — Son-in-Law,0.732,MK_FL,Mankind — Father-in-Law,0.647,MK_ML,Mankind — Mother-in-Law,0.641
PDR1654,*Sal-,"to sprinkle, scatter",PW_RA,PW_RA,Physical World — Rain (n),0.354,PW_DU,"Physical World — Dust, Powder",0.348,PW_MU,"Physical World — Mud, Mire",0.333
PDR1655,*Saḷ-,buttermilk,FD_BT,FD_BT,Food & Drink — Butter,0.544,FD_MS,Food & Drink — Milk,0.412,FD_MV,Food & Drink — to Milk,0.379
PDR1656,*sal- (?),to stand,WH_SU,WH_SU,Warfare & Hunting — to Surrender,0.354,SR_ST,Spatial Relations — to Stand,0.349,WH_FI,Warfare & Hunting — to Fight,0.340
PDR1657,*sam-,"to kill, destroy",BP_KI,BP_KI,Body Parts & Functions — to Kill,0.556,WH_SU,Warfare & Hunting — to Surrender,0.508,PT_DE,Possession & Trade — to Destroy,0.494
PDR1658,*Samb-,fish,AN_FI,AN_FI,Animals — Fish (n),0.713,AN_FM,Animals — Fisherman,0.700,AN_AN,Animals — Animal,0.494
PDR1659,*samVṭ- (?),"hammer, sledge-hammer",PA_HA,PA_HA,Physical Acts & Materials — Hammer (n),0.522,PA_NA,"Physical Acts & Materials — Nail, Peg",0.376,WH_SW,Warfare & Hunting — Sword,0.353
PDR1660,*saṇpag-,campaka tree and its flower,AV_FL,AV_FL,Agriculture & Vegetation — Flower,0.502,AV_LE,Agriculture & Vegetation — Leaf,0.482,AV_TR,Agriculture & Vegetation — Tree (generic),0.454
PDR1661,*śaŋk-,armpit; to tickle,CA_BR,CA_BR,"Clothing & Adornment — Armband, Bracelet",0.451,BP_LC,Body Parts & Functions — to Lick,0.436,BP_SN,Body Parts & Functions — to Sneeze,0.430
PDR1662,*saŋk- (?),neck,BP_NK,BP_NK,Body Parts & Functions — Neck,0.703,BP_SK,Body Parts & Functions — Skull,0.451,BP_BE,Body Parts & Functions — Beard,0.430
PDR1663,*sap-,tasteless,SP_TO,SP_TO,"Sense Perception — Taste (n, subj)",0.535,SP_TS,"Sense Perception — Taste (n, obj)",0.526,SP_TJ,Sense Perception — to Taste (subj),0.511
PDR1664,*sap-,1 to chew 2 to suck,FD_SU,FD_SU,"Food & Drink — to Suck, Suckle",0.642,BP_SP,Body Parts & Functions — to Spit,0.496,BP_BI,Body Parts & Functions — to Bite,0.496
PDR1665,*śàrac-,snake,AN_SK,AN_SK,Animals — Snake,0.842,AN_AN,Animals — Animal,0.473,AN_CT,Animals — Cat,0.458
PDR1666,*sarak-,"articles, goods",PT_PF,PT_PF,"Possession & Trade — Gain, Profit",0.447,PT_RC,Possession & Trade — Rich,0.426,PA_CT,"Physical Acts & Materials — Craft, Trade",0.415
PDR1667,*sar_-,neck,BP_NK,BP_NK,Body Parts & Functions — Neck,0.703,BP_SK,Body Parts & Functions — Skull,0.451,BP_BE,Body Parts & Functions — Beard,0.430
PDR1668,*sas-,"straight, right, correct",SR_SG,SR_SG,Spatial Relations — Straight,0.474,EM_RI,Emotion — Right (adj),0.375,SR_RI,Spatial Relations — Right (vs,0.330
PDR1669,*Saṭ-,"shoulder, shoulder-blade; wing",BP_WI,BP_WI,Body Parts & Functions — Wing,0.672,BP_SD,Body Parts & Functions — Shoulder,0.642,BP_AR,Body Parts & Functions — Arm,0.482
PDR1670,*saṭuv-,ladle,FD_ML,FD_ML,Food & Drink — Mill,0.353,FD_SG,Food & Drink — Sausage,0.331,FD_MD,Food & Drink — Mead,0.325
PDR1671,*śav-,1 to pound (rice) 2 mortar,PA_MO,PA_MO,Physical Acts & Materials — Mortar,0.424,AV_RI,Agriculture & Vegetation — Rice,0.381,FD_ML,Food & Drink — Mill,0.279
PDR1672,*sav-,ready,TI_RE,TI_RE,Time — Ready (adj),0.384,TI_FI,Time — to Finish,0.271,TI_NO,Time — Now,0.242
PDR1673,*Sav-,taste,SP_TO,SP_TO,"Sense Perception — Taste (n, subj)",0.615,SP_TS,"Sense Perception — Taste (n, obj)",0.612,SP_TJ,Sense Perception — to Taste (subj),0.606
PDR1674,*Sav- (?),"flesh, meat",FD_ME,FD_ME,Food & Drink — Meat,0.681,BP_FL,Body Parts & Functions — Flesh,0.616,FD_BU,Food & Drink — Butcher (n),0.547
PDR1675,*Savar-,"to rub in, apply oil",PA_RU,PA_RU,Physical Acts & Materials — to Rub,0.487,FD_OI,Food & Drink — Oil,0.395,PA_PO,Physical Acts & Materials — to Pour,0.279
PDR1676,*saẓ- (?),breast,BP_BW,BP_BW,Body Parts & Functions — Breast of Woman,0.717,BP_FC,Body Parts & Functions — Front of Chest,0.466,WH_BC,"Warfare & Hunting — Corslet, Breastplate",0.448
PDR1677,*saẓap-,cowdung,AN_CO,AN_CO,Animals — Cow,0.567,AN_CB,"Animals — Cattle, Bovines",0.451,AN_BU,Animals — Bull,0.400
PDR1678,*śād_-,six,QN_EN,QN_EN,Quantity & Number — Enough,0.373,QN_TP,Quantity & Number — Three Apiece,0.367,QN_TH,Quantity & Number — Three,0.365
PDR1679,*sāj-,to leave; to cease,TI_CE,TI_CE,Time — to Cease,0.597,MO_GA,"Motion & Transportation — to Depart, Go Away",0.488,WH_SU,Warfare & Hunting — to Surrender,0.416
PDR1680,*sāj- (*c-),"beauty, light",EM_BF,EM_BF,Emotion — Beautiful,0.577,PW_LG,Physical World — Light,0.544,EM_UG,Emotion — Ugly,0.457
PDR1681,*śāk-,hunger,FD_HU,FD_HU,Food & Drink — Hunger (n),0.808,FD_TH,Food & Drink — Thirst (n),0.556,FD_AM,Food & Drink — a Meal,0.515
PDR1682,*sāl,furrow,AV_FU,AV_FU,Agriculture & Vegetation — Furrow (n),0.605,CA_FU,Clothing & Adornment — Fur,0.458,AN_GS,Animals — Goose,0.382
PDR1683,*sāl-,to be able; sufficient,QN_EN,QN_EN,Quantity & Number — Enough,0.446,BP_SM,"Body Parts & Functions — Strong, Mighty, Powerful",0.366,PT_HA,Possession & Trade — to Have,0.361
PDR1684,*sānḍ-,menstrual discharge; semen,BP_SI,BP_SI,Body Parts & Functions — to have Sexual Intercourse,0.260,BP_TS,Body Parts & Functions — Testicle,0.219,BP_PR,Body Parts & Functions — Pregnant,0.218
PDR1685,*sā(ŋ)k-,"to rear, bring up",MO_AR,MO_AR,"Motion & Transportation — to Reach, Arrive",0.386,MO_PS,"Motion & Transportation — to Push, Shove",0.359,PT_GB,"Possession & Trade — to Return, Give Back",0.359
PDR1686,*sār- (?),"to be left over, in excess",PT_SP,PT_SP,Possession & Trade — to Spoil,0.394,PT_SG,"Possession & Trade — to Grasp, Seize, Take Hold of",0.365,QN_EN,Quantity & Number — Enough,0.363
PDR1687,*sār-i,"time, turn",TI_CW,TI_CW,"Time — Clock, Watch",0.647,TI_MS,"Time — Minute, Second",0.618,TI_NW,Time — New,0.608
PDR1688,*śārp-,thorn,WH_SP,WH_SP,Warfare & Hunting — Spear,0.439,WH_SW,Warfare & Hunting — Sword,0.384,MK_SM,Mankind — Stepmother,0.341
PDR1689,*sā̆r_ŋ-,sāl tree,AV_TR,AV_TR,Agriculture & Vegetation — Tree (generic),0.481,PW_TR,"Physical World — Tree, Oak",0.413,AV_BN,Agriculture & Vegetation — Branch,0.399
PDR1690,*seḍ-,"rotten, stinking",SP_BD,SP_BD,"Sense Perception — Stinking, Bad Smelling",0.511,SP_GS,"Sense Perception — Fragrant, Good Smelling",0.392,SP_SB,"Sense Perception — Smell (n, obj)",0.384
PDR1691,*Sei(p)-,1 broom 2 to sweep,PA_BM,PA_BM,Physical Acts & Materials — Broom,0.476,PA_SW,Physical Acts & Materials — to Sweep,0.466,AV_RA,Agriculture & Vegetation — Rake (n),0.336
PDR1692,*Sek- (?),near,SR_NE,SR_NE,Spatial Relations — Near (adj),0.492,SR_PL,Spatial Relations — Place,0.342,TI_SI,"Time — Soon, Immediately",0.319
PDR1693,*sel- (*c-),"to split, crack",PA_SP,PA_SP,Physical Acts & Materials — to Split,0.397,FD_GR,Food & Drink — to Grind,0.364,PA_BK,Physical Acts & Materials — to Break,0.361
PDR1694,*Sen-,"to smell, stink",SP_BD,SP_BD,"Sense Perception — Stinking, Bad Smelling",0.556,SP_VO,Sense Perception — to Smell (obj),0.539,SP_VS,Sense Perception — to Smell (subj),0.538
PDR1695,*Send-,cloth,CA_CL,CA_CL,Clothing & Adornment — Cloth,0.746,CA_TW,Clothing & Adornment — Towel,0.662,CA_CD,"Clothing & Adornment — to Clothe, Dress",0.659
PDR1696,*śer_n-,"ear (of corn, paddy)",BP_EA,BP_EA,Body Parts & Functions — Ear,0.506,AV_GG,"Agriculture & Vegetation — Grain (generic, British Corn)",0.495,AV_MA,"Agriculture & Vegetation — Maize, Corn",0.477
PDR1697,*śēd-,porcupine,AN_SW,AN_SW,Animals — Swine,0.421,FD_CU,Food & Drink — Cup,0.418,AN_BU,Animals — Bull,0.381
PDR1698,*sēn-,frost,PW_IC,PW_IC,"Physical World — Ice, Frost",0.718,TI_WI,Time — Winter,0.567,PW_SN,Physical World — Snow (n),0.548
PDR1699,*sēn- (?),many,QN_MM,QN_MM,"Quantity & Number — Much, Many",0.446,EM_GD,Emotion — Good,0.310,QN_EN,Quantity & Number — Enough,0.303
PDR1700,*Sēnd-,"to draw out, remove",BP_SH,BP_SH,"Body Parts & Functions — Skin, Hide",0.320,SR_HC,"Spatial Relations — to Hide, Conceal",0.293,PA_DP,"Physical Acts & Materials — to Draw, Pull",0.283
PDR1701,*śē(ŋ)k-,to breathe heavily; asthma,BP_BB,BP_BB,Body Parts & Functions — to Breathe; Breath,0.607,BP_CO,Body Parts & Functions — to Cough,0.535,BP_FB,"Body Parts & Functions — to Fart, Break Wind",0.456
PDR1702,*śēr-,plough,AV_PL,AV_PL,Agriculture & Vegetation — to Plow; Plow,0.636,AV_SH,Agriculture & Vegetation — Shovel (n),0.469,AV_MR,"Agriculture & Vegetation — to Mow, Reap",0.420
PDR1703,*sēr-,"1 to join, unite 2 to go",SR_JU,SR_JU,"Spatial Relations — to Join, Unite",0.438,SO_ME,Social Relations — to Meet,0.375,TI_FI,Time — to Finish,0.374
PDR1704,*śēr- (*-d_-),husband's brother's wife,MK_BL,MK_BL,Mankind — Brother-in-Law,0.606,MK_SW,Mankind — Sister-in-Law,0.605,MK_BS,Mankind — Sibling(s),0.501
PDR1705,*sēr- (?),"neck, shoulder",BP_NK,BP_NK,Body Parts & Functions — Neck,0.710,BP_SD,Body Parts & Functions — Shoulder,0.674,BP_HE,Body Parts & Functions — Head,0.499
PDR1706,*śig-,"1 to sprout, shoot 2 young leaf",AV_LE,AV_LE,Agriculture & Vegetation — Leaf,0.501,AV_CH,"Agriculture & Vegetation — Crop, Harvest",0.402,AV_PN,"Agriculture & Vegetation — Plant, Herb",0.380
PDR1707,*sigg-,shame,EM_SH,EM_SH,Emotion — Shame (n),0.384,EM_SA,Emotion — Sad,0.310,LM_AC,"Language & Music — to Admit, Confess",0.268
PDR1708,*śil-,not to be,TI_NV,TI_NV,Time — Never,0.314,TI_LS,Time — to Last,0.302,TI_AL,Time — Always,0.276
PDR1709,*Sil-,to peel off,BP_SH,BP_SH,"Body Parts & Functions — Skin, Hide",0.348,PA_RU,Physical Acts & Materials — to Rub,0.317,PA_SS,"Physical Acts & Materials — Shears, Scissors",0.296
PDR1710,*Siḷ-p-,chip of wood,PW_WD,PW_WD,"Physical World — Wood, Timber",0.519,FD_BU,Food & Drink — Butcher (n),0.372,PW_SA,"Physical World — Sand, Grit",0.356
PDR1711,*śim-,"to wink, eyelid",EM_LS,EM_LS,"Emotion — to Laugh, Smile",0.440,BP_EY,Body Parts & Functions — Eye,0.434,BP_EB,Body Parts & Functions — Eyebrow,0.396
PDR1712,*sint-,tamarind tree,AV_TR,AV_TR,Agriculture & Vegetation — Tree (generic),0.451,PW_TR,"Physical World — Tree, Oak",0.442,AV_LE,Agriculture & Vegetation — Leaf,0.377
PDR1713,*śip-,shell,AN_PI,AN_PI,Animals — Pig,0.378,BP_TA,Body Parts & Functions — Tail,0.315,AN_DU,Animals — Duck,0.314
PDR1714,*śir-,1 black 2 charcoal 3 night,TI_NG,TI_NG,Time — Night,0.353,QN_TP,Quantity & Number — Three Apiece,0.317,TI_EV,Time — Evening,0.306
PDR1715,*siv-aŋ-,a k. of predator,AN_SK,AN_SK,Animals — Snake,0.456,AN_KI,Animals — Kid,0.433,AN_HE,Animals — Herdsman,0.431
PDR1716,*siẓ- (?),"yellow, saffron",SP_YL,SP_YL,Sense Perception — Yellow,0.404,CA_DY,Clothing & Adornment — to Dye,0.342,SP_CO,Sense Perception — Color,0.298
PDR1717,*sī-,a k. of small tree or shrub with nuts,AV_TR,AV_TR,Agriculture & Vegetation — Tree (generic),0.518,FD_NT,Food & Drink — Nut,0.489,AV_PI,Agriculture & Vegetation — Pine,0.442
PDR1718,*śī-,to give,PT_GI,PT_GI,Possession & Trade — to Give,0.455,EM_PL,Emotion — to Please,0.419,EM_DE,Emotion — to Desire,0.369
PDR1719,*sīk- (??),green,SP_GR,SP_GR,Sense Perception — Green,0.562,SP_CO,Sense Perception — Color,0.444,SP_LC,Sense Perception — Light in Color,0.409
PDR1720,*sīp-,upper belly,BP_BS,BP_BS,"Body Parts & Functions — Belly, Stomach",0.687,BP_NV,Body Parts & Functions — Navel,0.647,BP_FC,Body Parts & Functions — Front of Chest,0.521
PDR1721,*śīr-,a k. of rat,AN_MO,AN_MO,Animals — Mouse,0.468,AN_SK,Animals — Snake,0.412,AN_PI,Animals — Pig,0.399
PDR1722,*śīr,nit,TI_NG,TI_NG,Time — Night,0.374,TI_DW,Time — Dawn,0.361,TI_TD,Time — Today,0.355
PDR1723,*sīr- (*ś-),root,AV_RO,AV_RO,Agriculture & Vegetation — Root,0.519,AV_BN,Agriculture & Vegetation — Branch,0.337,MK_SM,Mankind — Stepmother,0.273
PDR1724,*Sīr-[ēk-],chironji tree,PW_TR,PW_TR,"Physical World — Tree, Oak",0.370,AV_TR,Agriculture & Vegetation — Tree (generic),0.357,AV_BN,Agriculture & Vegetation — Branch,0.355
PDR1725,*sjēr[_]-,handful,QN_LF,QN_LF,"Quantity & Number — Few, Little",0.446,QN_MM,"Quantity & Number — Much, Many",0.351,QN_EN,Quantity & Number — Enough,0.329
PDR1726,*sog-,beauty,EM_BF,EM_BF,Emotion — Beautiful,0.624,EM_UG,Emotion — Ugly,0.486,EM_GD,Emotion — Good,0.433
PDR1727,*śoj-,porcupine,AN_SW,AN_SW,Animals — Swine,0.421,FD_CU,Food & Drink — Cup,0.418,AN_BU,Animals — Bull,0.381
PDR1728,*s(́)ojd-,ant,AN_EL,AN_EL,Animals — Elephant,0.440,AN_BE,Animals — Bee,0.439,AN_IN,Animals — Insect,0.439
PDR1729,*so-k-,to climb,MO_RL,MO_RL,"Motion & Transportation — to Lift, Raise",0.371,MO_JL,"Motion & Transportation — to Jump, Leap",0.369,PW_MH,"Physical World — Hill, Mountain",0.365
PDR1730,*śol-,fireplace,DF_FP,DF_FP,"Dwellings & Furniture — Hearth, Fireplace",0.680,DF_CH,Dwellings & Furniture — Chimney,0.560,PW_FI,Physical World — Fire (n),0.485
PDR1731,*Sol-,mouth (pointed),BP_MO,BP_MO,Body Parts & Functions — Mouth,0.637,BP_CK,Body Parts & Functions — Cheek,0.527,BP_TG,Body Parts & Functions — Tongue,0.524
PDR1732,*sol-,"to peel, strip (bark)",PA_RU,PA_RU,Physical Acts & Materials — to Rub,0.363,CA_CR,Clothing & Adornment — Collar,0.355,FD_KN,Food & Drink — Knife,0.352
PDR1733,*Soṭ-,"defect, fault",EM_FA,EM_FA,"Emotion — Fault, Guilt",0.376,EM_BL,Emotion — Blame (n),0.329,BP_SS,Body Parts & Functions — Sick; Sickness,0.309
PDR1734,*śovar,salt,FD_SL,FD_SL,Food & Drink — Salt,0.745,SP_SA,Sense Perception — Salty,0.432,FD_PP,Food & Drink — Pepper,0.361
PDR1735,*śō-,to get out; to drive away,MO_FE,MO_FE,Motion & Transportation — to Flee,0.492,MO_GA,"Motion & Transportation — to Depart, Go Away",0.490,MO_DV,Motion & Transportation — to Drive,0.438
PDR1736,*sōk-,to be possessed; devil,RB_DE,RB_DE,Religion & Beliefs — Devil,0.615,RB_DM,"Religion & Beliefs — Demon, Evil Spirit",0.586,RB_WS,"Religion & Beliefs — Witch, Sorceress",0.452
PDR1737,*sōl-,"loose, slack; to faint",BP_YG,BP_YG,"Body Parts & Functions — to Gape, Yawn",0.369,EM_TC,"Emotion — Timid, Cowardly",0.320,BP_WE,"Body Parts & Functions — Weak, Infirm",0.313
PDR1738,*sōn-,"rain, drizzle, rainclouds",PW_RA,PW_RA,Physical World — Rain (n),0.618,PW_MI,"Physical World — Mist, Fog, Haze",0.510,PW_WE,Physical World — Weather,0.495
PDR1739,*sōr-,mountain,PW_MH,PW_MH,"Physical World — Hill, Mountain",0.696,WH_TW,Warfare & Hunting — Tower,0.390,PW_VA,"Physical World — Dale, Valley",0.389
PDR1740,*Suj-,breath,BP_BB,BP_BB,Body Parts & Functions — to Breathe; Breath,0.630,BP_SP,Body Parts & Functions — to Spit,0.393,BP_FB,"Body Parts & Functions — to Fart, Break Wind",0.391
PDR1741,*śup-,salt,FD_SL,FD_SL,Food & Drink — Salt,0.745,SP_SA,Sense Perception — Salty,0.432,FD_PP,Food & Drink — Pepper,0.361
PDR1742,*sur_-,whirlwind,PW_WI,PW_WI,"Physical World — Wind, Breeze",0.536,MO_WW,"Motion & Transportation — to Wind, Wrap",0.399,PW_TH,"Physical World — Noise, Thunder",0.321
PDR1743,*sut-,hammer,PA_HA,PA_HA,Physical Acts & Materials — Hammer (n),0.603,PA_NA,"Physical Acts & Materials — Nail, Peg",0.387,WH_SP,Warfare & Hunting — Spear,0.345
PDR1744,*śut-[Vk]-,to wash,PA_WA,PA_WA,Physical Acts & Materials — to Wash,0.522,CA_TW,Clothing & Adornment — Towel,0.421,CA_SA,Clothing & Adornment — Soap,0.404
PDR1745,*sūd_-,stale,TI_OL,TI_OL,Time — Old,0.405,TI_LS,Time — to Last,0.387,TI_NW,Time — New,0.366
PDR1746,*sūr_-ai (*-d_-),"plunder, robbery",PT_RR,PT_RR,Possession & Trade — to Rob; Robber,0.597,PT_TH,Possession & Trade — Thief,0.567,LJ_TH,Law & Judgment — Theft,0.539
PDR1747,*sūṭ-,to show; to point at,SP_SW,SP_SW,Sense Perception — to Show,0.420,SP_SE,Sense Perception — to See,0.378,SP_LO,Sense Perception — to Look,0.349
PDR1748,*sū̆ṭ-,"intelligent, methodical",MT_IR,MT_IR,"Mind & Thought — Reason, Intelligence",0.526,MT_WI,Mind & Thought — Wise,0.444,MT_FS,"Mind & Thought — Stupid, Foolish",0.427
PDR1749,*ta-,to bring; to give to 1st/2nd p.,PT_GI,PT_GI,Possession & Trade — to Give,0.497,PT_TA,Possession & Trade — to Take,0.439,PT_GO,"Possession & Trade — to Get, Obtain",0.413
PDR1750,*tabb-,to grope,TI_SP,TI_SP,Time — Spring,0.336,TI_WI,Time — Winter,0.314,TI_SN,Time — Season,0.313
PDR1751,*taḍap-,"strip of cloth, waistcloth",CA_CL,CA_CL,Clothing & Adornment — Cloth,0.638,CA_CD,"Clothing & Adornment — to Clothe, Dress",0.624,CA_TW,Clothing & Adornment — Towel,0.589
PDR1752,*taḍ-av-,"to grope, feel",EM_EF,EM_EF,"Emotion — Feeling, Emotion",0.445,SP_FO,Sense Perception — to Feel of,0.442,EM_GR,Emotion — to Groan,0.442
PDR1753,*tag-,"proper, suitable; to fit",CA_TA,CA_TA,"Clothing & Adornment — Tailor, Seamstress",0.319,SO_CU,"Social Relations — Custom, Usage",0.267,CA_AD,Clothing & Adornment — Adornment (personal),0.267
PDR1754,*tagar-,ram,AN_RA,AN_RA,Animals — Ram,0.544,MT_RM,Mind & Thought — to Remember,0.235,TI_CW,"Time — Clock, Watch",0.221
PDR1755,*tagar- (?),tin,PA_TT,PA_TT,"Physical Acts & Materials — Tin, Tin-Plate",0.639,FD_SP,Food & Drink — Spoon,0.360,PA_CO,"Physical Acts & Materials — Copper, Bronze",0.326
PDR1756,*taK-,to touch,SP_TV,SP_TV,Sense Perception — to Touch,0.590,SP_TC,Sense Perception — Touch (n),0.526,BP_FI,Body Parts & Functions — Finger,0.524
PDR1757,*tàl-,head,BP_HE,BP_HE,Body Parts & Functions — Head,0.583,BP_FO,Body Parts & Functions — Forehead,0.567,BP_SK,Body Parts & Functions — Skull,0.483
PDR1758,*taḷ-,"mother, female",MK_FS,MK_FS,Mankind — Female,0.606,MK_ML,Mankind — Mother-in-Law,0.566,MK_MO,Mankind — Mother,0.544
PDR1759,*taḷ-,"to bind, chain",PA_BI,PA_BI,Physical Acts & Materials — to Bind,0.438,PT_SG,"Possession & Trade — to Grasp, Seize, Take Hold of",0.361,PA_CH,Physical Acts & Materials — Chain (n),0.332
PDR1760,*taḷ-,"to push off, remove",MO_PS,MO_PS,"Motion & Transportation — to Push, Shove",0.382,BP_KI,Body Parts & Functions — to Kill,0.304,MO_GA,"Motion & Transportation — to Depart, Go Away",0.294
PDR1761,*taḷ-,"to bloom, sprout",AV_SS,AV_SS,Agriculture & Vegetation — to Sow; Seed,0.468,AV_FL,Agriculture & Vegetation — Flower,0.443,AV_LE,Agriculture & Vegetation — Leaf,0.382
PDR1762,*tal-,"agitation, commotion",SO_SQ,SO_SQ,"Social Relations — Strife, Quarrel",0.525,EM_RF,"Emotion — Rage, Fury",0.452,EM_WA,"Emotion — Wonder, Astonishment",0.444
PDR1763,*taḷ-,"to move, shake, stagger",MO_SH,MO_SH,Motion & Transportation — to Shake,0.689,MO_MO,Motion & Transportation — to Move,0.525,MO_RL,"Motion & Transportation — to Lift, Raise",0.522
PDR1764,"*taḷ-, *taḷtaḷ-","to shine, shining, glitter",EM_GL,EM_GL,"Emotion — Fame, Glory",0.418,CA_DY,Clothing & Adornment — to Dye,0.404,CA_CK,Clothing & Adornment — Cloak,0.399
PDR1765,*t-amp-,younger brother,MK_BS,MK_BS,Mankind — Sibling(s),0.431,MK_BL,Mankind — Brother-in-Law,0.423,TI_AG,Time — Age,0.380
PDR1766,*taṇ-,to kick,WH_FI,WH_FI,Warfare & Hunting — to Fight,0.392,PA_SH,"Physical Acts & Materials — to Hit, Strike, Beat",0.356,BP_FT,Body Parts & Functions — Foot,0.352
PDR1767,*taṇ-,1 cold 2 satisfied,QN_ON,QN_ON,Quantity & Number — One,0.392,QN_FU,Quantity & Number — Full,0.361,EM_EF,"Emotion — Feeling, Emotion",0.357
PDR1768,*taṇ-,"rich, abundant",PT_RC,PT_RC,Possession & Trade — Rich,0.594,PT_WR,"Possession & Trade — Wealth, Riches",0.561,PT_PO,Possession & Trade — Poor,0.476
PDR1769,*tanḍ-,to obstruct; obstruction,SR_HC,SR_HC,"Spatial Relations — to Hide, Conceal",0.349,TI_HH,"Time — to Hurry, Hasten",0.287,BP_ED,"Body Parts & Functions — to Void Excrement; Dung, Excrement",0.286
PDR1770,*tanḍ-,"mass, herd; troops",WH_AR,WH_AR,Warfare & Hunting — Army,0.570,WH_SO,Warfare & Hunting — Soldier,0.565,WH_RT,Warfare & Hunting — Retreat (n),0.531
PDR1771,*tanḍ-,to collect,PT_GO,PT_GO,"Possession & Trade — to Get, Obtain",0.463,SR_CG,"Spatial Relations — to Gather, Collect",0.445,PT_ST,Possession & Trade — to Steal,0.441
PDR1772,*t-and_-,father,MK_FA,MK_FA,Mankind — Father,0.657,MK_FL,Mankind — Father-in-Law,0.632,BP_BP,Body Parts & Functions — to Beget (of Father),0.529
PDR1773,*taṇk- (?),liver,BP_LV,BP_LV,Body Parts & Functions — Liver,0.714,BP_BL,Body Parts & Functions — Blood,0.400,BP_RI,Body Parts & Functions — Rib,0.396
PDR1774,*taŋ-/*tak-,to remain; to stay,PT_KR,PT_KR,"Possession & Trade — to Keep, Retain",0.459,SR_RM,"Spatial Relations — to Stay, Wait, Remain",0.458,PT_PR,"Possession & Trade — to Save, Preserve, Keep Safe",0.439
PDR1775,*tap-,to make mistakes,MT_IP,MT_IP,"Mind & Thought — Purpose, Intention",0.318,EM_FG,Emotion — to Forgive,0.316,EM_FA,"Emotion — Fault, Guilt",0.304
PDR1776,*tap-,to strike,PA_SH,PA_SH,"Physical Acts & Materials — to Hit, Strike, Beat",0.432,BP_BI,Body Parts & Functions — to Bite,0.336,WH_FI,Warfare & Hunting — to Fight,0.328
PDR1777,*TaP-,"sound of falling; quickly, in a moment",MO_FA,MO_FA,Motion & Transportation — to Fall,0.503,TI_SW,"Time — Fast, Swift, Quick",0.448,PW_TH,"Physical World — Noise, Thunder",0.443
PDR1778,*tap-,to put,SR_PU,SR_PU,"Spatial Relations — to Put, Place, Set, Lay",0.322,TI_LS,Time — to Last,0.321,EM_PL,Emotion — to Please,0.321
PDR1779,*taR-,"to diminish, decrease; fee",LJ_CN,LJ_CN,Law & Judgment — to Condemn,0.361,LJ_PN,"Law & Judgment — Penalty, Punishment",0.360,PT_EC,"Possession & Trade — Cost, Expense",0.318
PDR1780,*tar_-,bald,BP_HA,BP_HA,Body Parts & Functions — Hair,0.493,BP_BE,Body Parts & Functions — Beard,0.374,BP_FO,Body Parts & Functions — Forehead,0.344
PDR1781,*tar_- (*-d_-),"to join, tuck in, fasten; appropriate, opportune",TI_HH,TI_HH,"Time — to Hurry, Hasten",0.382,TI_FI,Time — to Finish,0.343,SO_ME,Social Relations — to Meet,0.343
PDR1782,*tar_e-,to cut,PA_CU,PA_CU,Physical Acts & Materials — to Cut,0.451,FD_KN,Food & Drink — Knife,0.426,PA_SS,"Physical Acts & Materials — Shears, Scissors",0.389
PDR1783,*taṬ-,"to knock, slap",PA_SH,PA_SH,"Physical Acts & Materials — to Hit, Strike, Beat",0.392,EM_LS,"Emotion — to Laugh, Smile",0.355,EM_PL,Emotion — to Please,0.331
PDR1784,*taṬ-,"door, mat door",DF_DG,DF_DG,"Dwellings & Furniture — Door, Gate",0.529,DF_LO,Dwellings & Furniture — Lock (n),0.342,DF_FL,Dwellings & Furniture — Floor,0.310
PDR1785,*taṭ-,"flat; wide basket, plate",FD_PL,FD_PL,Food & Drink — Plate,0.504,SR_FL,Spatial Relations — Flat,0.388,FD_FO,Food & Drink — Fork,0.376
PDR1786,*taṭ- (?),tongue,BP_TG,BP_TG,Body Parts & Functions — Tongue,0.661,BP_MO,Body Parts & Functions — Mouth,0.498,BP_LC,Body Parts & Functions — to Lick,0.474
PDR1787,*tav-,"much, abundantly",QN_MM,QN_MM,"Quantity & Number — Much, Many",0.496,QN_EN,Quantity & Number — Enough,0.361,QN_MC,"Quantity & Number — Crowd, Multitude",0.318
PDR1788,*tav- (?),1 to destroy 2 to die,BP_KI,BP_KI,Body Parts & Functions — to Kill,0.474,PT_DE,Possession & Trade — to Destroy,0.470,BP_DD,Body Parts & Functions — to Die; Dead; Death,0.456
PDR1789,*taviḍ-,"bran, chaff",AN_BA,AN_BA,Animals — Barrow,0.315,AN_PI,Animals — Pig,0.311,AN_GO,Animals — Goat,0.305
PDR1790,*tav-iẓ- / *tiv-aẓ-,"to creep, crawl",MO_CC,MO_CC,"Motion & Transportation — to Creep, Crawl",0.720,AN_HU,Animals — to Hunt,0.406,MO_FE,Motion & Transportation — to Flee,0.385
PDR1791,*taẓ-,to burn; to glow (of embers),PW_BU,PW_BU,"Physical World — to Burn, Scorch",0.554,PW_FL,Physical World — Flame (n),0.456,DF_CL,Dwellings & Furniture — Candle,0.416
PDR1792,*taẓ-,to embrace,EM_LO,EM_LO,Emotion — to Love; Love,0.463,EM_KS,Emotion — to Kiss,0.441,EM_PL,Emotion — to Please,0.428
PDR1793,*taẓVv-,to dig,AV_DI,AV_DI,"Agriculture & Vegetation — to Dig, Delve",0.514,AN_HU,Animals — to Hunt,0.385,BP_BD,Body Parts & Functions — to Bury the Dead,0.354
PDR1794,*tāk-,to walk,MO_WA,MO_WA,Motion & Transportation — to Walk,0.670,MO_FE,Motion & Transportation — to Flee,0.501,MO_DA,Motion & Transportation — to Dance,0.490
PDR1795,*tāk-,to touch; to hit,SP_TV,SP_TV,Sense Perception — to Touch,0.531,PA_SH,"Physical Acts & Materials — to Hit, Strike, Beat",0.519,SP_TC,Sense Perception — Touch (n),0.465
PDR1796,*tāk- (?),wind,PW_WI,PW_WI,"Physical World — Wind, Breeze",0.725,MO_WW,"Motion & Transportation — to Wind, Wrap",0.541,PW_MI,"Physical World — Mist, Fog, Haze",0.438
PDR1797,*tāḷ-,to bear; to suffer; patience,AN_BR,AN_BR,Animals — Bear,0.473,MO_CA,"Motion & Transportation — to Bear, Carry",0.459,BP_BM,Body Parts & Functions — to Bear (of Mother),0.439
PDR1798,*tāḷ-,"to season, seasoning",TI_SN,TI_SN,Time — Season,0.617,TI_WI,Time — Winter,0.464,TI_AU,Time — Autumn,0.407
PDR1799,*tāḷ-,"leg, foot, stem",BP_FT,BP_FT,Body Parts & Functions — Foot,0.647,BP_LE,Body Parts & Functions — Leg,0.611,BP_TE,Body Parts & Functions — Toe,0.563
PDR1800,*tām,"they, themselves",MK_FM,MK_FM,Mankind — Family,0.357,MK_SI,Mankind — Sister,0.313,MK_HB,Mankind — Human Being,0.307
PDR1801,*tāmar-,lotus,FD_BY,FD_BY,Food & Drink — Berry,0.288,FD_CA,Food & Drink — Cake,0.280,AN_EL,Animals — Elephant,0.265
PDR1802,*tān,"he, himself",MK_HU,MK_HU,Mankind — Husband,0.406,MK_UN,Mankind — Uncle,0.365,MK_WI,Mankind — Wife,0.358
PDR1803,*tā̆nḍ-,a k. of pot,FD_PO,FD_PO,Food & Drink — Pot,0.581,FD_KE,Food & Drink — Kettle,0.379,FD_KD,Food & Drink — to Knead,0.342
PDR1804,*tānd_-,belleric myrobalan,AN_SN,AN_SN,Animals — Stallion,0.376,LM_NA,Language & Music — Name,0.338,LM_PO,Language & Music — Poet,0.321
PDR1805,*tār_- (*-d_-),"thin, dried",CA_CO,CA_CO,Clothing & Adornment — Cotton,0.356,CA_FE,Clothing & Adornment — Felt,0.350,CA_TR,Clothing & Adornment — Trousers,0.348
PDR1806,*tār_-g-,to gorge,MO_FL,MO_FL,Motion & Transportation — to Flow,0.331,TI_HH,"Time — to Hurry, Hasten",0.330,AV_DI,"Agriculture & Vegetation — to Dig, Delve",0.319
PDR1807,*tāt-,(grand)father,MK_FL,MK_FL,Mankind — Father-in-Law,0.551,MK_GF,Mankind — Grandfather,0.511,MK_FA,Mankind — Father,0.507
PDR1808,*tāṭ-,bark,AN_DO,AN_DO,Animals — Dog,0.453,AN_BU,Animals — Bull,0.449,AN_PU,Animals — Puppy,0.420
PDR1809,*tāv-,"to jump, leap",MO_JL,MO_JL,"Motion & Transportation — to Jump, Leap",0.775,MO_FY,Motion & Transportation — to Fly,0.450,MO_FA,Motion & Transportation — to Fall,0.418
PDR1810,*tāẓ-,toddy palm,CA_GL,CA_GL,Clothing & Adornment — Glove,0.305,TI_YG,Time — Young,0.279,MK_GD,Mankind — Granddaughter,0.274
PDR1811,*tāẓ-,earring,BP_EA,BP_EA,Body Parts & Functions — Ear,0.592,CA_FR,Clothing & Adornment — Finger Ring,0.433,SP_HG,Sense Perception — Hearing (n),0.392
PDR1812,*tāẓ-,to fall low; to lower,MO_FA,MO_FA,Motion & Transportation — to Fall,0.411,MO_RL,"Motion & Transportation — to Lift, Raise",0.352,MO_JL,"Motion & Transportation — to Jump, Leap",0.333
PDR1813,*tāẓ-,"bolt, bar, lock; key",DF_LO,DF_LO,Dwellings & Furniture — Lock (n),0.387,PT_RR,Possession & Trade — to Rob; Robber,0.327,PA_HA,Physical Acts & Materials — Hammer (n),0.310
PDR1814,*tā̆ǯ- (?),to wipe,PA_WA,PA_WA,Physical Acts & Materials — to Wash,0.407,BP_SP,Body Parts & Functions — to Spit,0.326,CA_TW,Clothing & Adornment — Towel,0.303
PDR1815,*ted_-,"to pay, return",PT_GB,PT_GB,"Possession & Trade — to Return, Give Back",0.489,PT_PA,Possession & Trade — to Pay,0.462,PT_OW,Possession & Trade — to Owe,0.417
PDR1816,*ted_-a-,to open,SR_OP,SR_OP,Spatial Relations — to Open,0.409,TI_FI,Time — to Finish,0.375,DF_DG,"Dwellings & Furniture — Door, Gate",0.326
PDR1817,*teg-,"to be full, finished",TI_FI,TI_FI,Time — to Finish,0.625,QN_FU,Quantity & Number — Full,0.443,TI_LS,Time — to Last,0.389
PDR1818,*teK-,1 to extinguish 2 to die,BP_DD,BP_DD,Body Parts & Functions — to Die; Dead; Death,0.467,BP_KI,Body Parts & Functions — to Kill,0.451,BP_BD,Body Parts & Functions — to Bury the Dead,0.377
PDR1819,*teḷ-,to be clear; white,SP_WH,SP_WH,Sense Perception — White,0.525,SP_LC,Sense Perception — Light in Color,0.406,SP_CO,Sense Perception — Color,0.405
PDR1820,*teḷ-,"to sift, winnow",SP_PS,SP_PS,"Sense Perception — to Sense, Perceive; Sense",0.314,TI_DW,Time — Dawn,0.299,WH_VI,Warfare & Hunting — Victory,0.296
PDR1821,*tel-,"to ask, request, praise",EM_PR,EM_PR,Emotion — Praise (n),0.563,RB_BL,Religion & Beliefs — to Bless,0.478,EM_PL,Emotion — to Please,0.476
PDR1822,*teḷ-,"thin, fine",SR_NS,SR_NS,Spatial Relations — Thin (in Density),0.391,SR_ND,Spatial Relations — Thin (in Dimension),0.383,SR_TS,Spatial Relations — Thick (in Density),0.337
PDR1823,*tenḍ-,to pull,PA_DP,PA_DP,"Physical Acts & Materials — to Draw, Pull",0.430,MO_PS,"Motion & Transportation — to Push, Shove",0.412,PA_PR,Physical Acts & Materials — to Press,0.322
PDR1824,*ter-,wrinkle; fold,PA_FO,PA_FO,Physical Acts & Materials — to Fold,0.495,CA_WE,Clothing & Adornment — to Weave,0.412,CA_SE,Clothing & Adornment — to Sew,0.382
PDR1825,*ter-[aḷ-],to coil; round,SR_RO,SR_RO,Spatial Relations — Round (adj),0.319,MO_BL,Motion & Transportation — to Blow,0.311,MO_TA,Motion & Transportation — to Turn Around,0.292
PDR1826,*ter_-V-,"to cut, severe",PA_CU,PA_CU,Physical Acts & Materials — to Cut,0.399,FD_KN,Food & Drink — Knife,0.387,BP_KI,Body Parts & Functions — to Kill,0.376
PDR1827,*tē̆d_-,to burn (of sun),PW_BU,PW_BU,"Physical World — to Burn, Scorch",0.557,PW_SU,Physical World — Sun,0.537,PW_FL,Physical World — Flame (n),0.403
PDR1828,*tēg-,to belch,RB_BP,RB_BP,Religion & Beliefs — to Baptize,0.312,BP_VO,Body Parts & Functions — to Vomit,0.307,BP_SP,Body Parts & Functions — to Spit,0.306
PDR1829,*tēj-,"to rub, wear off",PA_RU,PA_RU,Physical Acts & Materials — to Rub,0.577,CA_BU,Clothing & Adornment — Button,0.413,CA_SN,Clothing & Adornment — to Spin,0.411
PDR1830,*tēl-,to float,MO_FT,MO_FT,Motion & Transportation — to Float,0.641,MO_SW,Motion & Transportation — to Swim,0.415,MO_SI,Motion & Transportation — to Sink,0.375
PDR1831,*tēḷ-,scorpion,AN_SK,AN_SK,Animals — Snake,0.466,AN_IN,Animals — Insect,0.457,AN_BE,Animals — Bee,0.408
PDR1832,*tēn-,honey; bee,AN_BE,AN_BE,Animals — Bee,0.776,FD_HO,Food & Drink — Honey,0.666,AN_BR,Animals — Bear,0.419
PDR1833,*tēnḍ- (?),to rise,MO_RL,MO_RL,"Motion & Transportation — to Lift, Raise",0.478,MO_RI,Motion & Transportation — to Rise,0.457,TI_BB,Time — to Begin; Beginning,0.381
PDR1834,*tēr-,"to be clear, evident",MT_CP,MT_CP,"Mind & Thought — Clear, Plain (to the Mind)",0.387,SP_SE,Sense Perception — to See,0.337,SP_SW,Sense Perception — to Show,0.332
PDR1835,*tēr-,to lie down; cot,BP_SL,BP_SL,Body Parts & Functions — to Sleep; Sleep,0.361,EM_LI,"Emotion — Lie, Falsehood",0.332,BP_GR,"Body Parts & Functions — Grave, Tomb",0.326
PDR1836,*tēr-,chariot,AN_SN,AN_SN,Animals — Stallion,0.419,MO_RD,Motion & Transportation — to Ride,0.390,MO_WH,Motion & Transportation — Wheel,0.382
PDR1837,*tēr_-,1 to accomplish; to finish 2 to clear,TI_FI,TI_FI,Time — to Finish,0.566,TI_DE,Time — to Delay,0.391,TI_HH,"Time — to Hurry, Hasten",0.380
PDR1838,*tig-,"to press, oush down",PA_PR,PA_PR,Physical Acts & Materials — to Press,0.450,BP_LC,Body Parts & Functions — to Lick,0.341,CA_BU,Clothing & Adornment — Button,0.312
PDR1839,*Tigil-,teror,MK_SS,MK_SS,Mankind — Stepson,0.330,FD_SA,Food & Drink — Saucer,0.294,AV_TH,Agriculture & Vegetation — to Thresh,0.284
PDR1840,*tiK-,bedbug,DF_BD,DF_BD,Dwellings & Furniture — Bed,0.432,AN_RA,Animals — Ram,0.341,AN_BU,Animals — Bull,0.334
PDR1841,*tim-,to smear,BP_SP,BP_SP,Body Parts & Functions — to Spit,0.331,BP_LC,Body Parts & Functions — to Lick,0.324,EM_PL,Emotion — to Please,0.321
PDR1842,*tin-,right,EM_RI,EM_RI,Emotion — Right (adj),0.376,EM_TE,Emotion — True,0.361,TI_NO,Time — Now,0.331
PDR1843,*tin-,to eat,FD_EA,FD_EA,Food & Drink — to Eat,0.710,FD_AM,Food & Drink — a Meal,0.652,FD_FD,Food & Drink — Food,0.567
PDR1844,*tiṇ-,a k. of platform,PW_CL,PW_CL,"Physical World — Cloud, Mirk",0.312,WH_FT,Warfare & Hunting — Fortress,0.277,WH_TW,Warfare & Hunting — Tower,0.271
PDR1845,*tiṇ-,"to strain; hard, firm",PA_SR,PA_SR,Physical Acts & Materials — to Stretch,0.475,PA_BN,Physical Acts & Materials — to Bend,0.467,PA_TE,Physical Acts & Materials — to Tear,0.419
PDR1846,*tiŋaḷ (?),moon,PW_MO,PW_MO,Physical World — Moon,0.749,AN_MR,Animals — Mare,0.463,AN_BE,Animals — Bee,0.423
PDR1847,*tir-i-,to tremble,MO_SH,MO_SH,Motion & Transportation — to Shake,0.438,EM_DA,Emotion — to Dare,0.398,EM_GR,Emotion — to Groan,0.378
PDR1848,*tir-[i]-,to turn,MO_TU,MO_TU,Motion & Transportation — to Turn,0.559,MO_TA,Motion & Transportation — to Turn Around,0.535,MO_LE,Motion & Transportation — to Lead,0.379
PDR1849,*tir-nd-,"correct, right",EM_RI,EM_RI,Emotion — Right (adj),0.331,TI_NO,Time — Now,0.322,TI_TD,Time — Today,0.306
PDR1850,*tiṭ-,rising ground,PW_GS,PW_GS,"Physical World — Ground, Soil",0.424,TI_AU,Time — Autumn,0.411,MO_RL,"Motion & Transportation — to Lift, Raise",0.353
PDR1851,*tiv-,"to take out, remove",MO_GA,MO_GA,"Motion & Transportation — to Depart, Go Away",0.374,PT_DE,Possession & Trade — to Destroy,0.362,PT_TA,Possession & Trade — to Take,0.337
PDR1852,*tiv-/*tīg-,1 creeper 2 wire 3 thread,CA_TH,CA_TH,Clothing & Adornment — Thread,0.284,CA_SP,Clothing & Adornment — Spindle,0.224,MO_CC,"Motion & Transportation — to Creep, Crawl",0.224
PDR1853,*tīḍ-,to whet,EM_PL,EM_PL,Emotion — to Please,0.343,WH_SU,Warfare & Hunting — to Surrender,0.331,TI_FI,Time — to Finish,0.330
PDR1854,*tīr- (?),hair,BP_HA,BP_HA,Body Parts & Functions — Hair,0.693,BP_BE,Body Parts & Functions — Beard,0.463,CA_CB,Clothing & Adornment — Comb,0.446
PDR1855,*tīr_-,to be finished,TI_FI,TI_FI,Time — to Finish,0.749,TI_LS,Time — to Last,0.464,TI_RE,Time — Ready (adj),0.410
PDR1856,*tīt- (?),bird,AN_BI,AN_BI,Animals — Bird,0.849,AN_DU,Animals — Duck,0.597,AN_HN,Animals — Hen,0.590
PDR1857,*tjām-,tortoise,AN_SK,AN_SK,Animals — Snake,0.375,AN_WR,Animals — Worm,0.373,AN_GS,Animals — Goose,0.373
PDR1858,*tjī-,to burn,PW_BU,PW_BU,"Physical World — to Burn, Scorch",0.558,FD_RF,"Food & Drink — to Roast, Fry",0.375,LJ_AR,Law & Judgment — Arson,0.370
PDR1859,*tjī-,sweet,TI_NO,TI_NO,Time — Now,0.298,TI_HR,Time — Hour,0.291,SP_ST,Sense Perception — Sweet,0.290
PDR1860,*tjoṭ-,beehive,AN_BE,AN_BE,Animals — Bee,0.678,FD_HO,Food & Drink — Honey,0.424,AN_CO,Animals — Cow,0.358
PDR1861,*toḍ-,"to wear, put on",CA_CD,CA_CD,"Clothing & Adornment — to Clothe, Dress",0.561,CA_SE,Clothing & Adornment — to Sew,0.538,CA_BO,Clothing & Adornment — Boot,0.536
PDR1862,*toḍ-,lip,BP_LI,BP_LI,Body Parts & Functions — Lip,0.673,BP_CK,Body Parts & Functions — Cheek,0.449,BP_MO,Body Parts & Functions — Mouth,0.427
PDR1863,*toḍ-,to begin; to get ready,TI_BB,TI_BB,Time — to Begin; Beginning,0.606,TI_RE,Time — Ready (adj),0.500,TI_FI,Time — to Finish,0.468
PDR1864,*tod_- (?),feather,BP_FE,BP_FE,Body Parts & Functions — Feather,0.606,AN_HN,Animals — Hen,0.558,AN_GS,Animals — Goose,0.508
PDR1865,*toɣar-,dhal,PW_ST,PW_ST,Physical World — Star,0.264,MO_OA,Motion & Transportation — Oar,0.247,PT_MS,Possession & Trade — Miser,0.240
PDR1866,*tok-,"bark, rind",AN_BU,AN_BU,Animals — Bull,0.359,AN_DO,Animals — Dog,0.357,AN_PU,Animals — Puppy,0.352
PDR1867,*tol-,"to remove; to depart; to die, perish",MO_GA,MO_GA,"Motion & Transportation — to Depart, Go Away",0.437,TI_CE,Time — to Cease,0.395,BP_KI,Body Parts & Functions — to Kill,0.385
PDR1868,*tol-,formerly; early; tomorrow,TI_TM,TI_TM,Time — Tomorrow,0.618,TI_YD,Time — Yesterday,0.536,TI_TD,Time — Today,0.504
PDR1869,*toḷ-,"to pierce, bore",PA_BR,PA_BR,Physical Acts & Materials — to Bore,0.416,WH_SP,Warfare & Hunting — Spear,0.367,WH_SW,Warfare & Hunting — Sword,0.315
PDR1870,*toḷ-,to spill; to flow,MO_FL,MO_FL,Motion & Transportation — to Flow,0.487,MO_SI,Motion & Transportation — to Sink,0.438,FD_PJ,"Food & Drink — Jug, Pitcher",0.415
PDR1871,*toḷ-pad-,nine,QN_NN,QN_NN,Quantity & Number — Numerals,0.387,QN_TH,Quantity & Number — Three,0.374,QN_TP,Quantity & Number — Three Apiece,0.370
PDR1872,*tonḍ-,throat,BP_TR,BP_TR,Body Parts & Functions — Throat,0.657,BP_CO,Body Parts & Functions — to Cough,0.447,BP_SP,Body Parts & Functions — to Spit,0.430
PDR1873,*tonḍ-,beak; trunk,AN_BI,AN_BI,Animals — Bird,0.558,AN_DU,Animals — Duck,0.486,AN_SK,Animals — Snake,0.480
PDR1874,*Tonḍ-,creeper,MO_CC,MO_CC,"Motion & Transportation — to Creep, Crawl",0.467,AN_WR,Animals — Worm,0.326,CA_SL,Clothing & Adornment — Slipper,0.318
PDR1875,*tondar-,trouble,TI_HR,TI_HR,Time — Hour,0.357,TI_MT,Time — Month,0.333,EM_BD,Emotion — Bad,0.333
PDR1876,*toŋ-,to hang,TI_FI,TI_FI,Time — to Finish,0.381,TI_DE,Time — to Delay,0.321,AN_HU,Animals — to Hunt,0.317
PDR1877,"*tor-, *dor-","to push, shove",MO_PS,MO_PS,"Motion & Transportation — to Push, Shove",0.640,PA_PR,Physical Acts & Materials — to Press,0.359,EM_DA,Emotion — to Dare,0.318
PDR1878,*tor_-,kine,PW_MU,PW_MU,"Physical World — Mud, Mire",0.355,MK_WI,Mankind — Wife,0.291,MK_AU,Mankind — Aunt,0.289
PDR1879,*toT-,to stammer,PA_SO,PA_SO,"Physical Acts & Materials — to Strew, Spread Out",0.319,PT_MS,Possession & Trade — Miser,0.293,TI_FI,Time — to Finish,0.279
PDR1880,*toṬ-,to touch,SP_TV,SP_TV,Sense Perception — to Touch,0.590,SP_TC,Sense Perception — Touch (n),0.526,BP_FI,Body Parts & Functions — Finger,0.524
PDR1881,*toṭ-i,trough,TI_SP,TI_SP,Time — Spring,0.334,TI_DW,Time — Dawn,0.331,TI_EV,Time — Evening,0.331
PDR1882,*toṭil-,cradle,MK_IN,MK_IN,Mankind — Infant,0.387,EM_CA,Emotion — Care (n),0.373,MK_GM,Mankind — Grandmother,0.369
PDR1883,*toẓ-,"to tread on, kick",MO_RU,MO_RU,Motion & Transportation — to Run,0.361,BP_FT,Body Parts & Functions — Foot,0.360,MO_DA,Motion & Transportation — to Dance,0.360
PDR1884,*toẓ-,work,TI_FI,TI_FI,Time — to Finish,0.439,TI_DA,Time — Day,0.411,TI_AL,Time — Always,0.397
PDR1885,*toẓ-,to worship,RB_WO,RB_WO,Religion & Beliefs — to Worship,0.730,RB_AL,Religion & Beliefs — Altar,0.507,RB_BL,Religion & Beliefs — to Bless,0.472
PDR1886,*tō-,to bathe; to be wet,CA_TW,CA_TW,Clothing & Adornment — Towel,0.435,PA_WA,Physical Acts & Materials — to Wash,0.424,AN_WE,Animals — Wether,0.382
PDR1887,*tōɣ-,"to kick, stamp",PA_SH,PA_SH,"Physical Acts & Materials — to Hit, Strike, Beat",0.380,CA_BO,Clothing & Adornment — Boot,0.324,WH_GP,Warfare & Hunting — Gunpowder,0.321
PDR1888,*tōɣ-,a k. of ficus,FD_FI,FD_FI,Food & Drink — Fig,0.265,PW_CL,"Physical World — Cloud, Mirk",0.260,AN_HN,Animals — Hen,0.259
PDR1889,*tōk-,tail,BP_TA,BP_TA,Body Parts & Functions — Tail,0.642,AN_MU,Animals — Mule,0.359,BP_HO,Body Parts & Functions — Horn,0.343
PDR1890,*tōl,"skin, hide",BP_SH,BP_SH,"Body Parts & Functions — Skin, Hide",0.736,CA_CK,Clothing & Adornment — Cloak,0.453,PA_FS,"Physical Acts & Materials — to Flay, Skin",0.416
PDR1891,*tōl-,egg,BP_EG,BP_EG,Body Parts & Functions — Egg,0.617,AN_HN,Animals — Hen,0.491,AN_DU,Animals — Duck,0.431
PDR1892,*tōḷ-,"shoulder, arm",BP_SD,BP_SD,Body Parts & Functions — Shoulder,0.734,BP_AR,Body Parts & Functions — Arm,0.639,BP_EL,Body Parts & Functions — Elbow,0.594
PDR1893,*tōnḍ-,"to bale out, draw (water); to dig",AV_DI,AV_DI,"Agriculture & Vegetation — to Dig, Delve",0.408,PW_MU,"Physical World — Mud, Mire",0.376,PW_RS,"Physical World — Brook, Stream, River",0.362
PDR1894,*tōnḍl-,"wolf, jackal",AN_WO,AN_WO,Animals — Wolf,0.638,AN_FX,Animals — Fox,0.450,AN_BR,Animals — Bear,0.417
PDR1895,*tōnd_-,"to appear, be",MT_SE,MT_SE,Mind & Thought — to Seem,0.473,SP_SG,"Sense Perception — Sight (obj), Look (obj), Appearance",0.345,TI_HH,"Time — to Hurry, Hasten",0.342
PDR1896,*tōp-,"grove, garden",AV_GA,AV_GA,"Agriculture & Vegetation — Garden, Orchard",0.454,AV_GR,Agriculture & Vegetation — Grass,0.411,AV_FL,Agriculture & Vegetation — Flower,0.393
PDR1897,*tōr-,"large, stout, mature",FD_BB,FD_BB,Food & Drink — Beer,0.426,FD_SA,Food & Drink — Saucer,0.396,FD_PO,Food & Drink — Pot,0.359
PDR1898,*tōr-,to flow; blood,MO_FL,MO_FL,Motion & Transportation — to Flow,0.573,BP_BL,Body Parts & Functions — Blood,0.528,BP_BB,Body Parts & Functions — to Breathe; Breath,0.451
PDR1899,*tōr_-,"bushes, shrubbery",AV_PN,AV_PN,"Agriculture & Vegetation — Plant, Herb",0.535,AV_FL,Agriculture & Vegetation — Flower,0.522,AV_LE,Agriculture & Vegetation — Leaf,0.510
PDR1900,*tōẓ-,"1 friend; younger brother 2 assistance, help",SO_HA,SO_HA,"Social Relations — to Help, Aid",0.397,SO_FR,Social Relations — Friend,0.330,SO_NE,Social Relations — Neighbor,0.299
PDR1901,*tōẓ-,"stable, stall",AN_ST,AN_ST,"Animals — Stall, Stable",0.738,TI_RE,Time — Ready (adj),0.323,TI_DE,Time — to Delay,0.312
PDR1902,*tUḍ-,thigh,BP_LE,BP_LE,Body Parts & Functions — Leg,0.556,BP_KN,Body Parts & Functions — Knee,0.503,BP_FT,Body Parts & Functions — Foot,0.459
PDR1903,*tùd-,"point, edge",SR_ED,SR_ED,Spatial Relations — Edge,0.537,SR_PO,Spatial Relations — Point,0.360,SR_CN,"Spatial Relations — Angle, Corner",0.319
PDR1904,*tuḍ-,to wipe,PA_WA,PA_WA,Physical Acts & Materials — to Wash,0.407,BP_SP,Body Parts & Functions — to Spit,0.326,CA_TW,Clothing & Adornment — Towel,0.303
PDR1905,*tud_-,to leave,MO_GA,MO_GA,"Motion & Transportation — to Depart, Go Away",0.412,TI_FI,Time — to Finish,0.395,MO_FE,Motion & Transportation — to Flee,0.389
PDR1906,*tud_-,to block up,LM_RF,LM_RF,"Language & Music — to Refuse, Forbid",0.263,TI_DE,Time — to Delay,0.258,SO_HP,"Social Relations — to Hinder, Prevent",0.246
PDR1907,*tud_-,pig,AN_PI,AN_PI,Animals — Pig,0.851,AN_BO,Animals — Boar,0.618,AN_SW,Animals — Swine,0.523
PDR1908,*tUḷ-,to wash,PA_WA,PA_WA,Physical Acts & Materials — to Wash,0.522,CA_TW,Clothing & Adornment — Towel,0.421,CA_SA,Clothing & Adornment — Soap,0.404
PDR1909,*tuḷ-,to jump,MO_JL,MO_JL,"Motion & Transportation — to Jump, Leap",0.650,MO_FY,Motion & Transportation — to Fly,0.410,MO_TH,Motion & Transportation — to Throw,0.382
PDR1910,*tuḷ-,to shine,EM_GL,EM_GL,"Emotion — Fame, Glory",0.353,TI_FI,Time — to Finish,0.327,SP_SH,"Sense Perception — to Shine, Glisten",0.312
PDR1911,*Tuḷ-,"to shake, tremble",MO_SH,MO_SH,Motion & Transportation — to Shake,0.579,EM_DA,Emotion — to Dare,0.345,BP_VO,Body Parts & Functions — to Vomit,0.331
PDR1912,*tuḷas-,sacred basil,RB_HS,RB_HS,"Religion & Beliefs — Holy, Sacred",0.495,RB_MO,Religion & Beliefs — Monk,0.424,RB_PR,Religion & Beliefs — Priest,0.407
PDR1913,*tum-,ebony,SP_BK,SP_BK,Sense Perception — Black,0.359,SP_WH,Sense Perception — White,0.309,SP_DC,Sense Perception — Dark in Color,0.301
PDR1914,*tum-,quail,AN_BI,AN_BI,Animals — Bird,0.520,AN_CK,"Animals — Cock, Rooster",0.506,AN_CH,Animals — Chicken,0.493
PDR1915,*tum-,to sneeze,BP_SN,BP_SN,Body Parts & Functions — to Sneeze,0.785,BP_CO,Body Parts & Functions — to Cough,0.450,RB_BL,Religion & Beliefs — to Bless,0.371
PDR1916,*tum-,"to be cut off, piece",PA_CU,PA_CU,Physical Acts & Materials — to Cut,0.500,PA_SS,"Physical Acts & Materials — Shears, Scissors",0.427,FD_KN,Food & Drink — Knife,0.408
PDR1917,*tumb-,"bee, beetle",AN_BE,AN_BE,Animals — Bee,0.738,AN_IN,Animals — Insect,0.611,AN_BR,Animals — Bear,0.492
PDR1918,*tumb-,a k. of tree,PW_TR,PW_TR,"Physical World — Tree, Oak",0.554,AV_TR,Agriculture & Vegetation — Tree (generic),0.528,PW_WF,"Physical World — Woods, Forest",0.425
PDR1919,*tumb- (?),crowd,QN_MC,QN_MC,"Quantity & Number — Crowd, Multitude",0.677,SO_PP,"Social Relations — People, Populace",0.397,MK_FM,Mankind — Family,0.376
PDR1920,*tunḍ-,piece (of cloth),CA_CL,CA_CL,Clothing & Adornment — Cloth,0.637,CA_VE,Clothing & Adornment — Veil,0.576,CA_CD,"Clothing & Adornment — to Clothe, Dress",0.567
PDR1921,*tund-,"to pour, spill",PA_PO,PA_PO,Physical Acts & Materials — to Pour,0.542,FD_CU,Food & Drink — Cup,0.491,FD_PJ,"Food & Drink — Jug, Pitcher",0.469
PDR1922,*tunṭ-,a wicked person,RB_WS,RB_WS,"Religion & Beliefs — Witch, Sorceress",0.357,RB_DM,"Religion & Beliefs — Demon, Evil Spirit",0.342,EM_WA,"Emotion — Wonder, Astonishment",0.334
PDR1923,*tuŋ-,a k. of grass,AV_GR,AV_GR,Agriculture & Vegetation — Grass,0.574,AN_PS,Animals — Pasture,0.461,AN_PV,Animals — to Pasture,0.427
PDR1924,*tup-,to spit,BP_SP,BP_SP,Body Parts & Functions — to Spit,0.681,FD_SU,"Food & Drink — to Suck, Suckle",0.411,BP_MO,Body Parts & Functions — Mouth,0.406
PDR1925,*tur-,"rust, verdigris",WH_SW,WH_SW,Warfare & Hunting — Sword,0.345,WH_FT,Warfare & Hunting — Fortress,0.331,AN_WO,Animals — Wolf,0.308
PDR1926,*turŋ-,1 to hang 2 to swing 3 to sleep,BP_SL,BP_SL,Body Parts & Functions — to Sleep; Sleep,0.396,DF_LO,Dwellings & Furniture — Lock (n),0.299,DF_TE,Dwellings & Furniture — Tent,0.294
PDR1927,*tur_-[k-],"weed; rubbish, refuse",LM_RF,LM_RF,"Language & Music — to Refuse, Forbid",0.405,AV_ST,Agriculture & Vegetation — Smoke (Tobacco),0.402,FD_PO,Food & Drink — Pot,0.374
PDR1928,*tuv- (*-o-),"to dip, soak",FD_SL,FD_SL,Food & Drink — Salt,0.396,BP_VO,Body Parts & Functions — to Vomit,0.372,FD_SU,"Food & Drink — to Suck, Suckle",0.367
PDR1929,*tūd_-,"to pierce, penetrate",WH_SP,WH_SP,Warfare & Hunting — Spear,0.381,BP_SI,Body Parts & Functions — to have Sexual Intercourse,0.363,BP_NA,"Body Parts & Functions — Nail, Claw",0.351
PDR1930,*TūK-,earth,PW_EL,PW_EL,"Physical World — Earth, Land",0.672,PW_GS,"Physical World — Ground, Soil",0.523,PW_SK,"Physical World — Sky, Heavens",0.520
PDR1931,*tūḷ-,to run away,MO_RU,MO_RU,Motion & Transportation — to Run,0.413,AN_HU,Animals — to Hunt,0.408,MO_FE,Motion & Transportation — to Flee,0.386
PDR1932,*tūm-,tube,AN_BA,AN_BA,Animals — Barrow,0.317,AN_DU,Animals — Duck,0.288,AN_MU,Animals — Mule,0.286
PDR1933,*tūṇ-,to cut; slice,FD_KN,FD_KN,Food & Drink — Knife,0.578,PA_CU,Physical Acts & Materials — to Cut,0.538,PA_SS,"Physical Acts & Materials — Shears, Scissors",0.473
PDR1934,*tūr_-,to pierce; to dig out,BP_NA,BP_NA,"Body Parts & Functions — Nail, Claw",0.374,BP_BD,Body Parts & Functions — to Bury the Dead,0.345,WH_SP,Warfare & Hunting — Spear,0.324
PDR1935,*tū[v]-,feather,BP_FE,BP_FE,Body Parts & Functions — Feather,0.606,AN_HN,Animals — Hen,0.558,AN_GS,Animals — Goose,0.508
PDR1936,*ṭaɣ-,mango stone,FD_PC,FD_PC,Food & Drink — Peach,0.485,PW_SR,"Physical World — Rock, Stone",0.484,FD_FR,Food & Drink — Fruit,0.465
PDR1937,*ṭeŋ-,coconut,FD_PR,FD_PR,Food & Drink — Pear,0.434,FD_FR,Food & Drink — Fruit,0.423,FD_FI,Food & Drink — Fig,0.418
PDR1938,*ṭēk-,teak tree,AV_LE,AV_LE,Agriculture & Vegetation — Leaf,0.445,AV_TR,Agriculture & Vegetation — Tree (generic),0.434,PW_TR,"Physical World — Tree, Oak",0.430
PDR1939,*ṭoŋ-,knee (?),BP_KN,BP_KN,Body Parts & Functions — Knee,0.694,BP_LE,Body Parts & Functions — Leg,0.434,BP_FT,Body Parts & Functions — Foot,0.417
PDR1940,*ubb- (? *urb-),"to swell, bloat, boil",FD_BO,FD_BO,Food & Drink — to Boil (trans,0.571,MO_BO,Motion & Transportation — to Boil (intrans,0.413,FD_KE,Food & Drink — Kettle,0.399
PDR1941,*uc-i,crown of head,BP_FO,BP_FO,Body Parts & Functions — Forehead,0.440,BP_HE,Body Parts & Functions — Head,0.428,WH_HM,Warfare & Hunting — Helmet,0.420
PDR1942,*Ud-,"to give, give a hand; to aid",SO_HA,SO_HA,"Social Relations — to Help, Aid",0.430,PT_GI,Possession & Trade — to Give,0.414,EM_PL,Emotion — to Please,0.410
PDR1943,*Ùḍ-,wealth; possession,PT_WR,PT_WR,"Possession & Trade — Wealth, Riches",0.860,PT_RC,Possession & Trade — Rich,0.799,PT_OP,"Possession & Trade — to Own, Possess",0.780
PDR1944,*uḍ-,"to wear, put on",CA_CD,CA_CD,"Clothing & Adornment — to Clothe, Dress",0.561,CA_SE,Clothing & Adornment — to Sew,0.538,CA_BO,Clothing & Adornment — Boot,0.536
PDR1945,*uḍ-,to boil; hot,FD_BO,FD_BO,Food & Drink — to Boil (trans,0.732,MO_BO,Motion & Transportation — to Boil (intrans,0.556,FD_KE,Food & Drink — Kettle,0.520
PDR1946,*ud-,"match, pair?",PW_MT,PW_MT,"Physical World — Match, Fire Stick",0.440,SO_ME,Social Relations — to Meet,0.342,TI_MS,"Time — Minute, Second",0.321
PDR1947,*ud-ar_-,to shake,MO_SH,MO_SH,Motion & Transportation — to Shake,0.590,BP_VO,Body Parts & Functions — to Vomit,0.388,BP_SP,Body Parts & Functions — to Spit,0.367
PDR1948,*udd- (?),long,TI_LS,TI_LS,Time — to Last,0.411,TI_HR,Time — Hour,0.394,TI_YR,Time — Year,0.379
PDR1949,*ùḍ-[u-],iguana,AN_SK,AN_SK,Animals — Snake,0.450,AN_LN,Animals — Lion,0.398,AN_EW,Animals — Ewe,0.394
PDR1950,*ud_-,to butt; to crush,AN_AD,AN_AD,"Animals — Ass, Donkey",0.395,EM_KS,Emotion — to Kiss,0.387,EM_LO,Emotion — to Love; Love,0.382
PDR1951,*ud_-,"1 to happen 2 to fit, agree with",TI_MS,TI_MS,"Time — Minute, Second",0.294,TI_FI,Time — to Finish,0.286,TI_AL,Time — Always,0.272
PDR1952,*ud_-/*ut_-,network,SO_NE,SO_NE,Social Relations — Neighbor,0.337,SO_HO,Social Relations — Host,0.327,SR_ED,Spatial Relations — Edge,0.310
PDR1953,*ug-,to shed (hair),BP_HA,BP_HA,Body Parts & Functions — Hair,0.536,CA_CB,Clothing & Adornment — Comb,0.388,BP_BD,Body Parts & Functions — to Bury the Dead,0.357
PDR1954,*Ul-,"to move, shake",MO_SH,MO_SH,Motion & Transportation — to Shake,0.729,MO_MO,Motion & Transportation — to Move,0.549,MO_BG,Motion & Transportation — to Bring,0.480
PDR1955,*uḷ-,snipe,AN_SO,AN_SO,Animals — Sow,0.330,AN_SK,Animals — Snake,0.278,AN_SW,Animals — Swine,0.278
PDR1956,*ul- (*o-),pestle,AN_IN,AN_IN,Animals — Insect,0.436,AV_SI,"Agriculture & Vegetation — Scythe, Sickle",0.426,AN_BI,Animals — Bird,0.364
PDR1957,*Ular- (?),dry,PA_WA,PA_WA,Physical Acts & Materials — to Wash,0.387,CA_TW,Clothing & Adornment — Towel,0.373,AN_WE,Animals — Wether,0.369
PDR1958,*ùḷ-i,chisel,PA_CS,PA_CS,Physical Acts & Materials — Chisel (n),0.668,CA_JW,"Clothing & Adornment — Gem, Jewel",0.302,FD_KN,Food & Drink — Knife,0.302
PDR1959,*uḷ-i,onion; garlic,FD_ON,FD_ON,Food & Drink — Onion,0.756,FD_SB,"Food & Drink — Soup, Broth",0.423,FD_CB,Food & Drink — Cabbage,0.414
PDR1960,*ùḷo-,inside,DF_RO,DF_RO,Dwellings & Furniture — Room,0.378,DF_DG,"Dwellings & Furniture — Door, Gate",0.354,TI_EV,Time — Evening,0.323
PDR1961,*uḷ-[u-]/[d-],to be,TI_FI,TI_FI,Time — to Finish,0.344,TI_LS,Time — to Last,0.332,EM_LO,Emotion — to Love; Love,0.313
PDR1962,*uḷum-/*uḷuŋ-,tick,AN_GS,AN_GS,Animals — Goose,0.407,AN_CK,"Animals — Cock, Rooster",0.388,AN_CH,Animals — Chicken,0.362
PDR1963,*um-,to spit,BP_SP,BP_SP,Body Parts & Functions — to Spit,0.681,FD_SU,"Food & Drink — to Suck, Suckle",0.411,BP_MO,Body Parts & Functions — Mouth,0.406
PDR1964,*um(b)-,"insect, mosquito",AN_IN,AN_IN,Animals — Insect,0.725,AN_BI,Animals — Bird,0.498,AN_FL,Animals — Fly (n),0.495
PDR1965,*umbḷ-,urine; to urinate,BP_UU,BP_UU,Body Parts & Functions — to Urinate; Urine,0.812,BP_ED,"Body Parts & Functions — to Void Excrement; Dung, Excrement",0.427,BP_TS,Body Parts & Functions — Testicle,0.369
PDR1966,*um-[Vk-],"husk, chaff",AN_AD,AN_AD,"Animals — Ass, Donkey",0.302,AN_FX,Animals — Fox,0.281,AN_BR,Animals — Bear,0.274
PDR1967,*un-,to think,MT_BE,MT_BE,Mind & Thought — to Believe,0.606,MT_TO,"Mind & Thought — to Think, be of the Opinion",0.593,MT_KN,Mind & Thought — to Know,0.591
PDR1968,*uṇ-,1 to drink 2 to eat,FD_EA,FD_EA,Food & Drink — to Eat,0.666,FD_DR,Food & Drink — to Drink,0.642,FD_AM,Food & Drink — a Meal,0.614
PDR1969,*unḍ-,1 round 2 wheel,MO_WH,MO_WH,Motion & Transportation — Wheel,0.488,MO_AX,Motion & Transportation — Axle,0.340,SR_RO,Spatial Relations — Round (adj),0.303
PDR1970,*und_- (?),to sit,SR_SI,SR_SI,Spatial Relations — to Sit,0.479,DF_CR,Dwellings & Furniture — Chair,0.437,FD_EA,Food & Drink — to Eat,0.357
PDR1971,*ur-,to burn,PW_BU,PW_BU,"Physical World — to Burn, Scorch",0.558,FD_RF,"Food & Drink — to Roast, Fry",0.375,LJ_AR,Law & Judgment — Arson,0.370
PDR1972,*ur-,"noose, knot",PA_KN,PA_KN,Physical Acts & Materials — Knot (n),0.500,CA_CB,Clothing & Adornment — Comb,0.386,PA_RC,"Physical Acts & Materials — Rope, Cord",0.348
PDR1973,*ur-,to rub,PA_RU,PA_RU,Physical Acts & Materials — to Rub,0.643,BP_NA,"Body Parts & Functions — Nail, Claw",0.384,BP_LC,Body Parts & Functions — to Lick,0.382
PDR1974,*Ùral-,mortar,PA_MO,PA_MO,Physical Acts & Materials — Mortar,0.668,PA_BC,Physical Acts & Materials — Brick,0.464,WH_TW,Warfare & Hunting — Tower,0.362
PDR1975,*ur-c-,to pierce,FD_KN,FD_KN,Food & Drink — Knife,0.318,BP_NA,"Body Parts & Functions — Nail, Claw",0.309,BP_TO,Body Parts & Functions — Tooth,0.307
PDR1976,*ur-[c-],to urinate,BP_UU,BP_UU,Body Parts & Functions — to Urinate; Urine,0.685,BP_ED,"Body Parts & Functions — to Void Excrement; Dung, Excrement",0.411,BP_SI,Body Parts & Functions — to have Sexual Intercourse,0.386
PDR1977,"*ur-, *ur-av-","shape, form, beauty",BP_FA,BP_FA,Body Parts & Functions — Face,0.471,EM_BF,Emotion — Beautiful,0.428,SR_FS,"Spatial Relations — Form, Shape (n)",0.415
PDR1978,*ur-ug-,"to dissolve, melt; steel",PA_IR,PA_IR,Physical Acts & Materials — Iron,0.458,PA_KF,Physical Acts & Materials — Knife (tool),0.438,PA_PO,Physical Acts & Materials — to Pour,0.423
PDR1979,*urVḷ-,to roll,MO_RO,MO_RO,Motion & Transportation — to Roll,0.598,MO_WW,"Motion & Transportation — to Wind, Wrap",0.403,MO_PS,"Motion & Transportation — to Push, Shove",0.369
PDR1980,*ur_-,to jump; to run away,MO_JL,MO_JL,"Motion & Transportation — to Jump, Leap",0.580,MO_FE,Motion & Transportation — to Flee,0.506,MO_RU,Motion & Transportation — to Run,0.451
PDR1981,*ur_-,"to throw, fling",MO_TH,MO_TH,Motion & Transportation — to Throw,0.667,BP_VO,Body Parts & Functions — to Vomit,0.427,MO_BL,Motion & Transportation — to Blow,0.420
PDR1982,*Ur_- (*-d_-),sheath,CA_LE,CA_LE,Clothing & Adornment — Leather,0.511,CA_BG,"Clothing & Adornment — Belt, Girdle",0.496,WH_SW,Warfare & Hunting — Sword,0.487
PDR1983,*ur_- (*-d_-),"numerous, abundant",QN_MM,QN_MM,"Quantity & Number — Much, Many",0.594,QN_MC,"Quantity & Number — Crowd, Multitude",0.517,QN_LF,"Quantity & Number — Few, Little",0.462
PDR1984,*ur_um-,thunder,PW_TH,PW_TH,"Physical World — Noise, Thunder",0.616,PW_LT,"Physical World — Thunderbolt, Lightning Strike",0.544,PW_LI,"Physical World — Flash, Lightning",0.395
PDR1985,*uS-,to husk,EM_PL,EM_PL,Emotion — to Please,0.317,EM_DR,Emotion — Dear,0.310,TI_SM,Time — Summer,0.279
PDR1986,*uS-,life; to live,BP_LL,BP_LL,Body Parts & Functions — to Live; Living; Life,0.659,EM_LO,Emotion — to Love; Love,0.486,BP_DD,Body Parts & Functions — to Die; Dead; Death,0.442
PDR1987,*uS-,to wipe; to wash,PA_WA,PA_WA,Physical Acts & Materials — to Wash,0.542,CA_TW,Clothing & Adornment — Towel,0.421,CA_HF,Clothing & Adornment — Handkerchief,0.386
PDR1988,*uSir-,gooseberry,AN_GS,AN_GS,Animals — Goose,0.623,FD_BY,Food & Drink — Berry,0.490,FD_PE,Food & Drink — Pea,0.400
PDR1989,*uẓ-,to comb; to rub,CA_CB,CA_CB,Clothing & Adornment — Comb,0.647,PA_RU,Physical Acts & Materials — to Rub,0.482,CA_BH,Clothing & Adornment — Brush,0.376
PDR1990,*uẓ-,to plough,AV_PL,AV_PL,Agriculture & Vegetation — to Plow; Plow,0.646,AV_MR,"Agriculture & Vegetation — to Mow, Reap",0.451,AV_SH,Agriculture & Vegetation — Shovel (n),0.439
PDR1991,*uẓ- (*ū-),1 to fall off; to undress 2 to strip off (bark),CA_CR,CA_CR,Clothing & Adornment — Collar,0.354,PA_FO,Physical Acts & Materials — to Fold,0.323,PA_RC,"Physical Acts & Materials — Rope, Cord",0.287
PDR1992,*uẓund-,black gram,SP_BK,SP_BK,Sense Perception — Black,0.343,CA_DY,Clothing & Adornment — to Dye,0.312,SP_DC,Sense Perception — Dark in Color,0.301
PDR1993,*uẓ-up-,deer,AN_DE,AN_DE,Animals — Deer,0.892,AN_CO,Animals — Cow,0.578,AN_BR,Animals — Bear,0.546
PDR1994,*uẓuv-,tiger,AN_LN,AN_LN,Animals — Lion,0.580,AN_CT,Animals — Cat,0.516,AN_SK,Animals — Snake,0.513
PDR1995,*uǯ-,truth,EM_TE,EM_TE,Emotion — True,0.475,EM_LI,"Emotion — Lie, Falsehood",0.440,EM_GD,Emotion — Good,0.365
PDR1996,*ū-,that (intermediate),TI_FI,TI_FI,Time — to Finish,0.319,EM_FL,Emotion — Faithful,0.296,EM_GD,Emotion — Good,0.279
PDR1997,*ū-,"flesh, meat",FD_ME,FD_ME,Food & Drink — Meat,0.681,BP_FL,Body Parts & Functions — Flesh,0.616,FD_BU,Food & Drink — Butcher (n),0.547
PDR1998,*ūk-,to put forth effort; to endeavour,PA_WV,PA_WV,"Physical Acts & Materials — to Work, Toil",0.437,MT_IP,"Mind & Thought — Purpose, Intention",0.424,TI_FI,Time — to Finish,0.384
PDR1999,*ūḷ-,to howl,AN_HU,AN_HU,Animals — to Hunt,0.482,AN_WO,Animals — Wolf,0.432,WH_FI,Warfare & Hunting — to Fight,0.411
PDR2000,*ūm-,"to swim, fly",MO_SW,MO_SW,Motion & Transportation — to Swim,0.636,MO_FY,Motion & Transportation — to Fly,0.556,AN_FL,Animals — Fly (n),0.494
PDR2001,*ūm,dumbness,MT_FS,MT_FS,"Mind & Thought — Stupid, Foolish",0.338,EM_BD,Emotion — Bad,0.324,EM_TE,Emotion — True,0.299
PDR2002,*ū(n)d-,to blow,MO_BL,MO_BL,Motion & Transportation — to Blow,0.474,BP_BB,Body Parts & Functions — to Breathe; Breath,0.354,BP_SP,Body Parts & Functions — to Spit,0.315
PDR2003,*ūnd_-,"to plant, fix",AV_MR,AV_MR,"Agriculture & Vegetation — to Mow, Reap",0.426,AV_PL,Agriculture & Vegetation — to Plow; Plow,0.419,AV_SS,Agriculture & Vegetation — to Sow; Seed,0.408
PDR2004,*ūnǯ- (*-nc-),"lean, withered; to dry up",PA_WA,PA_WA,Physical Acts & Materials — to Wash,0.382,CA_SN,Clothing & Adornment — to Spin,0.365,PA_BN,Physical Acts & Materials — to Bend,0.346
PDR2005,*ūr-,to wash (face),PA_WA,PA_WA,Physical Acts & Materials — to Wash,0.462,BP_FA,Body Parts & Functions — Face,0.457,CA_SA,Clothing & Adornment — Soap,0.408
PDR2006,*ūr-,to blow,MO_BL,MO_BL,Motion & Transportation — to Blow,0.474,BP_BB,Body Parts & Functions — to Breathe; Breath,0.354,BP_SP,Body Parts & Functions — to Spit,0.315
PDR2007,*ūr-,village,SO_CI,SO_CI,"Social Relations — Town, City",0.493,SO_TC,"Social Relations — Tribe, Clan, Family",0.451,DF_HU,Dwellings & Furniture — Hut,0.424
PDR2008,*ū̆r-,"to rise, boil over, swell",FD_BO,FD_BO,Food & Drink — to Boil (trans,0.526,MO_BO,Motion & Transportation — to Boil (intrans,0.458,FD_KE,Food & Drink — Kettle,0.427
PDR2009,*ū̆r- (*-d_-),"to leak, ooze",CA_OI,CA_OI,Clothing & Adornment — Ointment,0.376,BP_SP,Body Parts & Functions — to Spit,0.362,BP_FB,"Body Parts & Functions — to Fart, Break Wind",0.304
PDR2010,*ūs-[c-],to spit,BP_SP,BP_SP,Body Parts & Functions — to Spit,0.681,FD_SU,"Food & Drink — to Suck, Suckle",0.411,BP_MO,Body Parts & Functions — Mouth,0.406
PDR2011,"*ūs-, *ūs-ŋ-",to swing,MO_TH,MO_TH,Motion & Transportation — to Throw,0.403,MO_WW,"Motion & Transportation — to Wind, Wrap",0.373,MO_RO,Motion & Transportation — to Roll,0.366
PDR2012,*ūẓ-,"to sweep up, heap up",PA_SW,PA_SW,Physical Acts & Materials — to Sweep,0.412,MO_RO,Motion & Transportation — to Roll,0.337,MO_TH,Motion & Transportation — to Throw,0.316
PDR2013,*ūẓ-i-,service; to serve,SO_ST,SO_ST,Social Relations — Servant,0.445,WH_FL,Warfare & Hunting — Fleet,0.338,WH_SO,Warfare & Hunting — Soldier,0.338
PDR2014,*vaḍ-,"1 to fade, diminish 2 to dry up",SP_WD,SP_WD,"Sense Perception — Wet, Damp",0.313,TI_LS,Time — to Last,0.310,PW_MI,"Physical World — Mist, Fog, Haze",0.283
PDR2015,*vàḍ-,north,SR_NO,SR_NO,Spatial Relations — North,0.641,SR_EA,Spatial Relations — East,0.449,SR_SO,Spatial Relations — South,0.439
PDR2016,*vadar_-,"to chatter, prattle",LM_ST,LM_ST,"Language & Music — to Speak, Talk",0.380,SO_CO,Social Relations — to Compel,0.379,SO_OB,Social Relations — to Obey,0.373
PDR2017,*vaḍḍ-,to flow; to pour; to strain,PA_PO,PA_PO,Physical Acts & Materials — to Pour,0.571,MO_FL,Motion & Transportation — to Flow,0.508,FD_PJ,"Food & Drink — Jug, Pitcher",0.436
PDR2018,*vaḍ[i]- (*b-),"form, shape, beauty",BP_FA,BP_FA,Body Parts & Functions — Face,0.477,SR_FS,"Spatial Relations — Form, Shape (n)",0.433,EM_BF,Emotion — Beautiful,0.423
PDR2019,*vad_-,to fry,FD_RF,FD_RF,"Food & Drink — to Roast, Fry",0.565,FD_CO,Food & Drink — to Cook,0.390,FD_OI,Food & Drink — Oil,0.382
PDR2020,*vad_-/*vat_-,to dry; to wither,PA_WA,PA_WA,Physical Acts & Materials — to Wash,0.423,CA_TW,Clothing & Adornment — Towel,0.366,PA_WV,"Physical Acts & Materials — to Work, Toil",0.345
PDR2021,*vag-,to think,MT_BE,MT_BE,Mind & Thought — to Believe,0.606,MT_TO,"Mind & Thought — to Think, be of the Opinion",0.593,MT_KN,Mind & Thought — to Know,0.591
PDR2022,*vagg-,a k. of fish,AN_FI,AN_FI,Animals — Fish (n),0.596,AN_FM,Animals — Fisherman,0.533,AN_AN,Animals — Animal,0.362
PDR2023,*vagg-/*vaŋ-,to bend,PA_BN,PA_BN,Physical Acts & Materials — to Bend,0.603,PA_SR,Physical Acts & Materials — to Stretch,0.420,PA_FO,Physical Acts & Materials — to Fold,0.354
PDR2024,*vai-,"1 to put, place 2 to bear",AN_BR,AN_BR,Animals — Bear,0.508,MO_CA,"Motion & Transportation — to Bear, Carry",0.478,BP_BM,Body Parts & Functions — to Bear (of Mother),0.412
PDR2025,*vai-[ɣ-],dawn,TI_DW,TI_DW,Time — Dawn,0.764,TI_MG,Time — Morning,0.451,TI_NG,Time — Night,0.423
PDR2026,*vaj-,straw [of paddy],FD_SP,FD_SP,Food & Drink — Spoon,0.489,FD_PT,Food & Drink — Potato,0.390,AV_HY,Agriculture & Vegetation — Hay,0.382
PDR2027,*va(j)-,"desire, longing",EM_DE,EM_DE,Emotion — to Desire,0.755,EM_PA,Emotion — Passion,0.596,EM_LO,Emotion — to Love; Love,0.544
PDR2028,*vaj-,to snatch away,PT_ST,PT_ST,Possession & Trade — to Steal,0.514,PT_SG,"Possession & Trade — to Grasp, Seize, Take Hold of",0.492,PT_TH,Possession & Trade — Thief,0.451
PDR2029,*vaj-,to revile,MO_TU,MO_TU,Motion & Transportation — to Turn,0.318,EM_RR,"Emotion — to Regret, Repent",0.290,TI_FI,Time — to Finish,0.288
PDR2030,*vajnder_-,"tongue, palate",BP_TG,BP_TG,Body Parts & Functions — Tongue,0.616,BP_MO,Body Parts & Functions — Mouth,0.510,SP_AC,"Sense Perception — Sour, Acidic",0.423
PDR2031,*vajt-,finger ring,CA_FR,CA_FR,Clothing & Adornment — Finger Ring,0.707,BP_FI,Body Parts & Functions — Finger,0.542,BP_TM,Body Parts & Functions — Thumb,0.360
PDR2032,*vaK-,"division; kind; manner, mode",QN_CW,QN_CW,Quantity & Number — Other Collective Words,0.383,QN_HA,Quantity & Number — Half,0.375,SR_DI,Spatial Relations — to Divide,0.370
PDR2033,*vàl-,net,MT_MI,MT_MI,Mind & Thought — Mind,0.276,SR_ED,Spatial Relations — Edge,0.271,SR_TO,Spatial Relations — Top,0.266
PDR2034,*val-,"big; much, very",QN_MM,QN_MM,"Quantity & Number — Much, Many",0.438,SR_SZ,Spatial Relations — Size (n),0.357,SR_XL,"Spatial Relations — Big, Large, Great",0.355
PDR2035,*val-,tired; attenuate,BP_SL,BP_SL,Body Parts & Functions — to Sleep; Sleep,0.389,EM_UG,Emotion — Ugly,0.346,BP_SS,Body Parts & Functions — Sick; Sickness,0.330
PDR2036,*vaḷ-,to cut; to be sharp,PA_CU,PA_CU,Physical Acts & Materials — to Cut,0.488,FD_KN,Food & Drink — Knife,0.487,PA_KF,Physical Acts & Materials — Knife (tool),0.459
PDR2037,*val- (?),stone,PW_SR,PW_SR,"Physical World — Rock, Stone",0.695,PW_SA,"Physical World — Sand, Grit",0.394,PA_MO,Physical Acts & Materials — Mortar,0.371
PDR2038,*vaḷ-ai-,to turn; to surround,MO_TA,MO_TA,Motion & Transportation — to Turn Around,0.540,MO_TU,Motion & Transportation — to Turn,0.510,MO_LE,Motion & Transportation — to Lead,0.351
PDR2039,*vaḷ-i,creeper,MO_CC,MO_CC,"Motion & Transportation — to Creep, Crawl",0.467,AN_WR,Animals — Worm,0.326,CA_SL,Clothing & Adornment — Slipper,0.318
PDR2040,*vàḷi-,wind,PW_WI,PW_WI,"Physical World — Wind, Breeze",0.725,MO_WW,"Motion & Transportation — to Wind, Wrap",0.541,PW_MI,"Physical World — Mist, Fog, Haze",0.438
PDR2041,*valt_-,paddy,FD_PT,FD_PT,Food & Drink — Potato,0.384,FD_SP,Food & Drink — Spoon,0.366,AN_HN,Animals — Hen,0.366
PDR2042,*vaṇ-,to tremble,MO_SH,MO_SH,Motion & Transportation — to Shake,0.438,EM_DA,Emotion — to Dare,0.398,EM_GR,Emotion — to Groan,0.378
PDR2043,*van- (?),elder brother's wife,MK_SW,MK_SW,Mankind — Sister-in-Law,0.593,MK_BL,Mankind — Brother-in-Law,0.553,MK_BS,Mankind — Sibling(s),0.494
PDR2044,*vanḍ-,"mud, dirt",PW_MU,PW_MU,"Physical World — Mud, Mire",0.571,PW_SA,"Physical World — Sand, Grit",0.519,PW_DU,"Physical World — Dust, Powder",0.419
PDR2045,*vand_-,to cook,FD_CO,FD_CO,Food & Drink — to Cook,0.693,FD_RF,"Food & Drink — to Roast, Fry",0.570,FD_BA,Food & Drink — to Bake,0.551
PDR2046,*van-i,a k. of prickly tree,PW_TR,PW_TR,"Physical World — Tree, Oak",0.459,AV_TR,Agriculture & Vegetation — Tree (generic),0.420,PW_WF,"Physical World — Woods, Forest",0.371
PDR2047,*vans-,1 intestines 2 stomach,BP_BS,BP_BS,"Body Parts & Functions — Belly, Stomach",0.590,BP_NV,Body Parts & Functions — Navel,0.527,BP_ED,"Body Parts & Functions — to Void Excrement; Dung, Excrement",0.392
PDR2048,*vaŋ- (?),calf of leg,AN_CF,AN_CF,Animals — Calf,0.731,BP_LE,Body Parts & Functions — Leg,0.589,BP_FT,Body Parts & Functions — Foot,0.467
PDR2049,*vaŋk-,hook; a k. of curved ornament,SR_HK,SR_HK,"Spatial Relations — Hook, Crook",0.315,AN_AD,"Animals — Ass, Donkey",0.314,PA_BN,Physical Acts & Materials — to Bend,0.288
PDR2050,*va(ŋ)k-,"stork, crane",AN_BA,AN_BA,Animals — Barrow,0.328,WH_TW,Warfare & Hunting — Tower,0.327,PA_SO,"Physical Acts & Materials — to Strew, Spread Out",0.277
PDR2051,*vaŋk-,rat hole,AN_MO,AN_MO,Animals — Mouse,0.469,SR_HL,Spatial Relations — Hole,0.382,AN_PI,Animals — Pig,0.380
PDR2052,*var-,paddy,FD_PT,FD_PT,Food & Drink — Potato,0.384,FD_SP,Food & Drink — Spoon,0.366,AN_HN,Animals — Hen,0.366
PDR2053,*var-,boundary; ridge,SR_ED,SR_ED,Spatial Relations — Edge,0.304,PW_MH,"Physical World — Hill, Mountain",0.275,SR_HW,"Spatial Relations — Hollow, Concave",0.262
PDR2054,*var-a-,"to scratch, write",LM_WE,LM_WE,Language & Music — to Write,0.490,LM_PN,Language & Music — Pen,0.394,TI_FI,Time — to Finish,0.391
PDR2055,*var-ai,mountain; steep slope,PW_MH,PW_MH,"Physical World — Hill, Mountain",0.655,AN_SN,Animals — Stallion,0.327,PW_RS,"Physical World — Brook, Stream, River",0.322
PDR2056,*var_-,flood,PW_RS,PW_RS,"Physical World — Brook, Stream, River",0.492,PW_RA,Physical World — Rain (n),0.483,PW_WA,Physical World — Water,0.448
PDR2057,*vas-,sharp,SP_SP,SP_SP,Sense Perception — Sharp,0.515,SP_LL,"Sense Perception — Dull, Blunt",0.428,FD_KN,Food & Drink — Knife,0.391
PDR2058,*vaṭ-,unmarried,MK_MR,MK_MR,"Mankind — to Wed, Marry",0.498,MK_MW,"Mankind — Wedding, Marriage",0.447,MK_WI,Mankind — Wife,0.397
PDR2059,*vaṭ-i,belly; rupture,BP_BS,BP_BS,"Body Parts & Functions — Belly, Stomach",0.582,BP_NV,Body Parts & Functions — Navel,0.527,BP_WO,Body Parts & Functions — Womb,0.387
PDR2060,*vaẓ-,road,MO_RA,MO_RA,Motion & Transportation — Road,0.669,MO_ST,Motion & Transportation — Street,0.632,MO_PA,Motion & Transportation — Path,0.526
PDR2061,*vaẓ-,to scrape; to wipe,PA_WA,PA_WA,Physical Acts & Materials — to Wash,0.439,PA_SW,Physical Acts & Materials — to Sweep,0.397,PA_SS,"Physical Acts & Materials — Shears, Scissors",0.377
PDR2062,*vaẓ-,to act; action; manner; movement,MO_MO,MO_MO,Motion & Transportation — to Move,0.530,MO_PS,"Motion & Transportation — to Push, Shove",0.525,MO_FO,Motion & Transportation — to Follow,0.518
PDR2063,*vaẓ-,to flow,MO_FL,MO_FL,Motion & Transportation — to Flow,0.666,MO_SI,Motion & Transportation — to Sink,0.452,MO_BL,Motion & Transportation — to Blow,0.423
PDR2064,*vaẓdaŋ-,brinjal,FD_KN,FD_KN,Food & Drink — Knife,0.241,LM_NA,Language & Music — Name,0.236,WH_CL,Warfare & Hunting — Club,0.231
PDR2065,*vaẓt-,a snare,BP_SP,BP_SP,Body Parts & Functions — to Spit,0.351,MO_RR,Motion & Transportation — Rudder,0.344,CA_SL,Clothing & Adornment — Slipper,0.324
PDR2066,*vāḍ-,to shrivel,AN_CA,AN_CA,Animals — to Castrate,0.368,PA_SR,Physical Acts & Materials — to Stretch,0.328,PA_TE,Physical Acts & Materials — to Tear,0.305
PDR2067,*vāḍ-,scent; to smell,SP_GS,SP_GS,"Sense Perception — Fragrant, Good Smelling",0.686,SP_VS,Sense Perception — to Smell (subj),0.670,SP_VO,Sense Perception — to Smell (obj),0.669
PDR2068,*vāḍ-,"habit; to use, employ",PT_HR,PT_HR,Possession & Trade — to Hire,0.314,TI_OF,Time — Often,0.310,MT_IP,"Mind & Thought — Purpose, Intention",0.294
PDR2069,*vāḍ- (?),"flesh, roast meat",FD_ME,FD_ME,Food & Drink — Meat,0.663,FD_RF,"Food & Drink — to Roast, Fry",0.605,FD_BE,Food & Drink — Beef,0.567
PDR2070,*vāɣil,1 outside 2 door,DF_DG,DF_DG,"Dwellings & Furniture — Door, Gate",0.515,DF_WN,Dwellings & Furniture — Window,0.356,DF_TE,Dwellings & Furniture — Tent,0.337
PDR2071,*vāj-,field,PW_PF,PW_PF,"Physical World — Plain, Field",0.430,PT_GI,Possession & Trade — to Give,0.321,PT_HA,Possession & Trade — to Have,0.318
PDR2072,*vāj,mouth; edge,BP_MO,BP_MO,Body Parts & Functions — Mouth,0.537,BP_TG,Body Parts & Functions — Tongue,0.465,BP_JW,Body Parts & Functions — Jaw,0.433
PDR2073,*vāj-,to swell,BP_BI,BP_BI,Body Parts & Functions — to Bite,0.337,BP_CO,Body Parts & Functions — to Cough,0.317,BP_KN,Body Parts & Functions — Knee,0.313
PDR2074,*vāl-,to perch,AN_BI,AN_BI,Animals — Bird,0.472,AN_FM,Animals — Fisherman,0.469,AN_HU,Animals — to Hunt,0.425
PDR2075,*vāḷ-,to peel; to slice,FD_KN,FD_KN,Food & Drink — Knife,0.508,PA_KF,Physical Acts & Materials — Knife (tool),0.460,PA_CU,Physical Acts & Materials — to Cut,0.457
PDR2076,*vāḷ-,a k. of fish,AN_FI,AN_FI,Animals — Fish (n),0.596,AN_FM,Animals — Fisherman,0.533,AN_AN,Animals — Animal,0.362
PDR2077,*vāḷ-,sword,WH_SW,WH_SW,Warfare & Hunting — Sword,0.699,WH_BW,Warfare & Hunting — Bow,0.472,WH_SP,Warfare & Hunting — Spear,0.460
PDR2078,*vāl- (?),yellow,SP_YL,SP_YL,Sense Perception — Yellow,0.593,SP_CO,Sense Perception — Color,0.449,SP_LC,Sense Perception — Light in Color,0.427
PDR2079,*vān-,1 sky 2 rain,PW_RA,PW_RA,Physical World — Rain (n),0.619,PW_MI,"Physical World — Mist, Fog, Haze",0.491,PW_SK,"Physical World — Sky, Heavens",0.469
PDR2080,*vān-,to make smth.,PA_SI,PA_SI,Physical Acts & Materials — Silver,0.318,FD_SB,"Food & Drink — Soup, Broth",0.299,MT_CA,"Mind & Thought — Cause, Reason",0.292
PDR2081,*vāŋ-,to leak; to pour,PA_PO,PA_PO,Physical Acts & Materials — to Pour,0.513,BP_SP,Body Parts & Functions — to Spit,0.379,FD_PJ,"Food & Drink — Jug, Pitcher",0.364
PDR2082,*vāpal-,bat,FD_PJ,FD_PJ,"Food & Drink — Jug, Pitcher",0.370,AN_BU,Animals — Bull,0.316,AN_DU,Animals — Duck,0.302
PDR2083,*vā-[r]-,to come,TI_FI,TI_FI,Time — to Finish,0.420,MO_CO,Motion & Transportation — to Come,0.390,TI_HH,"Time — to Hurry, Hasten",0.360
PDR2084,*vār-,to flow; to strain,MO_FL,MO_FL,Motion & Transportation — to Flow,0.613,MO_BL,Motion & Transportation — to Blow,0.439,MO_SI,Motion & Transportation — to Sink,0.439
PDR2085,*vār-,"to split, cut open",PA_SP,PA_SP,Physical Acts & Materials — to Split,0.414,PA_CU,Physical Acts & Materials — to Cut,0.402,FD_KN,Food & Drink — Knife,0.381
PDR2086,*vār-,a sum of money,QN_QN,QN_QN,"Quantity & Number — Amount, Quantity",0.456,PT_MO,Possession & Trade — Money,0.444,PT_CO,Possession & Trade — Coin,0.396
PDR2087,*vār-,to scoop,BP_SP,BP_SP,Body Parts & Functions — to Spit,0.431,FD_SP,Food & Drink — Spoon,0.401,BP_LC,Body Parts & Functions — to Lick,0.383
PDR2088,"*vār-, *vār-nd-",to suffer; pain,EM_PS,EM_PS,"Emotion — Pain, Suffering",0.709,EM_CW,"Emotion — to Cry, Weep",0.471,EM_DE,Emotion — to Desire,0.446
PDR2089,*ved-,to search,PT_FI,PT_FI,Possession & Trade — to Find,0.352,AN_HU,Animals — to Hunt,0.331,PT_SE,Possession & Trade — to Seek,0.324
PDR2090,*veḍ-,to shine; clear,MT_CP,MT_CP,"Mind & Thought — Clear, Plain (to the Mind)",0.374,SP_SH,"Sense Perception — to Shine, Glisten",0.367,PW_LG,Physical World — Light,0.342
PDR2091,*veḍ-[aŋ-] (?),beauty,EM_BF,EM_BF,Emotion — Beautiful,0.624,EM_UG,Emotion — Ugly,0.486,EM_GD,Emotion — Good,0.433
PDR2092,*vedir,bamboo,AN_MK,AN_MK,Animals — Monkey,0.417,AV_BI,Agriculture & Vegetation — Birch,0.393,PW_WD,"Physical World — Wood, Timber",0.393
PDR2093,*ved_- / *ver- (?),to fear,EM_FF,EM_FF,"Emotion — Fear, Fright",0.499,EM_DE,Emotion — to Desire,0.437,AN_HU,Animals — to Hunt,0.395
PDR2094,*ved_ag-,firewood,PW_WD,PW_WD,"Physical World — Wood, Timber",0.518,DF_FP,"Dwellings & Furniture — Hearth, Fireplace",0.512,PW_WF,"Physical World — Woods, Forest",0.491
PDR2095,*vej-,to hit (with a throwing motion),MO_TH,MO_TH,Motion & Transportation — to Throw,0.713,PA_SH,"Physical Acts & Materials — to Hit, Strike, Beat",0.552,MO_BL,Motion & Transportation — to Blow,0.416
PDR2096,*vejr_- (?),"empty, alone",QN_EM,QN_EM,Quantity & Number — Empty,0.533,QN_AO,"Quantity & Number — Alone, Only",0.449,MK_OR,Mankind — Orphan,0.404
PDR2097,*vek-,to hiccough,TI_MS,TI_MS,"Time — Minute, Second",0.317,TI_MG,Time — Morning,0.315,TI_SM,Time — Summer,0.309
PDR2098,*veḷ-,to lie on one's back,EM_LI,EM_LI,"Emotion — Lie, Falsehood",0.413,BP_BA,Body Parts & Functions — Back,0.379,EM_FG,Emotion — to Forgive,0.366
PDR2099,*veḷ-,"to go out, expel; outside",MO_EN,MO_EN,Motion & Transportation — to Enter,0.374,MO_GA,"Motion & Transportation — to Depart, Go Away",0.372,MO_FE,Motion & Transportation — to Flee,0.371
PDR2100,*veḷ-,white,SP_WH,SP_WH,Sense Perception — White,0.520,SP_CO,Sense Perception — Color,0.408,SP_LC,Sense Perception — Light in Color,0.393
PDR2101,*veḷ-,flood,PW_RS,PW_RS,"Physical World — Brook, Stream, River",0.492,PW_RA,Physical World — Rain (n),0.483,PW_WA,Physical World — Water,0.448
PDR2102,*veḷ-,wood apple,FD_AP,FD_AP,Food & Drink — Apple,0.612,PW_WD,"Physical World — Wood, Timber",0.528,PW_TR,"Physical World — Tree, Oak",0.511
PDR2103,*veḷ-,"to be ashamed, afraid",EM_SH,EM_SH,Emotion — Shame (n),0.558,EM_FF,"Emotion — Fear, Fright",0.551,EM_PD,Emotion — Proud,0.439
PDR2104,*velg-,fence,DF_YR,DF_YR,"Dwellings & Furniture — Yard, Court",0.401,AN_PS,Animals — Pasture,0.391,AN_CO,Animals — Cow,0.376
PDR2105,*vel-V́k- (?),thin strip of bamboo,PW_WD,PW_WD,"Physical World — Wood, Timber",0.343,AV_RI,Agriculture & Vegetation — Rice,0.325,AV_BI,Agriculture & Vegetation — Birch,0.311
PDR2106,*ven-,to hear,SP_HE,SP_HE,Sense Perception — to Hear,0.392,EM_PL,Emotion — to Please,0.361,LM_ST,"Language & Music — to Speak, Talk",0.359
PDR2107,*venḍ-,to return; again,PT_GB,PT_GB,"Possession & Trade — to Return, Give Back",0.498,TI_AN,Time — Again,0.478,TI_FI,Time — to Finish,0.360
PDR2108,*venḍ- (?),hair,BP_HA,BP_HA,Body Parts & Functions — Hair,0.693,BP_BE,Body Parts & Functions — Beard,0.463,CA_CB,Clothing & Adornment — Comb,0.446
PDR2109,*ve[ń]s-,to thatch,TI_LS,TI_LS,Time — to Last,0.302,TI_FI,Time — to Finish,0.298,EM_DA,Emotion — to Dare,0.277
PDR2110,*veral_-,finger,BP_FI,BP_FI,Body Parts & Functions — Finger,0.651,CA_FR,Clothing & Adornment — Finger Ring,0.520,BP_TM,Body Parts & Functions — Thumb,0.483
PDR2111,*verin-,back,BP_BA,BP_BA,Body Parts & Functions — Back,0.484,PT_GB,"Possession & Trade — to Return, Give Back",0.401,TI_AN,Time — Again,0.383
PDR2112,*verl-,large tree root,AV_RO,AV_RO,Agriculture & Vegetation — Root,0.476,AV_TR,Agriculture & Vegetation — Tree (generic),0.426,PW_TR,"Physical World — Tree, Oak",0.426
PDR2113,*verVg-,wild cat,AN_CT,AN_CT,Animals — Cat,0.651,AN_BR,Animals — Bear,0.479,AN_SK,Animals — Snake,0.467
PDR2114,*ver_-,mad,EM_AG,EM_AG,Emotion — Anger,0.480,MT_IM,"Mind & Thought — Mad, Crazy, Insane",0.468,EM_RF,"Emotion — Rage, Fury",0.457
PDR2115,*ver_- (*-d_-),"to hate, detest",EM_HT,EM_HT,Emotion — Hate (n),0.587,EM_FG,Emotion — to Forgive,0.386,EM_MF,Emotion — Misfortune,0.385
PDR2116,*vet_-,betel pepper,FD_PP,FD_PP,Food & Drink — Pepper,0.615,FD_BN,Food & Drink — Bean,0.436,FD_BT,Food & Drink — Butter,0.401
PDR2117,*veṭ-,1 mountain 2 shore,PW_SH,PW_SH,"Physical World — Shore, Beach",0.568,PW_MH,"Physical World — Hill, Mountain",0.511,PW_RS,"Physical World — Brook, Stream, River",0.356
PDR2118,*veṭ-,"hot, heat",SP_HW,SP_HW,"Sense Perception — Hot, Warm",0.470,TI_WI,Time — Winter,0.429,EM_EF,"Emotion — Feeling, Emotion",0.427
PDR2119,*veṭ-,to cut,PA_CU,PA_CU,Physical Acts & Materials — to Cut,0.451,FD_KN,Food & Drink — Knife,0.426,PA_SS,"Physical Acts & Materials — Shears, Scissors",0.389
PDR2120,*vē-,to be hot,EM_DE,EM_DE,Emotion — to Desire,0.377,BP_SW,"Body Parts & Functions — Sweat, Perspiration",0.371,BP_LL,Body Parts & Functions — to Live; Living; Life,0.368
PDR2121,*vēɣ- (*b-),"to spy, peep",BP_UU,BP_UU,Body Parts & Functions — to Urinate; Urine,0.351,AN_HU,Animals — to Hunt,0.307,AN_MO,Animals — Mouse,0.301
PDR2122,*vēḷ-,to sacrifice,RB_SO,RB_SO,"Religion & Beliefs — Sacrifice, Offering",0.622,BP_BD,Body Parts & Functions — to Bury the Dead,0.403,AN_HU,Animals — to Hunt,0.397
PDR2123,*vēḷ-,"throat, neck",BP_NK,BP_NK,Body Parts & Functions — Neck,0.652,BP_TR,Body Parts & Functions — Throat,0.649,BP_MO,Body Parts & Functions — Mouth,0.459
PDR2124,*vēḷ-,petty chief,WH_AD,WH_AD,Warfare & Hunting — Admiral,0.371,MK_WD,Mankind — Widow,0.367,WH_GN,Warfare & Hunting — General,0.352
PDR2125,*vēl-,"dart, spear",WH_SP,WH_SP,Warfare & Hunting — Spear,0.640,WH_AW,Warfare & Hunting — Arrow,0.507,WH_SW,Warfare & Hunting — Sword,0.490
PDR2126,*vēl-ai,work,TI_FI,TI_FI,Time — to Finish,0.439,TI_DA,Time — Day,0.411,TI_AL,Time — Always,0.397
PDR2127,*vēḷai,a k. of herb (black vailay),AV_PN,AV_PN,"Agriculture & Vegetation — Plant, Herb",0.544,AV_SI,"Agriculture & Vegetation — Scythe, Sickle",0.408,AV_ST,Agriculture & Vegetation — Smoke (Tobacco),0.365
PDR2128,*vēlẓ- (?),to desire (physically),EM_DE,EM_DE,Emotion — to Desire,0.761,EM_LO,Emotion — to Love; Love,0.530,EM_PA,Emotion — Passion,0.476
PDR2129,*vēmp-,the neem tree,AV_TR,AV_TR,Agriculture & Vegetation — Tree (generic),0.453,PW_TR,"Physical World — Tree, Oak",0.451,AV_LE,Agriculture & Vegetation — Leaf,0.392
PDR2130,*vēnd-,king; god,SO_KK,SO_KK,Social Relations — King,0.507,RB_GD,Religion & Beliefs — God,0.410,MK_BL,Mankind — Brother-in-Law,0.372
PDR2131,*vēnḍ-,"to want, desire",EM_DE,EM_DE,Emotion — to Desire,0.727,EM_LO,Emotion — to Love; Love,0.487,EM_WW,"Emotion — to Will, Wish",0.461
PDR2132,*vē[ń]s-,to wear (a piece of cloth),CA_CD,CA_CD,"Clothing & Adornment — to Clothe, Dress",0.717,CA_CL,Clothing & Adornment — Cloth,0.709,CA_WE,Clothing & Adornment — to Weave,0.661
PDR2133,*vēnṭ-,to hunt,AN_HU,AN_HU,Animals — to Hunt,0.787,WH_FI,Warfare & Hunting — to Fight,0.609,WH_BW,Warfare & Hunting — Bow,0.570
PDR2134,*vēnǯ-,to unpack,MO_FE,MO_FE,Motion & Transportation — to Flee,0.306,PA_FO,Physical Acts & Materials — to Fold,0.297,CA_BO,Clothing & Adornment — Boot,0.289
PDR2135,*vēŋ-,"tiger, leopard",AN_LN,AN_LN,Animals — Lion,0.654,AN_CT,Animals — Cat,0.536,AN_MK,Animals — Monkey,0.497
PDR2136,*vēŋ-,a k. of tree (Pterocarpus marsupium),AV_TR,AV_TR,Agriculture & Vegetation — Tree (generic),0.402,PW_TR,"Physical World — Tree, Oak",0.392,AN_BE,Animals — Bee,0.378
PDR2137,*vēs-,weariness,CA_FE,CA_FE,Clothing & Adornment — Felt,0.505,CA_CD,"Clothing & Adornment — to Clothe, Dress",0.434,CA_SE,Clothing & Adornment — to Sew,0.433
PDR2138,*vēt_-/*vēd_-,to separate,PA_SP,PA_SP,Physical Acts & Materials — to Split,0.419,SR_SE,Spatial Relations — to Separate,0.387,PA_CU,Physical Acts & Materials — to Cut,0.323
PDR2139,*vid-,"to expand, open; to flap",SR_OP,SR_OP,Spatial Relations — to Open,0.346,DF_DG,"Dwellings & Furniture — Door, Gate",0.329,PA_SR,Physical Acts & Materials — to Stretch,0.295
PDR2140,*vìd-,"desire, lust; rutting",EM_DE,EM_DE,Emotion — to Desire,0.634,EM_PA,Emotion — Passion,0.547,EM_LO,Emotion — to Love; Love,0.494
PDR2141,*viḍ- (*-e-),"to open, burst, crack",PA_BK,PA_BK,Physical Acts & Materials — to Break,0.393,PA_PR,Physical Acts & Materials — to Press,0.351,PA_TE,Physical Acts & Materials — to Tear,0.339
PDR2142,*vid-[al_-],"to scatter, disperse",PW_DU,PW_DU,"Physical World — Dust, Powder",0.439,SR_NS,Spatial Relations — Thin (in Density),0.393,PA_SO,"Physical Acts & Materials — to Strew, Spread Out",0.389
PDR2143,*viḍ[i]-,to leave,MO_GA,MO_GA,"Motion & Transportation — to Depart, Go Away",0.412,TI_FI,Time — to Finish,0.395,MO_FE,Motion & Transportation — to Flee,0.389
PDR2144,*vig-,tight,CA_TR,CA_TR,Clothing & Adornment — Trousers,0.322,BP_YG,"Body Parts & Functions — to Gape, Yawn",0.299,TI_SN,Time — Season,0.295
PDR2145,*vig- (?),"surprise, amazement",EM_SU,EM_SU,Emotion — Surprise,0.601,EM_WA,"Emotion — Wonder, Astonishment",0.503,EM_JY,Emotion — Joy,0.351
PDR2146,*vil-,to sell,PT_SL,PT_SL,Possession & Trade — to Sell,0.595,PT_BU,Possession & Trade — to Buy,0.490,PT_LO,Possession & Trade — to Lose,0.484
PDR2147,*viḷ-,"to split, crack",PA_SP,PA_SP,Physical Acts & Materials — to Split,0.397,FD_GR,Food & Drink — to Grind,0.364,PA_BK,Physical Acts & Materials — to Break,0.361
PDR2148,*vIḷ-aj-,to thrive; to grow,AV_CT,AV_CT,"Agriculture & Vegetation — to Tilt, Cultivate",0.446,AV_SS,Agriculture & Vegetation — to Sow; Seed,0.434,AV_FC,Agriculture & Vegetation — Field for Cultivation,0.409
PDR2149,*vil1,bow,WH_BW,WH_BW,Warfare & Hunting — Bow,0.726,WH_AW,Warfare & Hunting — Arrow,0.577,WH_SW,Warfare & Hunting — Sword,0.464
PDR2150,*viṇ,sky,PW_SK,PW_SK,"Physical World — Sky, Heavens",0.664,PW_SD,"Physical World — Shade, Shadow",0.461,PW_MI,"Physical World — Mist, Fog, Haze",0.448
PDR2151,*viṇ-,"to swell; stout, heavy",FD_BB,FD_BB,Food & Drink — Beer,0.355,FD_SB,"Food & Drink — Soup, Broth",0.349,FD_KD,Food & Drink — to Knead,0.340
PDR2152,*vir-,to collapse; to be loosened,PA_FO,PA_FO,Physical Acts & Materials — to Fold,0.464,PA_BN,Physical Acts & Materials — to Bend,0.357,PA_SR,Physical Acts & Materials — to Stretch,0.342
PDR2153,*vir-,a k. of tree (sebesten),AV_TR,AV_TR,Agriculture & Vegetation — Tree (generic),0.541,PW_TR,"Physical World — Tree, Oak",0.529,AV_OK,Agriculture & Vegetation — Oak,0.443
PDR2154,*vir-,to beg for,PT_BG,PT_BG,Possession & Trade — Beggar,0.420,EM_DA,Emotion — to Dare,0.380,EM_DE,Emotion — to Desire,0.377
PDR2155,*vir-nd-,feast; entertainment,FD_SR,FD_SR,Food & Drink — Supper,0.564,FD_DN,Food & Drink — Dinner,0.525,FD_DI,Food & Drink — Dish,0.497
PDR2156,*virs-,to thresh,AV_TH,AV_TH,Agriculture & Vegetation — to Thresh,0.537,TI_FI,Time — to Finish,0.349,TI_HH,"Time — to Hurry, Hasten",0.347
PDR2157,*vir_- (*-d_-),"bewildered, surprised",EM_SU,EM_SU,Emotion — Surprise,0.542,EM_WA,"Emotion — Wonder, Astonishment",0.525,EM_SA,Emotion — Sad,0.393
PDR2158,*vis-,to cook; to heat on the sun,FD_RF,FD_RF,"Food & Drink — to Roast, Fry",0.534,FD_CO,Food & Drink — to Cook,0.529,FD_OV,Food & Drink — Oven,0.440
PDR2159,*viS-,"1 all 2 big, great",QN_WH,QN_WH,Quantity & Number — Whole,0.390,QN_EA,"Quantity & Number — All, Every",0.339,QN_FU,Quantity & Number — Full,0.327
PDR2160,*vistar-,leaf plate,FD_PL,FD_PL,Food & Drink — Plate,0.538,AV_LE,Agriculture & Vegetation — Leaf,0.483,FD_FO,Food & Drink — Fork,0.385
PDR2161,*viẓ(i)-,to fall,MO_FA,MO_FA,Motion & Transportation — to Fall,0.547,TI_AU,Time — Autumn,0.422,MO_JL,"Motion & Transportation — to Jump, Leap",0.389
PDR2162,*vī-,to throw; to blow,MO_TH,MO_TH,Motion & Transportation — to Throw,0.563,MO_BL,Motion & Transportation — to Blow,0.476,BP_VO,Body Parts & Functions — to Vomit,0.421
PDR2163,*vī-,"to die; to pass, go away",BP_DD,BP_DD,Body Parts & Functions — to Die; Dead; Death,0.503,BP_BD,Body Parts & Functions — to Bury the Dead,0.423,EM_GS,"Emotion — Grief, Sorrow",0.404
PDR2164,*vīc-,one sixteenth,TI_MS,TI_MS,"Time — Minute, Second",0.409,QN_ON,Quantity & Number — One,0.394,TI_TH,Time — Thursday,0.388
PDR2165,*vīŋ-,to stand up; to grow,EM_GL,EM_GL,"Emotion — Fame, Glory",0.360,EM_PD,Emotion — Proud,0.349,EM_HO,Emotion — Honor (n),0.328
PDR2166,*vī̆r_- (*-d_-),"to grow, overflow; proud, arrogant",EM_PD,EM_PD,Emotion — Proud,0.510,EM_PR,Emotion — Praise (n),0.426,EM_GL,"Emotion — Fame, Glory",0.420
PDR2167,*vī̆t-,to sow,AN_SO,AN_SO,Animals — Sow,0.590,AV_SS,Agriculture & Vegetation — to Sow; Seed,0.396,CA_SE,Clothing & Adornment — to Sew,0.326
PDR2168,*vīẓ-,to sell,PT_SL,PT_SL,Possession & Trade — to Sell,0.595,PT_BU,Possession & Trade — to Buy,0.490,PT_LO,Possession & Trade — to Lose,0.484
PDR2169,*źaḷ-,pangolin,AN_CN,AN_CN,Animals — Capon,0.332,FD_PA,Food & Drink — Pan,0.322,TI_DW,Time — Dawn,0.315
PDR2170,*zaŋk-,to scold; to fear,EM_FF,EM_FF,"Emotion — Fear, Fright",0.526,WH_SU,Warfare & Hunting — to Surrender,0.402,EM_DG,"Emotion — Peril, Danger",0.401
PDR2171,*zēr_-,a k. of snake (dhaman),AN_SK,AN_SK,Animals — Snake,0.657,AN_CM,Animals — Camel,0.405,AN_EL,Animals — Elephant,0.359
PDR2172,*zol-,1 to speak 2 to order,SO_CR,SO_CR,"Social Relations — to Order, Command",0.471,LM_ST,"Language & Music — to Speak, Talk",0.413,QN_ON,Quantity & Number — One,0.392
PDR2173,*zoḷ-,decayed; empty,QN_EM,QN_EM,Quantity & Number — Empty,0.447,TI_LS,Time — to Last,0.320,BP_ED,"Body Parts & Functions — to Void Excrement; Dung, Excrement",0.319
PDR2174,*zōk-,to wash,PA_WA,PA_WA,Physical Acts & Materials — to Wash,0.522,CA_TW,Clothing & Adornment — Towel,0.421,CA_SA,Clothing & Adornment — Soap,0.404
PDR2175,*zōl-,"to shake, swing, oscillate",MO_SH,MO_SH,Motion & Transportation — to Shake,0.663,MO_DA,Motion & Transportation — to Dance,0.442,MO_RR,Motion & Transportation — Rudder,0.410
PDR2176,*zōmb-,"drowsy, lazy, idle; swoon",EM_UG,EM_UG,Emotion — Ugly,0.348,BP_YG,"Body Parts & Functions — to Gape, Yawn",0.347,TI_HH,"Time — to Hurry, Hasten",0.342
PDR2177,*ʒak-,"to deride, jeer",PT_MS,PT_MS,Possession & Trade — Miser,0.325,TI_HH,"Time — to Hurry, Hasten",0.279,WH_SU,Warfare & Hunting — to Surrender,0.247
PDR2178,*ʒal-,"to sift, sieve",QN_PR,QN_PR,Quantity & Number — Part (n),0.299,QN_MI,Quantity & Number — Miscellaneous,0.297,QN_MC,"Quantity & Number — Crowd, Multitude",0.293
PDR2179,*ʒaŋ-,"step, stride",MO_WA,MO_WA,Motion & Transportation — to Walk,0.490,MK_SS,Mankind — Stepson,0.472,MO_DA,Motion & Transportation — to Dance,0.464
PDR2180,*ʒēg- (?),far,SR_FR,SR_FR,Spatial Relations — Far (adj),0.398,TI_LS,Time — to Last,0.346,TI_FI,Time — to Finish,0.326
PDR2181,*ǯabb-,"weak, ill",BP_WE,BP_WE,"Body Parts & Functions — Weak, Infirm",0.373,BP_SM,"Body Parts & Functions — Strong, Mighty, Powerful",0.332,BP_SS,Body Parts & Functions — Sick; Sickness,0.293
PDR2182,*ǯabb-,shoulder blade,BP_SD,BP_SD,Body Parts & Functions — Shoulder,0.594,BP_EL,Body Parts & Functions — Elbow,0.424,WH_SW,Warfare & Hunting — Sword,0.410
PDR2183,*ǯaḍḍ-,blockhead,BP_FO,BP_FO,Body Parts & Functions — Forehead,0.395,BP_HE,Body Parts & Functions — Head,0.363,WH_HM,Warfare & Hunting — Helmet,0.325
PDR2184,*ǯaḍ-i-,to fear; to frighten,EM_FF,EM_FF,"Emotion — Fear, Fright",0.662,EM_DG,"Emotion — Peril, Danger",0.452,EM_PL,Emotion — to Please,0.419
PDR2185,*ǯak- (?),to pierce,FD_KN,FD_KN,Food & Drink — Knife,0.318,BP_NA,"Body Parts & Functions — Nail, Claw",0.309,BP_TO,Body Parts & Functions — Tooth,0.307
PDR2186,*ǯal-,"1 to strain, sprinkle 2 spring",PA_BN,PA_BN,Physical Acts & Materials — to Bend,0.372,PA_SR,Physical Acts & Materials — to Stretch,0.349,TI_SP,Time — Spring,0.349
PDR2187,*ǯal-,broken stone,PW_SR,PW_SR,"Physical World — Rock, Stone",0.581,PA_BK,Physical Acts & Materials — to Break,0.381,PW_SA,"Physical World — Sand, Grit",0.318
PDR2188,*ǯal-,spring; to leak,PW_SW,PW_SW,"Physical World — Spring, Well",0.470,TI_SP,Time — Spring,0.469,BP_FB,"Body Parts & Functions — to Fart, Break Wind",0.279
PDR2189,*ǯamb-,elephant grass,AN_EL,AN_EL,Animals — Elephant,0.649,AN_PS,Animals — Pasture,0.592,AN_PV,Animals — to Pasture,0.562
PDR2190,*ǯaŋ- (?),moon,PW_MO,PW_MO,Physical World — Moon,0.749,AN_MR,Animals — Mare,0.463,AN_BE,Animals — Bee,0.423
PDR2191,*ǯar-,"to slip, fall",MO_SS,MO_SS,"Motion & Transportation — to Slip, Slide",0.609,MO_FA,Motion & Transportation — to Fall,0.607,CA_SL,Clothing & Adornment — Slipper,0.484
PDR2192,*ǯav-,"swampy, shaky, soft",PW_SA,PW_SA,"Physical World — Sand, Grit",0.354,SP_DR,"Sense Perception — Dry, Arid",0.352,AN_DU,Animals — Duck,0.326
PDR2193,*ǯavaḷ-i,a k. of cloth,CA_CL,CA_CL,Clothing & Adornment — Cloth,0.595,CA_TW,Clothing & Adornment — Towel,0.534,CA_CD,"Clothing & Adornment — to Clothe, Dress",0.521
PDR2194,*ǯāḍ-,"sign, trace",SR_SN,SR_SN,Spatial Relations — Sign (n),0.450,BP_TA,Body Parts & Functions — Tail,0.313,CA_SH,Clothing & Adornment — Shirt,0.303
PDR2195,*ǯā̆ḍ-,to strike; to trample,PA_SH,PA_SH,"Physical Acts & Materials — to Hit, Strike, Beat",0.488,MO_TH,Motion & Transportation — to Throw,0.400,MO_JL,"Motion & Transportation — to Jump, Leap",0.376
PDR2196,*ǯār_-,"to slip, slide",MO_SS,MO_SS,"Motion & Transportation — to Slip, Slide",0.778,CA_SL,Clothing & Adornment — Slipper,0.520,MO_PS,"Motion & Transportation — to Push, Shove",0.486
PDR2197,*ǯā[v]il-,dog,AN_DO,AN_DO,Animals — Dog,0.785,AN_PU,Animals — Puppy,0.680,AN_AN,Animals — Animal,0.608
PDR2198,*ǯer_-,centipede,AN_IN,AN_IN,Animals — Insect,0.344,AN_RA,Animals — Ram,0.334,AN_DU,Animals — Duck,0.333
PDR2199,*ǯē[v]-,child,AN_KI,AN_KI,Animals — Kid,0.572,MK_CH,Mankind — Child,0.482,MK_DA,Mankind — Daughter,0.437
PDR2200,*ǯig-,"thick, sticky, viscid, gum",AN_GE,AN_GE,Animals — Gelding,0.375,BP_MO,Body Parts & Functions — Mouth,0.354,PA_MD,"Physical Acts & Materials — to Mold, Form",0.343
PDR2201,*ǯil-,"cold, chill",TI_WI,TI_WI,Time — Winter,0.490,SP_CD,"Sense Perception — Cold, Frigid",0.428,PW_IC,"Physical World — Ice, Frost",0.400
PDR2202,*ǯiŋk-,antelope,AN_BE,AN_BE,Animals — Bee,0.466,AN_IN,Animals — Insect,0.459,AN_MU,Animals — Mule,0.419
PDR2203,*ǯī̆nṭ- (?),to stick to; gum,BP_BI,BP_BI,Body Parts & Functions — to Bite,0.373,BP_SP,Body Parts & Functions — to Spit,0.371,BP_MO,Body Parts & Functions — Mouth,0.320
PDR2204,*ǯol-,"bundle, tress at the back of the head; back",BP_FO,BP_FO,Body Parts & Functions — Forehead,0.489,BP_HE,Body Parts & Functions — Head,0.474,CA_HC,"Clothing & Adornment — Hat, Cap",0.458
PDR2205,*ǯon-[aḷ]-,maize,AV_MA,AV_MA,"Agriculture & Vegetation — Maize, Corn",0.779,AV_GG,"Agriculture & Vegetation — Grain (generic, British Corn)",0.623,AV_WH,Agriculture & Vegetation — Wheat,0.575
PDR2206,*ǯō̆k-,care,EM_CA,EM_CA,Emotion — Care (n),0.520,TI_DA,Time — Day,0.321,EM_GD,Emotion — Good,0.319
PDR2207,*ǯōr-,to leak,BP_SP,BP_SP,Body Parts & Functions — to Spit,0.343,BP_SH,"Body Parts & Functions — Skin, Hide",0.284,MT_SR,Mind & Thought — Secret,0.274
PDR2208,*ǯuḷ-,pungent; to prick,CA_NE,CA_NE,Clothing & Adornment — Needle,0.368,CA_SA,Clothing & Adornment — Soap,0.344,CA_OI,Clothing & Adornment — Ointment,0.333
PDR2209,*ǯur_(p)-,"to sip, suck",FD_SU,FD_SU,"Food & Drink — to Suck, Suckle",0.639,FD_DR,Food & Drink — to Drink,0.506,FD_EA,Food & Drink — to Eat,0.437
PDR2210,*ǯuṭ-,tuft of hair,BP_HA,BP_HA,Body Parts & Functions — Hair,0.543,CA_CB,Clothing & Adornment — Comb,0.429,CA_FU,Clothing & Adornment — Fur,0.368
PDR2211,*ǯuv-,fig tree,FD_FI,FD_FI,Food & Drink — Fig,0.720,AV_TR,Agriculture & Vegetation — Tree (generic),0.480,AV_BN,Agriculture & Vegetation — Branch,0.439
