Starling ID,Headwords,Gloss,chosen_abbr,v1_choice,differs_from_v1,enrichment_used,suggestion_1,field_1,score_1,suggestion_2,field_2,score_2,suggestion_3,field_3,score_3
PDR001,*ac-,mould (n.),PA_MD,PA_MD,,yes,PA_MD,"Physical Acts & Materials — to Mold, Form",0.447,PA_PO,Physical Acts & Materials — to Pour,0.352,PA_CL,Physical Acts & Materials — Clay,0.340
PDR002,*ac-,thorn; to cut,WH_SW,WH_SP,YES,yes,WH_SW,Warfare & Hunting — Sword,0.416,WH_BA,Warfare & Hunting — Battle-Ax,0.355,WH_SP,Warfare & Hunting — Spear,0.352
PDR003,*aḍái,to hide; to press down,SR_HC,BP_SH,YES,yes,SR_HC,"Spatial Relations — to Hide, Conceal",0.453,MO_FE,Motion & Transportation — to Flee,0.382,BP_SH,"Body Parts & Functions — Skin, Hide",0.366
PDR004,*aḍái,green plants (leaves),AV_LE,AV_LE,,yes,AV_LE,Agriculture & Vegetation — Leaf,0.535,AV_PN,"Agriculture & Vegetation — Plant, Herb",0.510,AV_CH,"Agriculture & Vegetation — Crop, Harvest",0.425
PDR005,*aḍái ~ *aḍí,"to compact, gather together; lump, clot",SR_CG,SR_CG,,yes,SR_CG,"Spatial Relations — to Gather, Collect",0.435,QN_CW,Quantity & Number — Other Collective Words,0.317,PA_SO,"Physical Acts & Materials — to Strew, Spread Out",0.309
PDR006,*aḍái[j]āḷ- (?),"mark, token",WH_SP,CA_BU,YES,yes,WH_SP,Warfare & Hunting — Spear,0.285,WH_SW,Warfare & Hunting — Sword,0.262,CA_VE,Clothing & Adornment — Veil,0.256
PDR007,*aḍái[-kāj/-kat-],areca nut (betel nut),FD_NT,FD_NT,,yes,FD_NT,Food & Drink — Nut,0.528,FD_PE,Food & Drink — Pea,0.364,FD_FI,Food & Drink — Fig,0.348
PDR008,*adáḷ-,"to start, be alarmed",EM_FF,TI_BB,YES,yes,EM_FF,"Emotion — Fear, Fright",0.425,EM_DG,"Emotion — Peril, Danger",0.382,EM_AN,Emotion — Anxiety,0.356
PDR009,*aḍál- ~ *aḍáv-,a k. of marine fish,AN_FI,AN_FI,,yes,AN_FI,Animals — Fish (n),0.498,AN_FM,Animals — Fisherman,0.445,PW_SE,Physical World — Sea,0.334
PDR010,*aḌ[Ḍ]- (?),thirst; hunger,FD_TH,FD_TH,,yes,FD_TH,Food & Drink — Thirst (n),0.664,FD_HU,Food & Drink — Hunger (n),0.548,EM_DE,Emotion — to Desire,0.513
PDR011,*ádda- [?],mirror,CA_MR,CA_MR,,yes,CA_MR,Clothing & Adornment — Mirror,0.509,BP_EY,Body Parts & Functions — Eye,0.287,SP_SE,Sense Perception — to See,0.278
PDR012,*áḍḍa- ~ *aḍái-,to hinder; obstacle,SO_HP,MO_PU,YES,yes,SO_HP,"Social Relations — to Hinder, Prevent",0.437,TI_DE,Time — to Delay,0.370,TI_CE,Time — to Cease,0.355
PDR013,*áḍḍi-,"necklace, ornament",CA_NC,CA_NC,,yes,CA_NC,Clothing & Adornment — Necklace,0.737,CA_JW,"Clothing & Adornment — Gem, Jewel",0.566,CA_BR,"Clothing & Adornment — Armband, Bracelet",0.561
PDR014,*aḍí,"foot; lower, below",BP_FT,BP_FT,,yes,BP_FT,Body Parts & Functions — Foot,0.576,BP_TE,Body Parts & Functions — Toe,0.459,CA_SO,Clothing & Adornment — Shoe,0.404
PDR015,*aḍí-,"to flap, throb",PA_SO,BP_YG,YES,yes,PA_SO,"Physical Acts & Materials — to Strew, Spread Out",0.395,MO_SH,Motion & Transportation — to Shake,0.364,PA_FS,"Physical Acts & Materials — to Flay, Skin",0.359
PDR016,*adír-,"to shake, tremble; to be troubled",MO_SH,MO_SH,,yes,MO_SH,Motion & Transportation — to Shake,0.619,EM_GR,Emotion — to Groan,0.446,EM_FF,"Emotion — Fear, Fright",0.412
PDR017,*aḍú-,"fit, appropriate",CA_TR,CA_TA,YES,yes,CA_TR,Clothing & Adornment — Trousers,0.354,CA_SO,Clothing & Adornment — Shoe,0.351,CA_TA,"Clothing & Adornment — Tailor, Seamstress",0.338
PDR018,*aḍ-[úg-],"to ask, request",LM_AR,LM_AR,,yes,LM_AR,"Language & Music — to Ask, Request",0.499,LM_AQ,"Language & Music — to Question, Inquire",0.441,SO_CO,Social Relations — to Compel,0.376
PDR019,*adúm-,"to squeeze, press",PA_PR,PA_PR,,yes,PA_PR,Physical Acts & Materials — to Press,0.489,PA_RU,Physical Acts & Materials — to Rub,0.429,PA_SR,Physical Acts & Materials — to Stretch,0.419
PDR020,*aḍ-[úŋ]-,"to be piled up, arranged",PA_SO,PT_SP,YES,yes,PA_SO,"Physical Acts & Materials — to Strew, Spread Out",0.429,SR_CG,"Spatial Relations — to Gather, Collect",0.398,MO_PS,"Motion & Transportation — to Push, Shove",0.383
PDR021,*aḍV́-,to strike,PA_SH,PA_SH,,yes,PA_SH,"Physical Acts & Materials — to Hit, Strike, Beat",0.555,EM_RF,"Emotion — Rage, Fury",0.347,PA_CV,Physical Acts & Materials — to Carve,0.326
PDR022,*aḍV́-,to be near; to happen,SR_NE,SR_NE,,yes,SR_NE,Spatial Relations — Near (adj),0.621,SR_FR,Spatial Relations — Far (adj),0.423,SR_SI,Spatial Relations — to Sit,0.385
PDR023,*aḍV́-,bad,EM_BD,EM_BD,,yes,EM_BD,Emotion — Bad,0.506,EM_GD,Emotion — Good,0.403,EM_SA,Emotion — Sad,0.291
PDR024,*agá-,1 to appear 2 inside,DF_RO,QN_ON,YES,yes,DF_RO,Dwellings & Furniture — Room,0.334,DF_DG,"Dwellings & Furniture — Door, Gate",0.323,DF_DW,"Dwellings & Furniture — to Live, Dwell",0.300
PDR025,*agá-,"to press, hold firmly",PA_PR,PA_PR,,yes,PA_PR,Physical Acts & Materials — to Press,0.459,MO_PS,"Motion & Transportation — to Push, Shove",0.381,PA_RU,Physical Acts & Materials — to Rub,0.358
PDR026,*agáḍ-,viciousness; fault,EM_RF,EM_FA,YES,yes,EM_RF,"Emotion — Rage, Fury",0.479,EM_HT,Emotion — Hate (n),0.476,EM_AG,Emotion — Anger,0.423
PDR027,*agái,"to be broken, torn",PA_TE,EM_TR,YES,yes,PA_TE,Physical Acts & Materials — to Tear,0.581,PA_BK,Physical Acts & Materials — to Break,0.487,EM_CW,"Emotion — to Cry, Weep",0.431
PDR028,*agál-,"1 wide, broad 2 to leave, depart",MO_GA,SR_RO,YES,yes,MO_GA,"Motion & Transportation — to Depart, Go Away",0.503,SR_LE,"Spatial Relations — to Leave, Relinquish",0.382,MO_FE,Motion & Transportation — to Flee,0.353
PDR029,*agál-,pot (earthen),FD_PO,FD_PO,,yes,FD_PO,Food & Drink — Pot,0.595,FD_BO,Food & Drink — to Boil (trans,0.410,FD_CO,Food & Drink — to Cook,0.379
PDR030,*agápai,ladle,FD_SP,FD_ML,YES,yes,FD_SP,Food & Drink — Spoon,0.416,PA_PO,Physical Acts & Materials — to Pour,0.389,FD_KD,Food & Drink — to Knead,0.371
PDR031,*agásaj-,common flax,CA_FL,CA_FL,,yes,CA_FL,"Clothing & Adornment — Flax, Linen",0.547,AV_GG,"Agriculture & Vegetation — Grain (generic, British Corn)",0.460,AV_PN,"Agriculture & Vegetation — Plant, Herb",0.385
PDR032,*agásti,a k. of tree (pea-tree),AV_TR,AV_TR,,yes,AV_TR,Agriculture & Vegetation — Tree (generic),0.523,PW_TR,"Physical World — Tree, Oak",0.416,FD_PE,Food & Drink — Pea,0.397
PDR033,*agáẓ-,to dig,AV_DI,AV_DI,,yes,AV_DI,"Agriculture & Vegetation — to Dig, Delve",0.574,AV_SH,Agriculture & Vegetation — Shovel (n),0.444,AV_PL,Agriculture & Vegetation — to Plow; Plow,0.406
PDR034,*ággai,"sprout, shoot",AV_SS,AV_SS,,yes,AV_SS,Agriculture & Vegetation — to Sow; Seed,0.466,AV_RO,Agriculture & Vegetation — Root,0.400,AV_LE,Agriculture & Vegetation — Leaf,0.392
PDR035,*agí-,"to fear, tremble",EM_FF,EM_FF,,yes,EM_FF,"Emotion — Fear, Fright",0.537,EM_TC,"Emotion — Timid, Cowardly",0.453,EM_DG,"Emotion — Peril, Danger",0.414
PDR036,*agíl,eagle-wood,PW_WD,PW_WD,,yes,PW_WD,"Physical World — Wood, Timber",0.371,WH_BA,Warfare & Hunting — Battle-Ax,0.353,AV_PI,Agriculture & Vegetation — Pine,0.347
PDR037,*aj-,mother,MK_MO,MK_ML,YES,yes,MK_MO,Mankind — Mother,0.578,MK_ML,Mankind — Mother-in-Law,0.515,MK_GM,Mankind — Grandmother,0.469
PDR038,*ája-,an elder relative (father's brother; grandfather; father),MK_FL,MK_BS,YES,yes,MK_FL,Mankind — Father-in-Law,0.497,MK_BL,Mankind — Brother-in-Law,0.473,MK_NE,Mankind — Nephew,0.464
PDR039,*ája- ~ *ajír-,"to doubt, suspect",MT_SU,MT_SU,,yes,MT_SU,Mind & Thought — Suspicion,0.569,MT_DB,Mind & Thought — Doubt (n),0.501,LJ_AC,Law & Judgment — to Accuse,0.434
PDR040,*ak-,an elder relative,MK_GM,MK_GM,,yes,MK_GM,Mankind — Grandmother,0.418,MK_AU,Mankind — Aunt,0.415,MK_FL,Mankind — Father-in-Law,0.371
PDR041,*a-/*ā,that (over there),EM_PD,SR_NE,YES,yes,EM_PD,Emotion — Proud,0.231,EM_RI,Emotion — Right (adj),0.229,SR_ST,Spatial Relations — to Stand,0.225
PDR042,*al-,"to weave, plait",CA_WE,CA_WE,,yes,CA_WE,Clothing & Adornment — to Weave,0.660,CA_SE,Clothing & Adornment — to Sew,0.520,CA_CB,Clothing & Adornment — Comb,0.464
PDR043,*al-,negative morpheme,EM_HT,EM_HT,,yes,EM_HT,Emotion — Hate (n),0.294,EM_WR,Emotion — Wrong (adj),0.281,EM_BD,Emotion — Bad,0.271
PDR044,*aḷ-,"to sprinkle, bail out",PA_SO,FD_SU,YES,yes,PA_SO,"Physical Acts & Materials — to Strew, Spread Out",0.365,PA_PO,Physical Acts & Materials — to Pour,0.333,PW_RA,Physical World — Rain (n),0.316
PDR045,*àḷ-,fat; strength,FD_BT,BP_SM,YES,yes,FD_BT,Food & Drink — Butter,0.337,BP_SM,"Body Parts & Functions — Strong, Mighty, Powerful",0.329,EM_PD,Emotion — Proud,0.298
PDR046,*àḷ-,"cave, hole",SR_HL,SR_HL,,yes,SR_HL,Spatial Relations — Hole,0.436,AV_DI,"Agriculture & Vegetation — to Dig, Delve",0.363,SR_HW,"Spatial Relations — Hollow, Concave",0.338
PDR047,*aḷ-,"to fear, be afraid",EM_FF,EM_FF,,yes,EM_FF,"Emotion — Fear, Fright",0.581,EM_DG,"Emotion — Peril, Danger",0.481,EM_TC,"Emotion — Timid, Cowardly",0.473
PDR048,*al-,"to spread, cover",PA_SO,PA_SO,,yes,PA_SO,"Physical Acts & Materials — to Strew, Spread Out",0.489,PA_SR,Physical Acts & Materials — to Stretch,0.397,SR_CO,Spatial Relations — to Cover,0.395
PDR049,*al- (?),dog,AN_DO,AN_DO,,yes,AN_DO,Animals — Dog,0.684,AN_PU,Animals — Puppy,0.606,AN_AN,Animals — Animal,0.484
PDR050,*alá-,to suffer (= to be weary),EM_PS,EM_PS,,yes,EM_PS,"Emotion — Pain, Suffering",0.437,EM_MF,Emotion — Misfortune,0.435,EM_PT,Emotion — Pity (n),0.415
PDR051,*aḷ-a-,to measure,SR_MS,SR_MS,,yes,SR_MS,Spatial Relations — to Measure,0.502,SP_PS,"Sense Perception — to Sense, Perceive; Sense",0.442,SP_FO,Sense Perception — to Feel of,0.417
PDR052,*aḷ-a-,"to mix; to join, approach",FD_MX,FD_MX,,yes,FD_MX,"Food & Drink — to Mix, Blend",0.584,FD_KD,Food & Drink — to Knead,0.337,FD_CO,Food & Drink — to Cook,0.331
PDR053,*alá-,to make verbal noise,LM_BS,LM_BS,,yes,LM_BS,Language & Music — to be Silent,0.455,EM_GR,Emotion — to Groan,0.441,LM_SC,"Language & Music — to Shout, Cry Out",0.434
PDR054,*alág-,blade; splint,WH_SW,PA_KF,YES,yes,WH_SW,Warfare & Hunting — Sword,0.501,WH_SP,Warfare & Hunting — Spear,0.425,FD_KN,Food & Drink — Knife,0.415
PDR055,*alág-,parched rice,AV_RI,AV_RI,,yes,AV_RI,Agriculture & Vegetation — Rice,0.449,FD_DI,Food & Drink — Dish,0.351,AV_TF,Agriculture & Vegetation — Threshing-Floor,0.311
PDR056,*alái-,"to wave, move from side to side, wander",MO_SH,MO_FE,YES,yes,MO_SH,Motion & Transportation — to Shake,0.600,MO_MO,Motion & Transportation — to Move,0.465,MO_DA,Motion & Transportation — to Dance,0.465
PDR057,*alái-,to rinse,PA_WA,PA_WA,,yes,PA_WA,Physical Acts & Materials — to Wash,0.515,CA_SA,Clothing & Adornment — Soap,0.359,CA_TW,Clothing & Adornment — Towel,0.358
PDR058,*alár-,to blossom,AV_FL,AV_FL,,yes,AV_FL,Agriculture & Vegetation — Flower,0.406,EM_LO,Emotion — to Love; Love,0.356,EM_DE,Emotion — to Desire,0.331
PDR059,*alé,vocative interjection,LM_VO,SR_SE,YES,yes,LM_VO,Language & Music — Voice (n),0.384,LM_CS,"Language & Music — to Call, Summon",0.358,LM_CN,"Language & Music — to Call, Name",0.351
PDR060,*áli,iron-wood tree,PW_WD,PW_TR,YES,yes,PW_WD,"Physical World — Wood, Timber",0.516,PW_TR,"Physical World — Tree, Oak",0.473,AV_TR,Agriculture & Vegetation — Tree (generic),0.460
PDR061,*áli,waterlily,PW_WA,AN_WE,YES,yes,PW_WA,Physical World — Water,0.393,AV_FL,Agriculture & Vegetation — Flower,0.349,AN_WE,Animals — Wether,0.328
PDR062,*am-,to press down,PA_PR,PA_PR,,yes,PA_PR,Physical Acts & Materials — to Press,0.472,PA_SH,"Physical Acts & Materials — to Hit, Strike, Beat",0.398,MO_PS,"Motion & Transportation — to Push, Shove",0.393
PDR063,*áma-,mother (hon.),MK_MO,MK_ML,YES,yes,MK_MO,Mankind — Mother,0.596,MK_ML,Mankind — Mother-in-Law,0.534,MK_GM,Mankind — Grandmother,0.476
PDR064,*amái-,to fit together; to be useful; to prepare,SR_JU,SO_ME,YES,yes,SR_JU,"Spatial Relations — to Join, Unite",0.392,SR_CG,"Spatial Relations — to Gather, Collect",0.375,PA_SO,"Physical Acts & Materials — to Strew, Spread Out",0.366
PDR065,*amai-,"to be calm, settled",EM_PL,EM_LS,YES,,EM_PL,Emotion — to Please,0.425,MT_CP,"Mind & Thought — Clear, Plain (to the Mind)",0.411,EM_GL,"Emotion — Fame, Glory",0.397
PDR066,*amb-,arrow,WH_AW,WH_AW,,yes,WH_AW,Warfare & Hunting — Arrow,0.561,WH_BW,Warfare & Hunting — Bow,0.409,WH_SP,Warfare & Hunting — Spear,0.360
PDR067,*ámbai-,to crawl [walk on hands and feet],MO_CC,BP_FT,YES,yes,MO_CC,"Motion & Transportation — to Creep, Crawl",0.515,MO_WA,Motion & Transportation — to Walk,0.488,BP_FT,Body Parts & Functions — Foot,0.402
PDR068,*ámbali,rice-water; rice gruel,FD_DI,AV_RI,YES,yes,FD_DI,Food & Drink — Dish,0.500,FD_MF,"Food & Drink — Meal, Flour",0.495,FD_BO,Food & Drink — to Boil (trans,0.486
PDR069,*an-,"fit, convenient",CA_SO,CA_PO,YES,yes,CA_SO,Clothing & Adornment — Shoe,0.306,CA_TA,"Clothing & Adornment — Tailor, Seamstress",0.300,CA_TR,Clothing & Adornment — Trousers,0.290
PDR070,*aṇ-,"upper part, up; to lift up (the head)",BP_EL,BP_HE,YES,yes,BP_EL,Body Parts & Functions — Elbow,0.402,BP_FC,Body Parts & Functions — Front of Chest,0.393,BP_EB,Body Parts & Functions — Eyebrow,0.384
PDR071,*áṇa-,elder brother,MK_BL,MK_BL,,yes,MK_BL,Mankind — Brother-in-Law,0.495,MK_NE,Mankind — Nephew,0.461,MK_BS,Mankind — Sibling(s),0.460
PDR072,*aṇái,"bank, dam",PW_RS,PT_BA,YES,yes,PW_RS,"Physical World — Brook, Stream, River",0.361,PT_BA,Possession & Trade — Bank,0.353,PW_LA,"Physical World — Lake, Pond",0.298
PDR073,*aṇái- ~ *anḍ-,"to join, unite",SO_ME,SR_JU,YES,yes,SO_ME,Social Relations — to Meet,0.414,MK_MR,"Mankind — to Wed, Marry",0.366,SR_CG,"Spatial Relations — to Gather, Collect",0.361
PDR074,*aṇá-ŋ-,to suffer; to suppress,EM_PS,EM_PS,,yes,EM_PS,"Emotion — Pain, Suffering",0.481,EM_MF,Emotion — Misfortune,0.467,EM_DE,Emotion — to Desire,0.418
PDR075,*aṇáŋ- (?),lower part of mouth; neck,BP_MO,BP_MO,,yes,BP_MO,Body Parts & Functions — Mouth,0.595,BP_JW,Body Parts & Functions — Jaw,0.536,BP_LI,Body Parts & Functions — Lip,0.533
PDR076,*anc-,"edge, border",SR_ED,SR_ED,,yes,SR_ED,Spatial Relations — Edge,0.490,PW_SH,"Physical World — Shore, Beach",0.333,CA_VE,Clothing & Adornment — Veil,0.309
PDR077,*áncV,relay post,MO_SE,MO_SE,,yes,MO_SE,Motion & Transportation — to Send,0.257,MO_PS,"Motion & Transportation — to Push, Shove",0.253,MO_RU,Motion & Transportation — to Run,0.247
PDR078,*and-,to be within reach,MO_AR,MO_AR,,yes,MO_AR,"Motion & Transportation — to Reach, Arrive",0.465,SR_NE,Spatial Relations — Near (adj),0.458,SP_SE,Sense Perception — to See,0.358
PDR079,*ánḍi,mango stone,PW_SR,FD_PC,YES,yes,PW_SR,"Physical World — Rock, Stone",0.390,FD_PC,Food & Drink — Peach,0.369,FD_FR,Food & Drink — Fruit,0.355
PDR080,*and-/*čand-,beauty,EM_BF,EM_BF,,yes,EM_BF,Emotion — Beautiful,0.394,CA_JW,"Clothing & Adornment — Gem, Jewel",0.360,SP_SG,"Sense Perception — Sight (obj), Look (obj), Appearance",0.357
PDR081,*ándug-,clearing nut plant,FD_NT,FD_NT,,yes,FD_NT,Food & Drink — Nut,0.459,AV_TR,Agriculture & Vegetation — Tree (generic),0.378,AV_AC,Agriculture & Vegetation — Acorn,0.361
PDR082,*aṇí-,to wear (ornaments); beauty,CA_NC,CA_NC,,yes,CA_NC,Clothing & Adornment — Necklace,0.670,CA_CD,"Clothing & Adornment — to Clothe, Dress",0.655,CA_AD,Clothing & Adornment — Adornment (personal),0.649
PDR083,*an-p-,1 to load 2 to send away,MO_SE,MO_SE,,yes,MO_SE,Motion & Transportation — to Send,0.401,MO_GA,"Motion & Transportation — to Depart, Go Away",0.372,MO_BG,Motion & Transportation — to Bring,0.366
PDR084,*anṭ-,to stick,PA_SO,PW_MT,YES,yes,PA_SO,"Physical Acts & Materials — to Strew, Spread Out",0.346,PA_BI,Physical Acts & Materials — to Bind,0.336,MO_PS,"Motion & Transportation — to Push, Shove",0.319
PDR085,*aṇV́-,to mock,EM_DA,BP_TS,YES,yes,EM_DA,Emotion — to Dare,0.302,LJ_AC,Law & Judgment — to Accuse,0.281,EM_GR,Emotion — to Groan,0.279
PDR086,*anǯ-,to fear,EM_FF,EM_FF,,yes,EM_FF,"Emotion — Fear, Fright",0.566,EM_DE,Emotion — to Desire,0.465,EM_DG,"Emotion — Peril, Danger",0.444
PDR087,*aŋ-,a k. of relative (brother/sister),MK_SW,MK_BS,YES,yes,MK_SW,Mankind — Sister-in-Law,0.481,MK_BS,Mankind — Sibling(s),0.462,MK_BL,Mankind — Brother-in-Law,0.444
PDR088,*áŋal-,"to weep, to grieve",EM_CW,EM_CW,,yes,EM_CW,"Emotion — to Cry, Weep",0.696,EM_GS,"Emotion — Grief, Sorrow",0.561,EM_GR,Emotion — to Groan,0.557
PDR089,*aŋā́ḍi,market,PT_MK,PT_MK,,yes,PT_MK,Possession & Trade — Market (place),0.550,PT_SS,"Possession & Trade — Store, Shop (n)",0.445,PT_MT,"Possession & Trade — Merchant, Tradesman",0.383
PDR090,*áŋāl-,"to yawn, gape",BP_YG,BP_YG,,yes,BP_YG,"Body Parts & Functions — to Gape, Yawn",0.679,EM_GR,Emotion — to Groan,0.460,EM_LS,"Emotion — to Laugh, Smile",0.366
PDR091,*áŋka-,"fight, quarrel",SO_SQ,SO_SQ,,yes,SO_SQ,"Social Relations — Strife, Quarrel",0.588,WH_FI,Warfare & Hunting — to Fight,0.455,WH_BT,Warfare & Hunting — Battle (n),0.446
PDR092,*áŋkaṇa-,space between two pillars,SR_ST,SR_SI,YES,yes,SR_ST,Spatial Relations — to Stand,0.385,SR_TL,Spatial Relations — Tall,0.351,SR_SI,Spatial Relations — to Sit,0.345
PDR093,*ápa-,father (hon.),MK_FA,MK_FA,,yes,MK_FA,Mankind — Father,0.554,MK_FL,Mankind — Father-in-Law,0.510,MK_SF,Mankind — Stepfather,0.509
PDR094,*ápa-,cake (of rice flour; of special interest to children),FD_CA,FD_CA,,yes,FD_CA,Food & Drink — Cake,0.580,FD_MF,"Food & Drink — Meal, Flour",0.520,FD_BA,Food & Drink — to Bake,0.449
PDR095,"*ap-, *áp-aḷi-","to stick (with hand), plaster",PA_MO,PA_RU,YES,yes,PA_MO,Physical Acts & Materials — Mortar,0.458,PA_BC,Physical Acts & Materials — Brick,0.446,PA_CV,Physical Acts & Materials — to Carve,0.440
PDR096,*ar-,rare,QN_LF,QN_LF,,yes,QN_LF,"Quantity & Number — Few, Little",0.286,QN_HA,Quantity & Number — Half,0.256,QN_FU,Quantity & Number — Full,0.248
PDR097,*arái-,to rub two things against each other (> to grind; to launder),PA_RU,PA_RU,,yes,PA_RU,Physical Acts & Materials — to Rub,0.592,FD_GR,Food & Drink — to Grind,0.543,PW_SA,"Physical World — Sand, Grit",0.467
PDR098,*arai,half,QN_HA,QN_HA,,yes,QN_HA,Quantity & Number — Half,0.541,QN_TF,Quantity & Number — a Third (fraction),0.305,QN_WH,Quantity & Number — Whole,0.282
PDR099,*arajái,Ficus religiosa,RB_HS,RB_HS,,yes,RB_HS,"Religion & Beliefs — Holy, Sacred",0.458,RB_ID,Religion & Beliefs — Idol,0.448,RB_RE,Religion & Beliefs — Religion,0.428
PDR100,*argil-,chest (of body),BP_FC,BP_FC,,yes,BP_FC,Body Parts & Functions — Front of Chest,0.675,BP_BB,Body Parts & Functions — to Breathe; Breath,0.510,BP_NV,Body Parts & Functions — Navel,0.485
PDR101,*arí-,"to cut, chip",PA_CU,FD_KN,YES,yes,PA_CU,Physical Acts & Materials — to Cut,0.575,FD_KN,Food & Drink — Knife,0.447,PA_CV,Physical Acts & Materials — to Carve,0.444
PDR102,*ari,rice,AV_RI,AV_RI,,yes,AV_RI,Agriculture & Vegetation — Rice,0.513,FD_MF,"Food & Drink — Meal, Flour",0.458,FD_DI,Food & Drink — Dish,0.442
PDR103,*arí-,"to sift, strain",SP_SP,PA_SR,YES,yes,SP_SP,Sense Perception — Sharp,0.424,PA_SR,Physical Acts & Materials — to Stretch,0.424,PA_SO,"Physical Acts & Materials — to Strew, Spread Out",0.419
PDR104,*ari,"tax, tribute",PT_TX,PT_TX,,yes,PT_TX,Possession & Trade — Tax (n),0.500,PT_WA,"Possession & Trade — Pay, Wages",0.429,PT_OW,Possession & Trade — to Owe,0.424
PDR105,*arí- ~ *arál-,to fall,MO_FA,MO_FA,,yes,MO_FA,Motion & Transportation — to Fall,0.551,MO_DR,Motion & Transportation — to Drop,0.511,MO_SI,Motion & Transportation — to Sink,0.374
PDR106,*arisana- (?),saffron; yellow,SP_YL,SP_YL,,yes,SP_YL,Sense Perception — Yellow,0.352,CA_SI,Clothing & Adornment — Silk,0.340,FD_PP,Food & Drink — Pepper,0.327
PDR107,*á[r]ti,a k. of tree (Ficus glomerata = Ficus racemosa),AV_TR,AV_TR,,yes,AV_TR,Agriculture & Vegetation — Tree (generic),0.489,AV_FI,Agriculture & Vegetation — Fir,0.386,AV_BE,Agriculture & Vegetation — Beech,0.361
PDR108,*arú-,to approach; neighbour,MO_AP,SO_NE,YES,yes,MO_AP,Motion & Transportation — to Approach,0.505,MO_AR,"Motion & Transportation — to Reach, Arrive",0.406,MO_EN,Motion & Transportation — to Enter,0.401
PDR109,*arúḷ-,to be gracious to; to favour,EM_PR,EM_PL,YES,yes,EM_PR,Emotion — Praise (n),0.415,SO_ST,Social Relations — Servant,0.407,EM_PL,Emotion — to Please,0.398
PDR110,*ar[V]-,to climb,MO_RI,MO_RL,YES,yes,MO_RI,Motion & Transportation — to Rise,0.504,MO_RL,"Motion & Transportation — to Lift, Raise",0.441,MO_CC,"Motion & Transportation — to Creep, Crawl",0.383
PDR111,*ar_-,"palm of hand, sole of foot",BP_HN,BP_FT,YES,yes,BP_HN,Body Parts & Functions — Hand,0.517,BP_TM,Body Parts & Functions — Thumb,0.499,BP_FT,Body Parts & Functions — Foot,0.494
PDR112,*ar_-,to be digested,FD_KD,BP_ED,YES,yes,FD_KD,Food & Drink — to Knead,0.481,BP_ED,"Body Parts & Functions — to Void Excrement; Dung, Excrement",0.467,FD_SU,"Food & Drink — to Suck, Suckle",0.455
PDR113,*ar_- (*-d_-),to cut,PA_CU,PA_CU,,yes,PA_CU,Physical Acts & Materials — to Cut,0.584,PA_SS,"Physical Acts & Materials — Shears, Scissors",0.459,FD_KN,Food & Drink — Knife,0.457
PDR114,*ar_-a-,"to speak, sound",SP_HE,LM_ST,YES,yes,SP_HE,Sense Perception — to Hear,0.591,LM_BS,Language & Music — to be Silent,0.497,LM_ST,"Language & Music — to Speak, Talk",0.488
PDR115,*ar_-ai,"room, apartment",DF_RO,DF_RO,,,DF_RO,Dwellings & Furniture — Room,0.771,DF_BD,Dwellings & Furniture — Bed,0.693,DF_HS,Dwellings & Furniture — House,0.668
PDR116,*àr_-ai (*-d_-),rock,PW_SR,PW_SR,,yes,PW_SR,"Physical World — Rock, Stone",0.492,PW_SA,"Physical World — Sand, Grit",0.272,PW_MH,"Physical World — Hill, Mountain",0.267
PDR117,*asái,"to shake, stir, tremble; (to sweep)",MO_SH,MO_SH,,yes,MO_SH,Motion & Transportation — to Shake,0.651,PA_SO,"Physical Acts & Materials — to Strew, Spread Out",0.453,MO_RL,"Motion & Transportation — to Lift, Raise",0.420
PDR118,*asái,"faint, weary",EM_TC,TI_HH,YES,yes,EM_TC,"Emotion — Timid, Cowardly",0.373,EM_GR,Emotion — to Groan,0.366,EM_CW,"Emotion — to Cry, Weep",0.352
PDR119,*asái,"to join two things together (> ""to take, buy"")",PT_SG,PT_BU,YES,yes,PT_SG,"Possession & Trade — to Grasp, Seize, Take Hold of",0.489,PT_TA,Possession & Trade — to Take,0.449,PT_BU,Possession & Trade — to Buy,0.431
PDR120,*asár_-,"mud, mire",PW_MU,PW_MU,,,PW_MU,"Physical World — Mud, Mire",0.721,SP_DS,"Sense Perception — Dirty, Soiled",0.358,PW_SA,"Physical World — Sand, Grit",0.341
PDR121,*at-,"to join, attach, wear",CA_CD,CA_SE,YES,yes,CA_CD,"Clothing & Adornment — to Clothe, Dress",0.556,CA_SE,Clothing & Adornment — to Sew,0.552,CA_WE,Clothing & Adornment — to Weave,0.535
PDR122,*aṬ-,earthen pot,FD_PO,FD_PO,,yes,FD_PO,Food & Drink — Pot,0.457,FD_BO,Food & Drink — to Boil (trans,0.403,PW_GS,"Physical World — Ground, Soil",0.393
PDR123,*átai,female relative (father's sister; grandmother),MK_SW,MK_SW,,yes,MK_SW,Mankind — Sister-in-Law,0.500,MK_DL,Mankind — Daughter-in-Law,0.493,MK_AU,Mankind — Aunt,0.442
PDR124,*aṭ- ~ *aḍú-,"to evaporate, dry up; to cook, boil",FD_BO,FD_BO,,yes,FD_BO,Food & Drink — to Boil (trans,0.442,PA_PO,Physical Acts & Materials — to Pour,0.401,PA_WA,Physical Acts & Materials — to Wash,0.400
PDR125,*áṭa-,"inner side of roof (loft, attic, supporting bamboo framework etc.)",DF_RF,DF_RF,,yes,DF_RF,Dwellings & Furniture — Roof,0.601,DF_TE,Dwellings & Furniture — Tent,0.447,DF_CH,Dwellings & Furniture — Chimney,0.442
PDR126,*áṭai,"sole of shoe; leather, cardboard",CA_SO,CA_SO,,yes,CA_SO,Clothing & Adornment — Shoe,0.563,CA_BO,Clothing & Adornment — Boot,0.465,CA_SL,Clothing & Adornment — Slipper,0.440
PDR127,*áṭai,leech,AN_WR,AN_MK,YES,,AN_WR,Animals — Worm,0.404,AN_WE,Animals — Wether,0.393,AN_CA,Animals — to Castrate,0.368
PDR128,*ávai,elder female relation (grandmother; elder brother's wife),MK_GM,MK_SW,YES,yes,MK_GM,Mankind — Grandmother,0.521,MK_ML,Mankind — Mother-in-Law,0.483,MK_DL,Mankind — Daughter-in-Law,0.458
PDR129,*aval-,trouble; confusion,SO_SQ,TI_TI,YES,yes,SO_SQ,"Social Relations — Strife, Quarrel",0.433,EM_MF,Emotion — Misfortune,0.411,EM_BD,Emotion — Bad,0.329
PDR130,*ávarai,field bean,FD_BN,FD_BN,,yes,FD_BN,Food & Drink — Bean,0.502,AV_GG,"Agriculture & Vegetation — Grain (generic, British Corn)",0.394,AV_FC,Agriculture & Vegetation — Field for Cultivation,0.362
PDR131,*aví-,to destroy; to extinguish; to be tired,PT_DE,BP_KI,YES,yes,PT_DE,Possession & Trade — to Destroy,0.523,TI_CE,Time — to Cease,0.420,PW_BU,"Physical World — to Burn, Scorch",0.388
PDR132,*aví-,to heat,SP_HW,PW_BU,YES,yes,SP_HW,"Sense Perception — Hot, Warm",0.447,PW_BU,"Physical World — to Burn, Scorch",0.420,FD_BO,Food & Drink — to Boil (trans,0.415
PDR133,*áviri,indigo plant (Indigofera tinctoria),AV_PN,AV_FL,YES,yes,AV_PN,"Agriculture & Vegetation — Plant, Herb",0.397,AV_FL,Agriculture & Vegetation — Flower,0.368,AV_RI,Agriculture & Vegetation — Rice,0.303
PDR134,*avúẓ-,"to become loose, unfastened",PA_TE,BP_WE,YES,yes,PA_TE,Physical Acts & Materials — to Tear,0.417,PA_SO,"Physical Acts & Materials — to Strew, Spread Out",0.414,CA_CD,"Clothing & Adornment — to Clothe, Dress",0.370
PDR135,*aẓ- (?),to pervade (as taste),SP_TJ,SP_TJ,,yes,SP_TJ,Sense Perception — to Taste (subj),0.604,SP_TT,Sense Perception — to Taste (obj),0.554,SP_TO,"Sense Perception — Taste (n, subj)",0.506
PDR136,*aẓál-,to burn; (> to grieve),PW_BU,PW_BU,,yes,PW_BU,"Physical World — to Burn, Scorch",0.554,PW_FI,Physical World — Fire (n),0.433,PW_FL,Physical World — Flame (n),0.430
PDR137,*aẓí-,"to perish, be destroyed",PT_DE,LJ_PY,YES,yes,PT_DE,Possession & Trade — to Destroy,0.410,BP_DD,Body Parts & Functions — to Die; Dead; Death,0.403,PW_BU,"Physical World — to Burn, Scorch",0.400
PDR138,*aẓí-,"love, desire",EM_DE,EM_DE,,yes,EM_DE,Emotion — to Desire,0.675,EM_LO,Emotion — to Love; Love,0.632,EM_PA,Emotion — Passion,0.565
PDR139,*aẓ[ú]-,"to rot, spoil",PT_SP,PT_SP,,yes,PT_SP,Possession & Trade — to Spoil,0.409,BP_DD,Body Parts & Functions — to Die; Dead; Death,0.349,FD_KD,Food & Drink — to Knead,0.339
PDR140,*aẓ[ú]nd- (caus.*aẓ[ú]t-),"to press down; to dip, immerse",PA_PR,PA_PR,,yes,PA_PR,Physical Acts & Materials — to Press,0.487,PA_RU,Physical Acts & Materials — to Rub,0.432,PA_SH,"Physical Acts & Materials — to Hit, Strike, Beat",0.393
PDR141,*áǯǯ-,grandparent(s),MK_GF,MK_GM,YES,yes,MK_GF,Mankind — Grandfather,0.537,MK_PA,Mankind — Parent(s),0.516,MK_GM,Mankind — Grandmother,0.498
PDR142,*āC-,"to choose, select; to sift",LJ_DE,QN_ON,YES,yes,LJ_DE,Law & Judgment — to Decide,0.322,FD_SP,Food & Drink — Spoon,0.304,FD_CO,Food & Drink — to Cook,0.302
PDR143,*āḍ-,"to play; to dance, move",EM_PV,MO_DA,YES,yes,EM_PV,Emotion — to Play,0.545,MO_DA,Motion & Transportation — to Dance,0.394,LM_ST,"Language & Music — to Speak, Talk",0.365
PDR144,*ād_-,to be cool; to be dry,EM_PL,BP_SW,YES,yes,EM_PL,Emotion — to Please,0.286,SP_HW,"Sense Perception — Hot, Warm",0.250,EM_DE,Emotion — to Desire,0.243
PDR145,*āɣ-,to ripen,FD_FR,FD_FR,,yes,FD_FR,Food & Drink — Fruit,0.431,AV_SS,Agriculture & Vegetation — to Sow; Seed,0.417,FD_KD,Food & Drink — to Knead,0.409
PDR146,*āj-,"private, secret; private parts of body",MT_SR,BP_SH,YES,yes,MT_SR,Mind & Thought — Secret,0.360,DF_RO,Dwellings & Furniture — Room,0.307,MT_OB,Mind & Thought — Obscure,0.306
PDR147,*āk- (?),to know,MT_KN,MT_KN,,yes,MT_KN,Mind & Thought — to Know,0.501,SP_FO,Sense Perception — to Feel of,0.377,SP_SE,Sense Perception — to See,0.362
PDR148,*ā-/*an-,to be,MT_SE,TI_FI,YES,yes,MT_SE,Mind & Thought — to Seem,0.323,MT_KN,Mind & Thought — to Know,0.307,EM_LO,Emotion — to Love; Love,0.306
PDR149,*āl-,pipal tree,AV_TR,PW_TR,YES,yes,AV_TR,Agriculture & Vegetation — Tree (generic),0.471,PW_TR,"Physical World — Tree, Oak",0.361,AV_FI,Agriculture & Vegetation — Fir,0.360
PDR150,*āḷ-,man,MK_HB,MK_MA,YES,yes,MK_HB,Mankind — Human Being,0.434,MK_MA,Mankind — Man,0.428,MK_MS,Mankind — Male,0.398
PDR151,*āl-,"to hear, listen",SP_LI,LM_ST,YES,yes,SP_LI,"Sense Perception — to Listen, Harken",0.626,SP_HE,Sense Perception — to Hear,0.594,LM_CS,"Language & Music — to Call, Summon",0.463
PDR152,*āḷd-,woman,MK_WO,MK_FS,YES,yes,MK_WO,Mankind — Woman,0.536,MK_FS,Mankind — Female,0.531,AN_FE,Animals — Female Animal,0.446
PDR153,*āld_-,hail,PW_RA,EM_PR,YES,yes,PW_RA,Physical World — Rain (n),0.357,PW_TH,"Physical World — Noise, Thunder",0.292,PW_SN,Physical World — Snow (n),0.273
PDR154,*ā̆m-,water,PW_WA,PW_WA,,yes,PW_WA,Physical World — Water,0.525,FD_TH,Food & Drink — Thirst (n),0.422,PA_WA,Physical Acts & Materials — to Wash,0.421
PDR155,*āmaṇd-/*āmaṇVg-,castor-oil plant,FD_OI,FD_OI,,yes,FD_OI,Food & Drink — Oil,0.400,AV_PN,"Agriculture & Vegetation — Plant, Herb",0.379,AV_ST,Agriculture & Vegetation — Smoke (Tobacco),0.326
PDR156,*āṇ-,1 to press against 2 to support,MO_PS,PA_PR,YES,yes,MO_PS,"Motion & Transportation — to Push, Shove",0.394,PA_PR,Physical Acts & Materials — to Press,0.370,PA_SH,"Physical Acts & Materials — to Hit, Strike, Beat",0.356
PDR157,*ān-,"to seize, grab, catch",PT_SG,PT_SG,,yes,PT_SG,"Possession & Trade — to Grasp, Seize, Take Hold of",0.628,PT_ST,Possession & Trade — to Steal,0.473,PT_TA,Possession & Trade — to Take,0.469
PDR158,*āṇ-,male,MK_MS,MK_MS,,yes,MK_MS,Mankind — Male,0.536,AN_MA,Animals — Male Animal,0.466,MK_FS,Mankind — Female,0.452
PDR159,*āŋ-,"to stop, obstruct",TI_CE,TI_CE,,yes,TI_CE,Time — to Cease,0.436,SO_HP,"Social Relations — to Hinder, Prevent",0.379,MO_PS,"Motion & Transportation — to Push, Shove",0.363
PDR160,*ār-,to shout,LM_SC,LM_SC,,yes,LM_SC,"Language & Music — to Shout, Cry Out",0.487,EM_GR,Emotion — to Groan,0.404,EM_DA,Emotion — to Dare,0.396
PDR161,*ār-,"to put on, wear",CA_CD,CA_CD,,yes,CA_CD,"Clothing & Adornment — to Clothe, Dress",0.643,CA_SE,Clothing & Adornment — to Sew,0.630,CA_WE,Clothing & Adornment — to Weave,0.607
PDR162,*ār-,"love, affection",EM_LO,EM_LO,,yes,EM_LO,Emotion — to Love; Love,0.575,EM_KS,Emotion — to Kiss,0.505,EM_DE,Emotion — to Desire,0.484
PDR163,*ār-,"full, satiated",FD_HU,QN_FU,YES,,FD_HU,Food & Drink — Hunger (n),0.517,EM_JG,"Emotion — Glad, Joyful",0.478,FD_AM,Food & Drink — a Meal,0.476
PDR164,*ār-,sharp(ness),SP_SP,SP_SP,,yes,SP_SP,Sense Perception — Sharp,0.535,SP_LL,"Sense Perception — Dull, Blunt",0.399,WH_SW,Warfare & Hunting — Sword,0.346
PDR165,*ārāj-,"to think, observe, search for",MT_KN,MT_KN,,yes,MT_KN,Mind & Thought — to Know,0.570,SP_LO,Sense Perception — to Look,0.568,MT_TR,"Mind & Thought — to Think, Reflect",0.554
PDR166,*ārig-,millet,FD_ML,FD_ML,,yes,FD_ML,Food & Drink — Mill,0.502,AV_GG,"Agriculture & Vegetation — Grain (generic, British Corn)",0.450,FD_MF,"Food & Drink — Meal, Flour",0.405
PDR167,*ār_- (*-d_-),"way, road, path",MO_PA,MO_RA,YES,,MO_PA,Motion & Transportation — Path,0.696,MO_RA,Motion & Transportation — Road,0.568,MO_AR,"Motion & Transportation — to Reach, Arrive",0.527
PDR168,*ās-,"slender, thin",SR_NS,SR_ND,YES,yes,SR_NS,Spatial Relations — Thin (in Density),0.383,SR_ND,Spatial Relations — Thin (in Dimension),0.381,SR_TS,Spatial Relations — Thick (in Density),0.299
PDR169,*ā(t)k-,leaf,AV_LE,AV_LE,,yes,AV_LE,Agriculture & Vegetation — Leaf,0.536,AV_PN,"Agriculture & Vegetation — Plant, Herb",0.426,AV_AC,Agriculture & Vegetation — Acorn,0.404
PDR170,*āt_-,"powerful, capable",BP_SM,BP_SM,,yes,BP_SM,"Body Parts & Functions — Strong, Mighty, Powerful",0.489,MK_HB,Mankind — Human Being,0.371,EM_BR,"Emotion — Brave, Courageous",0.370
PDR171,*āv-,cow,AN_CO,AN_CO,,yes,AN_CO,Animals — Cow,0.647,AN_OX,"Animals — Ox, Steer",0.538,AN_CB,"Animals — Cattle, Bovines",0.507
PDR172,*āv-,to yawn,BP_YG,BP_YG,,yes,BP_YG,"Body Parts & Functions — to Gape, Yawn",0.514,EM_GR,Emotion — to Groan,0.398,FD_SU,"Food & Drink — to Suck, Suckle",0.299
PDR173,*āv-,1 to breathe 2 steam,BP_BB,BP_BB,,yes,BP_BB,Body Parts & Functions — to Breathe; Breath,0.411,PW_SM,Physical World — Smoke (n),0.373,BP_FB,"Body Parts & Functions — to Fart, Break Wind",0.360
PDR174,*āv-,to desire,EM_DE,EM_DE,,yes,EM_DE,Emotion — to Desire,0.668,EM_PL,Emotion — to Please,0.501,EM_WW,"Emotion — to Will, Wish",0.495
PDR175,*bacaḷ-,spinach,FD_VE,FD_ON,YES,yes,FD_VE,Food & Drink — Vegetables,0.441,AV_PN,"Agriculture & Vegetation — Plant, Herb",0.410,FD_CB,Food & Drink — Cabbage,0.396
PDR176,*baḍ-i,"club, stick",PW_MT,WH_CL,YES,yes,PW_MT,"Physical World — Match, Fire Stick",0.372,WH_SP,Warfare & Hunting — Spear,0.359,WH_SW,Warfare & Hunting — Sword,0.332
PDR177,*bagVḍ- (*v-),"shank, calf",AN_CF,AN_CF,,yes,AN_CF,Animals — Calf,0.428,BP_KN,Body Parts & Functions — Knee,0.387,BP_LE,Body Parts & Functions — Leg,0.378
PDR178,*bajal,open space,SR_OP,SR_OP,,yes,SR_OP,Spatial Relations — to Open,0.424,PW_PF,"Physical World — Plain, Field",0.405,PW_SK,"Physical World — Sky, Heavens",0.395
PDR179,*bak- (*v-) (?),claws,BP_NA,BP_NA,,yes,BP_NA,"Body Parts & Functions — Nail, Claw",0.612,BP_BI,Body Parts & Functions — to Bite,0.438,PA_SS,"Physical Acts & Materials — Shears, Scissors",0.404
PDR180,*baḷ-,"fertile, abundant; to grow",AV_FL,AV_SS,YES,yes,AV_FL,Agriculture & Vegetation — Flower,0.440,AV_PN,"Agriculture & Vegetation — Plant, Herb",0.401,AV_CH,"Agriculture & Vegetation — Crop, Harvest",0.397
PDR181,*baḷ-,a k. of measure,QN_MI,SR_MS,YES,yes,QN_MI,Quantity & Number — Miscellaneous,0.370,SR_MS,Spatial Relations — to Measure,0.357,QN_CW,Quantity & Number — Other Collective Words,0.353
PDR182,*balap-,"chalk, slate",PA_CL,LM_PC,YES,yes,PA_CL,Physical Acts & Materials — Clay,0.379,PW_SR,"Physical World — Rock, Stone",0.331,PA_MO,Physical Acts & Materials — Mortar,0.326
PDR183,*banḍ-,"rock, boulder",PW_SR,PW_SR,,yes,PW_SR,"Physical World — Rock, Stone",0.530,PW_MH,"Physical World — Hill, Mountain",0.316,PA_MO,Physical Acts & Materials — Mortar,0.262
PDR184,*banḍ-,"rude, obscene",EM_UG,EM_PP,YES,yes,EM_UG,Emotion — Ugly,0.335,RB_CU,Religion & Beliefs — to Curse,0.316,EM_PD,Emotion — Proud,0.315
PDR185,*banḍ-,belly,BP_BS,BP_BS,,yes,BP_BS,"Body Parts & Functions — Belly, Stomach",0.641,BP_NV,Body Parts & Functions — Navel,0.504,BP_LI,Body Parts & Functions — Lip,0.434
PDR186,*baŋk-,"gum, resin",CA_FE,AN_GE,YES,yes,CA_FE,Clothing & Adornment — Felt,0.344,CA_CO,Clothing & Adornment — Cotton,0.326,BP_TO,Body Parts & Functions — Tooth,0.323
PDR187,*bar-,rough,SP_RG,SP_RG,,yes,SP_RG,Sense Perception — Rough,0.361,PW_SA,"Physical World — Sand, Grit",0.261,SP_LL,"Sense Perception — Dull, Blunt",0.259
PDR188,*baẓ-al-,"tired, fatigued",EM_TC,BP_SS,YES,yes,EM_TC,"Emotion — Timid, Cowardly",0.366,EM_EF,"Emotion — Feeling, Emotion",0.361,EM_FL,Emotion — Faithful,0.356
PDR189,*bāg-,"good, beautiful",EM_BF,EM_BF,,yes,EM_BF,Emotion — Beautiful,0.357,EM_GD,Emotion — Good,0.336,EM_PD,Emotion — Proud,0.307
PDR190,*bān- (*-ṇ-),pot,FD_PO,FD_PO,,yes,FD_PO,Food & Drink — Pot,0.644,FD_BO,Food & Drink — to Boil (trans,0.401,FD_CO,Food & Drink — to Cook,0.392
PDR191,*bāv-,cat,AN_CT,AN_CT,,yes,AN_CT,Animals — Cat,0.577,AN_MA,Animals — Male Animal,0.393,AN_LN,Animals — Lion,0.386
PDR192,*bāẓ-d-,to live (happily),DF_DW,EM_HH,YES,yes,DF_DW,"Dwellings & Furniture — to Live, Dwell",0.446,MK_MR,"Mankind — to Wed, Marry",0.441,MK_FM,Mankind — Family,0.418
PDR193,*bāǯ- (?),many,QN_MM,QN_MM,,yes,QN_MM,"Quantity & Number — Much, Many",0.536,QN_EN,Quantity & Number — Enough,0.375,QN_MC,"Quantity & Number — Crowd, Multitude",0.346
PDR194,*bedar_-,"to fear, be afraid",EM_FF,EM_FF,,yes,EM_FF,"Emotion — Fear, Fright",0.608,EM_DG,"Emotion — Peril, Danger",0.497,EM_TC,"Emotion — Timid, Cowardly",0.475
PDR195,*beil-,spleen,BP_NV,BP_BL,YES,yes,BP_NV,Body Parts & Functions — Navel,0.452,BP_RI,Body Parts & Functions — Rib,0.412,BP_LV,Body Parts & Functions — Liver,0.400
PDR196,*bej- (*v-),to be,MT_SE,TI_FI,YES,yes,MT_SE,Mind & Thought — to Seem,0.344,EM_LO,Emotion — to Love; Love,0.340,MT_KN,Mind & Thought — to Know,0.322
PDR197,*bel-,"jaggery, unrefined sugar",FD_SS,FD_SS,,yes,FD_SS,Food & Drink — Sugar,0.437,FD_BY,Food & Drink — Berry,0.386,FD_GR,Food & Drink — to Grind,0.364
PDR198,*benḍ-,pith; a k. of frail plant,EM_GR,AV_PN,YES,yes,EM_GR,Emotion — to Groan,0.279,EM_PT,Emotion — Pity (n),0.248,FD_KD,Food & Drink — to Knead,0.247
PDR199,*ber-,"to crack, fall in ruins",PA_TE,PA_BK,YES,yes,PA_TE,Physical Acts & Materials — to Tear,0.549,PA_BK,Physical Acts & Materials — to Break,0.516,PA_FO,Physical Acts & Materials — to Fold,0.403
PDR200,*bēk- (*v-) (?),salt,FD_SL,FD_SL,,,FD_SL,Food & Drink — Salt,0.724,SP_SA,Sense Perception — Salty,0.523,FD_PP,Food & Drink — Pepper,0.400
PDR201,*bēḷ-,split pulse,PW_WV,PW_WV,,yes,PW_WV,"Physical World — Wave, Surge",0.330,PW_LT,"Physical World — Thunderbolt, Lightning Strike",0.280,PW_LI,"Physical World — Flash, Lightning",0.278
PDR202,*bir-,to join,FD_MX,SO_ME,YES,yes,FD_MX,"Food & Drink — to Mix, Blend",0.378,FD_CO,Food & Drink — to Cook,0.357,SO_ME,Social Relations — to Meet,0.352
PDR203,*bir_-,"dense, tight",SR_TS,SR_TS,,yes,SR_TS,Spatial Relations — Thick (in Density),0.498,SR_NS,Spatial Relations — Thin (in Density),0.479,SR_ND,Spatial Relations — Thin (in Dimension),0.377
PDR204,*bīr-,gourd,AV_PN,AN_SO,YES,yes,AV_PN,"Agriculture & Vegetation — Plant, Herb",0.303,FD_KD,Food & Drink — to Knead,0.297,FD_ON,Food & Drink — Onion,0.292
PDR205,*boc-,1 wool 2 hair,CA_WO,CA_WO,,yes,CA_WO,Clothing & Adornment — Wool,0.578,CA_FU,Clothing & Adornment — Fur,0.477,CA_CB,Clothing & Adornment — Comb,0.462
PDR206,*boḍ-,navel,BP_NV,BP_NV,,yes,BP_NV,Body Parts & Functions — Navel,0.684,BP_WO,Body Parts & Functions — Womb,0.378,BP_BS,"Body Parts & Functions — Belly, Stomach",0.357
PDR207,*bog- (*posaŋ-?),charcoal,PW_SM,DF_CH,YES,yes,PW_SM,Physical World — Smoke (n),0.376,DF_CL,Dwellings & Furniture — Candle,0.361,AV_ST,Agriculture & Vegetation — Smoke (Tobacco),0.356
PDR208,*bom-,1 eyeball 2 effigy,BP_EY,BP_EY,,yes,BP_EY,Body Parts & Functions — Eye,0.417,MT_PU,Mind & Thought — Pupil,0.336,BP_EB,Body Parts & Functions — Eyebrow,0.333
PDR209,*bom-ik-,bone,BP_BN,BP_BN,,yes,BP_BN,Body Parts & Functions — Bone,0.545,BP_RI,Body Parts & Functions — Rib,0.376,BP_JW,Body Parts & Functions — Jaw,0.372
PDR210,*bonck- (?),foam,PA_PO,AN_DU,YES,yes,PA_PO,Physical Acts & Materials — to Pour,0.369,CA_SA,Clothing & Adornment — Soap,0.352,PA_WA,Physical Acts & Materials — to Wash,0.351
PDR211,*boŋ-,to run,MO_RU,MO_RU,,yes,MO_RU,Motion & Transportation — to Run,0.563,MO_FE,Motion & Transportation — to Flee,0.521,MO_GA,"Motion & Transportation — to Depart, Go Away",0.413
PDR212,*boŋk-,to lie (tell untruth),EM_LI,EM_LI,,yes,EM_LI,"Emotion — Lie, Falsehood",0.467,EM_DC,Emotion — Deceit,0.407,LJ_PY,Law & Judgment — Perjury,0.385
PDR213,*bor_-,hole (in tree),SR_HL,PW_TR,YES,yes,SR_HL,Spatial Relations — Hole,0.488,PW_TR,"Physical World — Tree, Oak",0.474,AV_TR,Agriculture & Vegetation — Tree (generic),0.415
PDR214,*boṭ-,spot; drop,SR_PO,MO_DR,YES,yes,SR_PO,Spatial Relations — Point,0.279,CA_PO,Clothing & Adornment — Pocket,0.267,SP_YL,Sense Perception — Yellow,0.266
PDR215,*boṭ-,finger; thumb,BP_FI,BP_TM,YES,yes,BP_FI,Body Parts & Functions — Finger,0.584,BP_TM,Body Parts & Functions — Thumb,0.517,BP_HN,Body Parts & Functions — Hand,0.452
PDR216,*bōd-,"young (of animals, plants)",TI_YG,AN_KI,YES,yes,TI_YG,Time — Young,0.428,MK_IN,Mankind — Infant,0.389,AN_KI,Animals — Kid,0.382
PDR217,*bōr-,"chest, breast; upon the chest, upside down",BP_FC,BP_FC,,yes,BP_FC,Body Parts & Functions — Front of Chest,0.615,BP_BW,Body Parts & Functions — Breast of Woman,0.591,BP_NV,Body Parts & Functions — Navel,0.478
PDR218,*bōẓ-,bald; to shave,BP_HA,BP_HA,,yes,BP_HA,Body Parts & Functions — Hair,0.368,BP_BE,Body Parts & Functions — Beard,0.332,CA_HC,"Clothing & Adornment — Hat, Cap",0.305
PDR219,*buḍ-,testicles,BP_TS,BP_TS,,yes,BP_TS,Body Parts & Functions — Testicle,0.581,BP_PE,Body Parts & Functions — Penis,0.404,AN_MA,Animals — Male Animal,0.366
PDR220,"*bud_- (*p-, *-t_-)",gourd,FD_PJ,AN_SO,YES,yes,FD_PJ,"Food & Drink — Jug, Pitcher",0.381,FD_BW,Food & Drink — Bowl,0.351,FD_DI,Food & Drink — Dish,0.347
PDR221,*bug-i,dust,PW_DU,PW_DU,,yes,PW_DU,"Physical World — Dust, Powder",0.661,PW_SA,"Physical World — Sand, Grit",0.467,PW_AS,Physical World — Ash(es),0.439
PDR222,*buk-,"cheek; fat, plump",BP_CK,BP_CK,,yes,BP_CK,Body Parts & Functions — Cheek,0.623,BP_FA,Body Parts & Functions — Face,0.372,BP_CN,Body Parts & Functions — Chin,0.371
PDR223,*bul-,male organ,BP_PE,BP_PE,,yes,BP_PE,Body Parts & Functions — Penis,0.617,BP_TS,Body Parts & Functions — Testicle,0.605,BP_UU,Body Parts & Functions — to Urinate; Urine,0.517
PDR224,*burk-,small basket,PA_BA,PA_BA,,yes,PA_BA,Physical Acts & Materials — Basket,0.414,FD_PJ,"Food & Drink — Jug, Pitcher",0.390,FD_SA,Food & Drink — Saucer,0.373
PDR225,*bur_ad-,mud,PW_MU,PW_MU,,yes,PW_MU,"Physical World — Mud, Mire",0.582,PW_SA,"Physical World — Sand, Grit",0.403,PA_WA,Physical Acts & Materials — to Wash,0.370
PDR226,*buṭ-,basket,PA_BA,PA_BA,,yes,PA_BA,Physical Acts & Materials — Basket,0.409,FD_SA,Food & Drink — Saucer,0.309,FD_PJ,"Food & Drink — Jug, Pitcher",0.306
PDR227,*buẓC-,"down, feather; hair",BP_FE,BP_FE,,yes,BP_FE,Body Parts & Functions — Feather,0.469,CA_CB,Clothing & Adornment — Comb,0.424,CA_WE,Clothing & Adornment — to Weave,0.363
PDR228,*buẓud-,"dust, ashes",PW_DU,PW_DU,,yes,PW_DU,"Physical World — Dust, Powder",0.569,PW_AS,Physical World — Ash(es),0.501,PW_SA,"Physical World — Sand, Grit",0.417
PDR229,*bū-,mould; to be mouldy,PA_MD,PA_MD,,yes,PA_MD,"Physical Acts & Materials — to Mold, Form",0.383,BP_SS,Body Parts & Functions — Sick; Sickness,0.363,PA_WA,Physical Acts & Materials — to Wash,0.350
PDR230,*būr-,silk-cotton tree,CA_CO,CA_CO,,yes,CA_CO,Clothing & Adornment — Cotton,0.529,CA_SI,Clothing & Adornment — Silk,0.505,AV_TR,Agriculture & Vegetation — Tree (generic),0.471
PDR231,*cad_-,"to slap, strike",PA_SH,PA_SH,,yes,PA_SH,"Physical Acts & Materials — to Hit, Strike, Beat",0.595,PA_RU,Physical Acts & Materials — to Rub,0.369,PA_HA,Physical Acts & Materials — Hammer (n),0.358
PDR232,*cat-/*cad-V-,to crush; to kick,PA_SH,EM_PL,YES,yes,PA_SH,"Physical Acts & Materials — to Hit, Strike, Beat",0.368,PA_TE,Physical Acts & Materials — to Tear,0.348,MO_PS,"Motion & Transportation — to Push, Shove",0.337
PDR233,*cā-,to stretch,PA_SR,PA_SR,,yes,PA_SR,Physical Acts & Materials — to Stretch,0.566,BP_YG,"Body Parts & Functions — to Gape, Yawn",0.381,PA_SO,"Physical Acts & Materials — to Strew, Spread Out",0.357
PDR234,*cāc- (?),stone,PW_SR,PW_SR,,yes,PW_SR,"Physical World — Rock, Stone",0.597,PA_MO,Physical Acts & Materials — Mortar,0.329,CA_JW,"Clothing & Adornment — Gem, Jewel",0.325
PDR235,*Cād_- (*k̂-?),"juice, sap; broth",FD_SB,FD_SB,,yes,FD_SB,"Food & Drink — Soup, Broth",0.447,FD_FR,Food & Drink — Fruit,0.445,FD_PO,Food & Drink — Pot,0.440
PDR236,*cānd-,to rub into paste; substance,PA_RU,PA_RU,,yes,PA_RU,Physical Acts & Materials — to Rub,0.523,PA_FS,"Physical Acts & Materials — to Flay, Skin",0.410,PA_CV,Physical Acts & Materials — to Carve,0.391
PDR237,*Cār-,"to reach, approach",MO_AR,MO_AR,,yes,MO_AR,"Motion & Transportation — to Reach, Arrive",0.547,MO_AP,Motion & Transportation — to Approach,0.509,SR_NE,Spatial Relations — Near (adj),0.438
PDR238,*cāt_-,"to declare, announce",LM_AN,LM_AN,,yes,LM_AN,Language & Music — to Announce,0.445,LJ_OA,Law & Judgment — Oath,0.400,RB_PC,Religion & Beliefs — to Preach,0.360
PDR239,*cel-,1 companion 2 sister,MK_SW,MK_SW,,yes,MK_SW,Mankind — Sister-in-Law,0.467,MK_BS,Mankind — Sibling(s),0.433,MK_SI,Mankind — Sister,0.431
PDR240,"*cel-, *celand- (*-i-)",spider,AN_SK,AN_IN,YES,yes,AN_SK,Animals — Snake,0.392,AN_IN,Animals — Insect,0.376,AN_WR,Animals — Worm,0.363
PDR241,"*cer- (*k̂-?, *k-?)","to insert, put in",CA_SE,MO_EN,YES,yes,CA_SE,Clothing & Adornment — to Sew,0.390,PA_CV,Physical Acts & Materials — to Carve,0.364,CA_NE,Clothing & Adornment — Needle,0.363
PDR242,*cer_-aŋ- (*-i-),"end of cloth, hem",CA_CL,CA_CL,,yes,CA_CL,Clothing & Adornment — Cloth,0.619,CA_HF,Clothing & Adornment — Handkerchief,0.595,CA_NA,Clothing & Adornment — Napkin,0.584
PDR243,*cer_Vk-,sugarcane; sugar juice,FD_SS,FD_SS,,yes,FD_SS,Food & Drink — Sugar,0.481,FD_FR,Food & Drink — Fruit,0.432,FD_VE,Food & Drink — Vegetables,0.371
PDR244,*cet-,"dirt, rubbish",SP_DS,PW_MU,YES,yes,SP_DS,"Sense Perception — Dirty, Soiled",0.448,PW_MU,"Physical World — Mud, Mire",0.408,PW_DU,"Physical World — Dust, Powder",0.397
PDR245,*ciḷ-,"branch, bifurcation",AV_FO,AV_BN,YES,yes,AV_FO,Agriculture & Vegetation — Fork (tool),0.336,PW_TR,"Physical World — Tree, Oak",0.290,PW_RS,"Physical World — Brook, Stream, River",0.284
PDR246,*cilk-,to hang; to be entangled,PA_RC,SR_HK,YES,yes,PA_RC,"Physical Acts & Materials — Rope, Cord",0.351,CA_WE,Clothing & Adornment — to Weave,0.344,SR_RM,"Spatial Relations — to Stay, Wait, Remain",0.328
PDR247,*Cim-,"point, tip, summit",PW_MH,PW_MH,,yes,PW_MH,"Physical World — Hill, Mountain",0.449,SR_PO,Spatial Relations — Point,0.383,SR_TO,Spatial Relations — Top,0.352
PDR248,*cin-,gold,PA_GO,PA_GO,,yes,PA_GO,Physical Acts & Materials — Gold,0.528,CA_JW,"Clothing & Adornment — Gem, Jewel",0.416,PT_CO,Possession & Trade — Coin,0.394
PDR249,*ciṇ- (*č-),"to drop, drizzle",PW_RA,MO_DR,YES,yes,PW_RA,Physical World — Rain (n),0.507,MO_DR,Motion & Transportation — to Drop,0.464,PW_MI,"Physical World — Mist, Fog, Haze",0.375
PDR250,*cint- (??),evening,TI_EV,TI_EV,,yes,TI_EV,Time — Evening,0.754,TI_NG,Time — Night,0.574,TI_MG,Time — Morning,0.572
PDR251,*cir-,1 day 2 yesterday,TI_DA,TI_YD,YES,yes,TI_DA,Time — Day,0.476,TI_YD,Time — Yesterday,0.465,TI_MG,Time — Morning,0.340
PDR252,*cī-,to tear,PA_TE,PA_TE,,yes,PA_TE,Physical Acts & Materials — to Tear,0.606,EM_TR,Emotion — Tear (n),0.533,EM_CW,"Emotion — to Cry, Weep",0.451
PDR253,*cīkaṭ-,darkness,PW_DA,PW_DA,,yes,PW_DA,Physical World — Darkness,0.595,TI_NG,Time — Night,0.489,SP_DC,Sense Perception — Dark in Color,0.416
PDR254,*cīp-,leaf-cup,FD_CU,FD_CU,,yes,FD_CU,Food & Drink — Cup,0.498,FD_SP,Food & Drink — Spoon,0.437,FD_PJ,"Food & Drink — Jug, Pitcher",0.379
PDR255,*cīp-,to suck,FD_SU,FD_SU,,yes,FD_SU,"Food & Drink — to Suck, Suckle",0.515,BP_SP,Body Parts & Functions — to Spit,0.377,BP_LC,Body Parts & Functions — to Lick,0.339
PDR256,*cīp-,chicken,AN_CH,AN_CH,,,AN_CH,Animals — Chicken,0.744,AN_HC,"Animals — Hen, Chicken (generic)",0.657,AN_HN,Animals — Hen,0.599
PDR257,*Cīr-,to scratch,PA_RU,PA_NA,YES,yes,PA_RU,Physical Acts & Materials — to Rub,0.386,PA_CV,Physical Acts & Materials — to Carve,0.357,BP_NA,"Body Parts & Functions — Nail, Claw",0.315
PDR258,*cīr-nd-,to blow the nose,BP_NO,BP_NO,,yes,BP_NO,Body Parts & Functions — Nose,0.516,BP_FB,"Body Parts & Functions — to Fart, Break Wind",0.470,BP_SP,Body Parts & Functions — to Spit,0.463
PDR259,*cīr_-,to hiss,EM_GR,EM_GR,,yes,EM_GR,Emotion — to Groan,0.464,EM_RF,"Emotion — Rage, Fury",0.421,EM_AG,Emotion — Anger,0.387
PDR260,*Cod_-,to itch,SP_DS,BP_SN,YES,yes,SP_DS,"Sense Perception — Dirty, Soiled",0.328,BP_LC,Body Parts & Functions — to Lick,0.320,EM_DE,Emotion — to Desire,0.315
PDR261,*Coṇṭ-,"loins, hip",BP_BS,AN_AD,YES,yes,BP_BS,"Body Parts & Functions — Belly, Stomach",0.375,CA_LO,Clothing & Adornment — Loom,0.365,BP_LI,Body Parts & Functions — Lip,0.363
PDR262,*cop-,straw,FD_SP,FD_SP,,yes,FD_SP,Food & Drink — Spoon,0.431,FD_FO,Food & Drink — Fork,0.362,AV_HY,Agriculture & Vegetation — Hay,0.360
PDR263,*cor-,to flow,MO_FL,MO_FL,,yes,MO_FL,Motion & Transportation — to Flow,0.565,PW_RS,"Physical World — Brook, Stream, River",0.469,PA_SO,"Physical Acts & Materials — to Strew, Spread Out",0.394
PDR264,*cor- (*-u-),bottle gourd,FD_PJ,FD_WI,YES,yes,FD_PJ,"Food & Drink — Jug, Pitcher",0.500,FD_DI,Food & Drink — Dish,0.359,FD_GP,Food & Drink — Grape,0.353
PDR265,*cork- (*s-),"1 drunk, intoxicated 2 pride, ecstasy",EM_PD,EM_PD,,yes,EM_PD,Emotion — Proud,0.474,EM_JG,"Emotion — Glad, Joyful",0.443,EM_GL,"Emotion — Fame, Glory",0.431
PDR266,*coṭ-,lame,EM_UG,EM_SA,YES,yes,EM_UG,Emotion — Ugly,0.243,BP_WE,"Body Parts & Functions — Weak, Infirm",0.221,TI_SL,Time — Slow (adj),0.213
PDR267,*Coṭ-,"to drop, drop",MO_DR,MO_DR,,yes,MO_DR,Motion & Transportation — to Drop,0.595,PA_PO,Physical Acts & Materials — to Pour,0.347,MO_FA,Motion & Transportation — to Fall,0.346
PDR268,*cōg-,leaf of palm; peacock tail,AV_LE,AV_LE,,yes,AV_LE,Agriculture & Vegetation — Leaf,0.402,BP_TM,Body Parts & Functions — Thumb,0.333,BP_FE,Body Parts & Functions — Feather,0.322
PDR269,*cōṭ-,span,CA_SC,CA_LE,YES,yes,CA_SC,"Clothing & Adornment — Cobbler, Shoemaker",0.259,CA_SP,Clothing & Adornment — Spindle,0.257,CA_SE,Clothing & Adornment — to Sew,0.255
PDR270,*cub- (?),to suck,FD_SU,FD_SU,,yes,FD_SU,"Food & Drink — to Suck, Suckle",0.526,BP_SP,Body Parts & Functions — to Spit,0.381,BP_LC,Body Parts & Functions — to Lick,0.358
PDR271,*Cu[g]-,"shoulder, nape of the neck",BP_NK,BP_NK,,yes,BP_NK,Body Parts & Functions — Neck,0.579,BP_SD,Body Parts & Functions — Shoulder,0.536,BP_FO,Body Parts & Functions — Forehead,0.502
PDR272,*Cuk-,star,PW_ST,PW_ST,,yes,PW_ST,Physical World — Star,0.510,PW_SU,Physical World — Sun,0.304,LM_LA,Language & Music — Letter of the Alphabet,0.287
PDR273,*cump-,musk-rat,AN_MO,AN_MO,,yes,AN_MO,Animals — Mouse,0.400,AN_MU,Animals — Mule,0.361,AN_FX,Animals — Fox,0.359
PDR274,*cunc-,crest,CA_BH,TI_DW,YES,yes,CA_BH,Clothing & Adornment — Brush,0.366,CA_RA,Clothing & Adornment — Razor,0.365,CA_CB,Clothing & Adornment — Comb,0.362
PDR275,*cunḍ-,"mouse, rat",AN_MO,AN_MO,,yes,AN_MO,Animals — Mouse,0.756,AN_CT,Animals — Cat,0.490,AN_PI,Animals — Pig,0.477
PDR276,*Cunḍ-,to evaporate,PA_PO,BP_SW,YES,yes,PA_PO,Physical Acts & Materials — to Pour,0.418,PA_WA,Physical Acts & Materials — to Wash,0.389,PW_WA,Physical World — Water,0.378
PDR277,*Cunǯ-,to sleep,BP_SL,BP_SL,,yes,BP_SL,Body Parts & Functions — to Sleep; Sleep,0.522,BP_WA,Body Parts & Functions — to Wake,0.429,DF_DW,"Dwellings & Furniture — to Live, Dwell",0.330
PDR278,*cur-,soot,DF_CH,EM_SA,YES,yes,DF_CH,Dwellings & Furniture — Chimney,0.324,PW_BU,"Physical World — to Burn, Scorch",0.321,PW_SM,Physical World — Smoke (n),0.316
PDR279,*cur_-,a k. of bee,AN_BE,AN_BE,,yes,AN_BE,Animals — Bee,0.586,AN_IN,Animals — Insect,0.355,FD_HO,Food & Drink — Honey,0.325
PDR280,*cut_-,"to whirl, twine",CA_WE,CA_SN,YES,yes,CA_WE,Clothing & Adornment — to Weave,0.546,CA_SN,Clothing & Adornment — to Spin,0.533,MO_WW,"Motion & Transportation — to Wind, Wrap",0.504
PDR281,*cūl-,pregnant,BP_PR,BP_PR,,yes,BP_PR,Body Parts & Functions — Pregnant,0.393,BP_CC,Body Parts & Functions — to Conceive,0.340,MK_IN,Mankind — Infant,0.323
PDR282,*cūr-,eaves,DF_RF,EM_GL,YES,yes,DF_RF,Dwellings & Furniture — Roof,0.429,DF_YR,"Dwellings & Furniture — Yard, Court",0.358,DF_DG,"Dwellings & Furniture — Door, Gate",0.349
PDR283,*cūr- (*s-),a k. of jujube,AV_PN,LJ_PY,YES,yes,AV_PN,"Agriculture & Vegetation — Plant, Herb",0.316,AV_TR,Agriculture & Vegetation — Tree (generic),0.305,AV_VI,Agriculture & Vegetation — Vine,0.263
PDR284,*čaḍ-,"to beat, strike",PA_SH,PA_SH,,yes,PA_SH,"Physical Acts & Materials — to Hit, Strike, Beat",0.589,PA_HA,Physical Acts & Materials — Hammer (n),0.317,EM_RF,"Emotion — Rage, Fury",0.315
PDR285,*čaḍ-,"weak, flaccid; weary",BP_WE,EM_TC,YES,yes,BP_WE,"Body Parts & Functions — Weak, Infirm",0.330,SP_LL,"Sense Perception — Dull, Blunt",0.321,EM_TC,"Emotion — Timid, Cowardly",0.317
PDR286,*čadur-,"skilled, able, clever",MT_WI,MT_IR,YES,yes,MT_WI,Mind & Thought — Wise,0.387,SP_PS,"Sense Perception — to Sense, Perceive; Sense",0.386,CA_TA,"Clothing & Adornment — Tailor, Seamstress",0.354
PDR287,*čak-,jackfruit,FD_FR,AN_GS,YES,yes,FD_FR,Food & Drink — Fruit,0.497,FD_GP,Food & Drink — Grape,0.419,FD_AP,Food & Drink — Apple,0.412
PDR288,*čàl-,"well, spring",PW_SW,TI_SP,YES,yes,PW_SW,"Physical World — Spring, Well",0.529,TI_SP,Time — Spring,0.491,TI_AU,Time — Autumn,0.401
PDR289,*čaḷ-,cold morning,TI_MG,TI_MG,,yes,TI_MG,Time — Morning,0.531,TI_WI,Time — Winter,0.430,SP_CD,"Sense Perception — Cold, Frigid",0.413
PDR290,*čaŋ-,to jump; to climb,MO_JL,MO_JL,,yes,MO_JL,"Motion & Transportation — to Jump, Leap",0.666,MO_DA,Motion & Transportation — to Dance,0.401,MO_RL,"Motion & Transportation — to Lift, Raise",0.396
PDR291,*čap-,to clap hands,BP_HN,BP_HN,,yes,BP_HN,Body Parts & Functions — Hand,0.368,BP_TM,Body Parts & Functions — Thumb,0.341,MO_SH,Motion & Transportation — to Shake,0.340
PDR292,"*čap-, *čapaṭ-",flat,SR_FL,SR_FL,,yes,SR_FL,Spatial Relations — Flat,0.530,SR_HW,"Spatial Relations — Hollow, Concave",0.302,SP_LL,"Sense Perception — Dull, Blunt",0.291
PDR293,*čàraḍ-,"thread, cord",CA_TH,PA_RC,YES,yes,CA_TH,Clothing & Adornment — Thread,0.629,PA_RC,"Physical Acts & Materials — Rope, Cord",0.553,CA_WE,Clothing & Adornment — to Weave,0.531
PDR294,*čaṭ-,"rock, flat rock",PW_SR,PW_SR,,yes,PW_SR,"Physical World — Rock, Stone",0.509,SR_FL,Spatial Relations — Flat,0.424,PW_MH,"Physical World — Hill, Mountain",0.375
PDR295,*čaṭ-,frame,DF_WN,PW_WD,YES,yes,DF_WN,Dwellings & Furniture — Window,0.401,DF_WL,Dwellings & Furniture — Wall,0.380,DF_RO,Dwellings & Furniture — Room,0.380
PDR296,*čaṭ-,sudden; soon,TI_SI,TI_SI,,,TI_SI,"Time — Soon, Immediately",0.416,EM_SU,Emotion — Surprise,0.367,TI_NO,Time — Now,0.355
PDR297,*čaṭ-,to crackle (as fire); to slap,PA_TE,PA_SH,YES,yes,PA_TE,Physical Acts & Materials — to Tear,0.385,EM_GR,Emotion — to Groan,0.375,PA_RU,Physical Acts & Materials — to Rub,0.339
PDR298,*čaṭ-i,earthen pot,FD_PO,FD_PO,,yes,FD_PO,Food & Drink — Pot,0.428,FD_BO,Food & Drink — to Boil (trans,0.396,FD_KE,Food & Drink — Kettle,0.381
PDR299,*čāc-,breast (nursery word),BP_BW,BP_BW,,yes,BP_BW,Body Parts & Functions — Breast of Woman,0.544,FD_SU,"Food & Drink — to Suck, Suckle",0.392,BP_BM,Body Parts & Functions — to Bear (of Mother),0.392
PDR300,*čāj-,to incline; side,MO_RL,MO_TU,YES,yes,MO_RL,"Motion & Transportation — to Lift, Raise",0.496,MO_RI,Motion & Transportation — to Rise,0.495,MO_RW,Motion & Transportation — to Row,0.448
PDR301,*čāmb- (?),to wither; ashes,TI_CE,PW_AS,YES,yes,TI_CE,Time — to Cease,0.448,BP_DD,Body Parts & Functions — to Die; Dead; Death,0.340,TI_HH,"Time — to Hurry, Hasten",0.322
PDR302,*čāṇ-,chisel,PA_CS,PA_CS,,yes,PA_CS,Physical Acts & Materials — Chisel (n),0.586,PA_KF,Physical Acts & Materials — Knife (tool),0.435,PA_CV,Physical Acts & Materials — to Carve,0.432
PDR303,*čāp-,mat,DF_FL,PA_AX,YES,yes,DF_FL,Dwellings & Furniture — Floor,0.381,DF_TE,Dwellings & Furniture — Tent,0.365,DF_HU,Dwellings & Furniture — Hut,0.348
PDR304,*ček-,"to scrape, splinter, chip",PA_CV,PA_NA,YES,yes,PA_CV,Physical Acts & Materials — to Carve,0.493,PA_CU,Physical Acts & Materials — to Cut,0.484,PA_KF,Physical Acts & Materials — Knife (tool),0.429
PDR305,*čel-,"beauty, wealth, prosperity",PT_WR,PT_WR,,yes,PT_WR,"Possession & Trade — Wealth, Riches",0.490,CA_JW,"Clothing & Adornment — Gem, Jewel",0.402,EM_GL,"Emotion — Fame, Glory",0.396
PDR306,*čeṇ-,old,TI_OL,TI_OL,,yes,TI_OL,Time — Old,0.616,TI_AG,Time — Age,0.523,TI_YG,Time — Young,0.413
PDR307,*čenḍ-,ball,MO_TH,FD_PJ,YES,yes,MO_TH,Motion & Transportation — to Throw,0.326,BP_TS,Body Parts & Functions — Testicle,0.286,PW_MT,"Physical World — Match, Fire Stick",0.281
PDR308,*čep- (?),flesh,BP_FL,BP_FL,,,BP_FL,Body Parts & Functions — Flesh,0.663,PA_FS,"Physical Acts & Materials — to Flay, Skin",0.558,BP_SH,"Body Parts & Functions — Skin, Hide",0.482
PDR309,*čēmp-,breast milk; to be full of milk,FD_MS,FD_MS,,yes,FD_MS,Food & Drink — Milk,0.602,FD_MV,Food & Drink — to Milk,0.574,FD_SU,"Food & Drink — to Suck, Suckle",0.496
PDR310,*čic-,fire,PW_FI,PW_FI,,yes,PW_FI,Physical World — Fire (n),0.565,PW_FL,Physical World — Flame (n),0.470,PW_BU,"Physical World — to Burn, Scorch",0.464
PDR311,*čid-,to crush; to gore,PA_TE,EM_DE,YES,yes,PA_TE,Physical Acts & Materials — to Tear,0.376,PA_SH,"Physical Acts & Materials — to Hit, Strike, Beat",0.363,FD_GR,Food & Drink — to Grind,0.340
PDR312,*čiḍ-r-,squirrel,AN_MO,AN_BU,YES,yes,AN_MO,Animals — Mouse,0.491,FD_NT,Food & Drink — Nut,0.446,AN_MK,Animals — Monkey,0.440
PDR313,*čik-,small,QN_LF,QN_LF,,yes,QN_LF,"Quantity & Number — Few, Little",0.309,SR_SM,"Spatial Relations — Small, Little",0.291,TI_YG,Time — Young,0.252
PDR314,*čil-,"1 river, brook 2 to sprinkle",PW_RS,PW_RS,,yes,PW_RS,"Physical World — Brook, Stream, River",0.565,PW_LA,"Physical World — Lake, Pond",0.390,PW_RA,Physical World — Rain (n),0.375
PDR315,*čilar_-,"trifle; small, minor",CA_HF,QN_LF,YES,yes,CA_HF,Clothing & Adornment — Handkerchief,0.312,QN_TF,Quantity & Number — a Third (fraction),0.290,FD_DI,Food & Drink — Dish,0.280
PDR316,*čim-,cricket,AN_IN,AN_BI,YES,yes,AN_IN,Animals — Insect,0.379,AN_BE,Animals — Bee,0.335,AN_BI,Animals — Bird,0.309
PDR317,*čin-,small,QN_LF,QN_LF,,yes,QN_LF,"Quantity & Number — Few, Little",0.353,SR_SM,"Spatial Relations — Small, Little",0.307,TI_YG,Time — Young,0.257
PDR318,*čir_Vt-,"leopard, panther",AN_LN,AN_LN,,yes,AN_LN,Animals — Lion,0.606,AN_CT,Animals — Cat,0.537,AN_AN,Animals — Animal,0.459
PDR319,*čiṭ-,"to snap, crack",PA_TE,FD_GR,YES,yes,PA_TE,Physical Acts & Materials — to Tear,0.452,PA_BK,Physical Acts & Materials — to Break,0.437,PA_SR,Physical Acts & Materials — to Stretch,0.357
PDR320,*čiṭ-,small,QN_LF,QN_LF,,yes,QN_LF,"Quantity & Number — Few, Little",0.356,SR_SM,"Spatial Relations — Small, Little",0.323,SR_ND,Spatial Relations — Thin (in Dimension),0.241
PDR321,*čīm-a,ant,AN_IN,AN_EL,YES,yes,AN_IN,Animals — Insect,0.436,AN_BE,Animals — Bee,0.406,AN_AN,Animals — Animal,0.367
PDR322,*čī(v)-,"to cut, scrape; strip of wood",PA_CU,PA_CU,,yes,PA_CU,Physical Acts & Materials — to Cut,0.558,PA_CV,Physical Acts & Materials — to Carve,0.480,PA_SS,"Physical Acts & Materials — Shears, Scissors",0.472
PDR323,*čonḍ-,"lip, mouth",BP_LI,BP_LI,,yes,BP_LI,Body Parts & Functions — Lip,0.674,BP_MO,Body Parts & Functions — Mouth,0.614,BP_TG,Body Parts & Functions — Tongue,0.592
PDR324,*čōl-,"garden, grove",AV_GA,AV_GA,,yes,AV_GA,"Agriculture & Vegetation — Garden, Orchard",0.441,DF_YR,"Dwellings & Furniture — Yard, Court",0.311,AV_PN,"Agriculture & Vegetation — Plant, Herb",0.308
PDR325,*čur_uk-,"haste, zeal",TI_HH,TI_HH,,yes,TI_HH,"Time — to Hurry, Hasten",0.555,TI_SW,"Time — Fast, Swift, Quick",0.446,EM_PA,Emotion — Passion,0.425
PDR326,*čuẓ-,"to turn, twist",MO_TA,MO_TU,YES,yes,MO_TA,Motion & Transportation — to Turn Around,0.556,MO_TU,Motion & Transportation — to Turn,0.518,CA_SN,Clothing & Adornment — to Spin,0.456
PDR327,*čūẓ-,to see,SP_LO,SP_SE,YES,yes,SP_LO,Sense Perception — to Look,0.504,SP_SE,Sense Perception — to See,0.483,SP_LI,"Sense Perception — to Listen, Harken",0.400
PDR328,*dag-,"to glitter, shine (mostly of fire)",CA_JW,CA_DY,YES,yes,CA_JW,"Clothing & Adornment — Gem, Jewel",0.477,SP_SH,"Sense Perception — to Shine, Glisten",0.475,PW_FL,Physical World — Flame (n),0.411
PDR329,*dak-,"to possess, appropriate",PT_OP,PT_OP,,yes,PT_OP,"Possession & Trade — to Own, Possess",0.668,PT_HA,Possession & Trade — to Have,0.644,PT_HO,Possession & Trade — to Hold,0.641
PDR330,*[d]al-,"to strike, beat; cut off",PA_SH,PA_SH,,yes,PA_SH,"Physical Acts & Materials — to Hit, Strike, Beat",0.611,LM_TH,Language & Music — to Threaten,0.337,EM_RF,"Emotion — Rage, Fury",0.336
PDR331,*danḍ-,upper arm,BP_EL,BP_AR,YES,yes,BP_EL,Body Parts & Functions — Elbow,0.602,BP_AR,Body Parts & Functions — Arm,0.591,BP_SD,Body Parts & Functions — Shoulder,0.544
PDR332,*danṭ-,"stalk, stem",AV_FO,AV_SS,YES,yes,AV_FO,Agriculture & Vegetation — Fork (tool),0.463,AV_PN,"Agriculture & Vegetation — Plant, Herb",0.428,AV_PL,Agriculture & Vegetation — to Plow; Plow,0.427
PDR333,*dap-,"thick, stout",SR_TS,FD_BB,YES,yes,SR_TS,Spatial Relations — Thick (in Density),0.402,SR_TD,Spatial Relations — Thick (in Dimension),0.356,SR_NS,Spatial Relations — Thin (in Density),0.347
PDR334,*dar- (?),ashes,PW_AS,PW_AS,,yes,PW_AS,Physical World — Ash(es),0.477,BP_ED,"Body Parts & Functions — to Void Excrement; Dung, Excrement",0.354,BP_GR,"Body Parts & Functions — Grave, Tomb",0.352
PDR335,*daṭ-,big,SR_XL,SR_SZ,YES,yes,SR_XL,"Spatial Relations — Big, Large, Great",0.457,SR_SZ,Spatial Relations — Size (n),0.287,EM_PD,Emotion — Proud,0.262
PDR336,*daẓ-,"to sprout, grow, thrive, prosper",AV_SS,AV_SS,,yes,AV_SS,Agriculture & Vegetation — to Sow; Seed,0.505,AV_VI,Agriculture & Vegetation — Vine,0.434,AV_RO,Agriculture & Vegetation — Root,0.433
PDR337,*dānṭ-,1 to jump 2 to cross,MO_JL,MO_JL,,yes,MO_JL,"Motion & Transportation — to Jump, Leap",0.628,MO_DA,Motion & Transportation — to Dance,0.449,MO_RW,Motion & Transportation — to Row,0.431
PDR338,*dār-i,"way, road",MO_RA,MO_RA,,yes,MO_RA,Motion & Transportation — Road,0.482,MO_PA,Motion & Transportation — Path,0.446,MO_ST,Motion & Transportation — Street,0.417
PDR339,*ḍek- (*V̀ḍek-),hoof,AN_FC,AV_HO,YES,,AN_FC,"Animals — Foal, Colt",0.462,BP_TE,Body Parts & Functions — Toe,0.439,AN_SN,Animals — Stallion,0.434
PDR340,*ḍēr-,to belch; a belch,BP_FB,RB_GP,YES,yes,BP_FB,"Body Parts & Functions — to Fart, Break Wind",0.386,BP_VO,Body Parts & Functions — to Vomit,0.374,FD_SU,"Food & Drink — to Suck, Suckle",0.360
PDR341,*dim-,flat ground; island,SR_FL,PW_IS,YES,yes,SR_FL,Spatial Relations — Flat,0.494,PW_GS,"Physical World — Ground, Soil",0.434,PW_MH,"Physical World — Hill, Mountain",0.417
PDR342,*ḍip- (?),hill,PW_MH,PW_MH,,yes,PW_MH,"Physical World — Hill, Mountain",0.481,AV_OK,Agriculture & Vegetation — Oak,0.301,AV_PL,Agriculture & Vegetation — to Plow; Plow,0.291
PDR343,*djol-,saliva,BP_SP,BP_SP,,yes,BP_SP,Body Parts & Functions — to Spit,0.533,FD_SU,"Food & Drink — to Suck, Suckle",0.488,BP_MO,Body Parts & Functions — Mouth,0.479
PDR344,*doḍ-,"big, stout",FD_BB,FD_BB,,yes,FD_BB,Food & Drink — Beer,0.328,SR_XL,"Spatial Relations — Big, Large, Great",0.326,FD_SB,"Food & Drink — Soup, Broth",0.303
PDR345,*doḍ-i,"backyard, stable",DF_YR,DF_YR,,yes,DF_YR,"Dwellings & Furniture — Yard, Court",0.508,AN_PS,Animals — Pasture,0.499,AV_BA,Agriculture & Vegetation — Barn,0.422
PDR346,*ḍok-,lizard,AN_SK,AN_SK,,yes,AN_SK,Animals — Snake,0.408,AN_WR,Animals — Worm,0.335,AN_AN,Animals — Animal,0.334
PDR347,*ḍok- (*V̀ḍok-),breastbone; chest; belly,BP_BN,BP_BS,YES,yes,BP_BN,Body Parts & Functions — Bone,0.527,BP_FC,Body Parts & Functions — Front of Chest,0.524,BP_BW,Body Parts & Functions — Breast of Woman,0.517
PDR348,*ḍol-,"to lie down, sleep",BP_SL,BP_SL,,yes,BP_SL,Body Parts & Functions — to Sleep; Sleep,0.517,BP_WA,Body Parts & Functions — to Wake,0.429,SR_LI,"Spatial Relations — to Lie, Recline",0.421
PDR349,*ḍoŋ-,thief; to steal,PT_TH,PT_TH,,yes,PT_TH,Possession & Trade — Thief,0.576,PT_RR,Possession & Trade — to Rob; Robber,0.542,PT_ST,Possession & Trade — to Steal,0.487
PDR350,*ḍop-,a k. of basket,PA_BA,PA_BA,,yes,PA_BA,Physical Acts & Materials — Basket,0.409,FD_PJ,"Food & Drink — Jug, Pitcher",0.358,FD_CU,Food & Drink — Cup,0.352
PDR351,*dorb-,lungs,BP_CO,BP_CO,,yes,BP_CO,Body Parts & Functions — to Cough,0.432,BP_BB,Body Parts & Functions — to Breathe; Breath,0.431,BP_FB,"Body Parts & Functions — to Fart, Break Wind",0.366
PDR352,*dor_-,"to get, find; to be near; to resemble",PT_GO,SR_NE,YES,yes,PT_GO,"Possession & Trade — to Get, Obtain",0.492,PT_SE,Possession & Trade — to Seek,0.464,PT_FI,Possession & Trade — to Find,0.413
PDR353,*dos-,"grief, calamity; weariness",EM_MF,EM_GS,YES,yes,EM_MF,Emotion — Misfortune,0.541,EM_GS,"Emotion — Grief, Sorrow",0.515,EM_CW,"Emotion — to Cry, Weep",0.452
PDR354,*dōc-ai,a k. of cake,FD_CA,FD_CA,,yes,FD_CA,Food & Drink — Cake,0.545,FD_DI,Food & Drink — Dish,0.387,FD_MF,"Food & Drink — Meal, Flour",0.386
PDR355,*ḍōk-,eggshell,BP_EG,BP_EG,,yes,BP_EG,Body Parts & Functions — Egg,0.420,AN_HC,"Animals — Hen, Chicken (generic)",0.331,AN_HN,Animals — Hen,0.329
PDR356,*ḍōm-,mosquito,AN_IN,AN_IN,,yes,AN_IN,Animals — Insect,0.562,AN_WR,Animals — Worm,0.438,AN_FL,Animals — Fly (n),0.435
PDR357,*dōnṭ-,"hook, pole with hook",PA_NA,PA_RC,YES,yes,PA_NA,"Physical Acts & Materials — Nail, Peg",0.348,WH_SP,Warfare & Hunting — Spear,0.338,WH_SW,Warfare & Hunting — Sword,0.337
PDR358,*ḍōŋk- (?),hole; to dig holes,SR_HL,SR_HL,,yes,SR_HL,Spatial Relations — Hole,0.550,AV_DI,"Agriculture & Vegetation — to Dig, Delve",0.327,SR_HW,"Spatial Relations — Hollow, Concave",0.300
PDR359,*duḍ-,"to quiver, throb; to precipitate",EM_GR,WH_BW,YES,yes,EM_GR,Emotion — to Groan,0.418,PA_SO,"Physical Acts & Materials — to Strew, Spread Out",0.416,EM_RF,"Emotion — Rage, Fury",0.383
PDR360,*duḍ-,"club, stick",WH_CL,WH_CL,,yes,WH_CL,Warfare & Hunting — Club,0.330,PW_MT,"Physical World — Match, Fire Stick",0.329,WH_SP,Warfare & Hunting — Spear,0.309
PDR361,*dugVl-,cloth,CA_CL,CA_CL,,yes,CA_CL,Clothing & Adornment — Cloth,0.719,CA_CD,"Clothing & Adornment — to Clothe, Dress",0.611,CA_SI,Clothing & Adornment — Silk,0.598
PDR362,*duk-,obsequies; graveyard,BP_BD,BP_GR,YES,yes,BP_BD,Body Parts & Functions — to Bury the Dead,0.360,BP_GR,"Body Parts & Functions — Grave, Tomb",0.356,BP_DD,Body Parts & Functions — to Die; Dead; Death,0.310
PDR363,*dum-,dust,PW_DU,PW_DU,,yes,PW_DU,"Physical World — Dust, Powder",0.675,PW_SA,"Physical World — Sand, Grit",0.459,PW_MU,"Physical World — Mud, Mire",0.411
PDR364,*dum-,to jump; to climb,MO_JL,MO_JL,,yes,MO_JL,"Motion & Transportation — to Jump, Leap",0.636,MO_RL,"Motion & Transportation — to Lift, Raise",0.407,MO_DR,Motion & Transportation — to Drop,0.383
PDR365,*ḍum- (?),bone,BP_BN,BP_BN,,yes,BP_BN,Body Parts & Functions — Bone,0.669,BP_RI,Body Parts & Functions — Rib,0.453,BP_JW,Body Parts & Functions — Jaw,0.445
PDR366,*dunḍ-,bud,AV_PN,EM_GD,YES,yes,AV_PN,"Agriculture & Vegetation — Plant, Herb",0.272,FD_CB,Food & Drink — Cabbage,0.241,AN_BR,Animals — Bear,0.239
PDR367,*dup-,bush; bird's nest,AN_BI,AN_BI,,yes,AN_BI,Animals — Bird,0.287,AV_PL,Agriculture & Vegetation — to Plow; Plow,0.286,AN_BE,Animals — Bee,0.281
PDR368,*dūd_-,to mention a name,LJ_AC,LM_CN,YES,yes,LJ_AC,Law & Judgment — to Accuse,0.337,LM_CN,"Language & Music — to Call, Name",0.335,MT_KN,Mind & Thought — to Know,0.266
PDR369,*dūl-,itch,SP_DS,BP_BI,YES,yes,SP_DS,"Sense Perception — Dirty, Soiled",0.280,CA_OI,Clothing & Adornment — Ointment,0.278,BP_LC,Body Parts & Functions — to Lick,0.266
PDR370,*dūnṭ-,"to thrust; to shoot, throw",MO_PS,MO_TH,YES,yes,MO_PS,"Motion & Transportation — to Push, Shove",0.577,MO_RL,"Motion & Transportation — to Lift, Raise",0.462,MO_BG,Motion & Transportation — to Bring,0.446
PDR371,*èd-,chest,BP_FC,BP_FC,,yes,BP_FC,Body Parts & Functions — Front of Chest,0.568,BP_NV,Body Parts & Functions — Navel,0.435,BP_HR,Body Parts & Functions — Heart,0.400
PDR372,*èḍ-,left,EM_RI,SR_LF,YES,yes,EM_RI,Emotion — Right (adj),0.407,SR_LF,Spatial Relations — Left (vs,0.387,SR_RI,Spatial Relations — Right (vs,0.305
PDR373,*eḍ-,"to be distant, separated",SR_LE,SR_SE,YES,yes,SR_LE,"Spatial Relations — to Leave, Relinquish",0.416,MO_GA,"Motion & Transportation — to Depart, Go Away",0.411,SR_SE,Spatial Relations — to Separate,0.383
PDR374,*ed- (?),good,EM_GD,EM_GD,,yes,EM_GD,Emotion — Good,0.364,EM_BD,Emotion — Bad,0.275,EM_PD,Emotion — Proud,0.261
PDR375,*eḍḍ-,"fool, stupid",MT_FS,MT_FS,,yes,MT_FS,"Mind & Thought — Stupid, Foolish",0.357,MK_HB,Mankind — Human Being,0.280,EM_BR,"Emotion — Brave, Courageous",0.276
PDR376,*èdir-,1 opposite 2 enemy,WH_EN,WH_EN,,yes,WH_EN,Warfare & Hunting — Enemy (in War),0.451,WH_AB,Warfare & Hunting — Ambush (n),0.319,WH_AT,Warfare & Hunting — Attack (n),0.311
PDR377,*ed_-,to shoot; to throw,WH_AW,MO_TH,YES,yes,WH_AW,Warfare & Hunting — Arrow,0.498,AN_HU,Animals — to Hunt,0.464,WH_GC,"Warfare & Hunting — Gun, Cannon",0.459
PDR378,*ed_-,"to go beyond, transgress",MO_AR,MO_PU,YES,yes,MO_AR,"Motion & Transportation — to Reach, Arrive",0.395,MO_OV,Motion & Transportation — to Overtake,0.386,TI_CE,Time — to Cease,0.384
PDR379,*ed_- (*-r_-),"lord, master, king",SO_NN,SO_KK,YES,yes,SO_NN,Social Relations — Other Titles of Nobility,0.441,SO_EM,Social Relations — Emperor,0.396,SO_KK,Social Relations — King,0.383
PDR380,*ed_e-,to descend,MO_FA,MO_FA,,yes,MO_FA,Motion & Transportation — to Fall,0.463,MO_DR,Motion & Transportation — to Drop,0.446,MO_SI,Motion & Transportation — to Sink,0.425
PDR381,*eg- (*n-),to jump; fly,MO_JL,MO_JL,,yes,MO_JL,"Motion & Transportation — to Jump, Leap",0.659,MO_RL,"Motion & Transportation — to Lift, Raise",0.448,MO_RI,Motion & Transportation — to Rise,0.434
PDR382,*eɣir_-,gums,BP_MO,BP_TO,YES,yes,BP_MO,Body Parts & Functions — Mouth,0.438,BP_TO,Body Parts & Functions — Tooth,0.437,BP_LI,Body Parts & Functions — Lip,0.407
PDR383,*ej-,to arrive,MO_AR,MO_AR,,yes,MO_AR,"Motion & Transportation — to Reach, Arrive",0.574,MO_AP,Motion & Transportation — to Approach,0.448,MO_BG,Motion & Transportation — to Bring,0.441
PDR384,*ek-,to climb,MO_RI,MO_RL,YES,yes,MO_RI,Motion & Transportation — to Rise,0.486,MO_RL,"Motion & Transportation — to Lift, Raise",0.423,MO_JL,"Motion & Transportation — to Jump, Leap",0.408
PDR385,*ek-k-,"1 to pluck, pick 2 to scratch",PA_CU,PA_SS,YES,yes,PA_CU,Physical Acts & Materials — to Cut,0.365,PA_SS,"Physical Acts & Materials — Shears, Scissors",0.347,PA_CV,Physical Acts & Materials — to Carve,0.347
PDR386,*el-,all; both,QN_EA,TI_AL,YES,yes,QN_EA,"Quantity & Number — All, Every",0.407,QN_WH,Quantity & Number — Whole,0.269,TI_NG,Time — Night,0.256
PDR387,*èl-,rat,AN_MO,AN_MO,,yes,AN_MO,Animals — Mouse,0.521,AN_PI,Animals — Pig,0.406,AN_CT,Animals — Cat,0.394
PDR388,*el-,light,PW_LG,PW_LG,,yes,PW_LG,Physical World — Light,0.532,SP_BR,Sense Perception — Bright,0.484,SP_LW,"Sense Perception — Light, Nimble",0.471
PDR389,*el- (?),to go down (of sun),PW_SU,PW_SU,,yes,PW_SU,Physical World — Sun,0.441,MO_RI,Motion & Transportation — to Rise,0.395,MO_SI,Motion & Transportation — to Sink,0.377
PDR390,*el-ai,"limit, boundary",TI_CE,SR_NE,YES,yes,TI_CE,Time — to Cease,0.263,MO_AR,"Motion & Transportation — to Reach, Arrive",0.249,PW_RS,"Physical World — Brook, Stream, River",0.242
PDR391,*eḷ-i-,"small, contemptible; to disparage",EM_TC,EM_DC,YES,yes,EM_TC,"Emotion — Timid, Cowardly",0.325,QN_LF,"Quantity & Number — Few, Little",0.321,EM_HT,Emotion — Hate (n),0.315
PDR392,*eliŋ-,voice,LM_VO,LM_VO,,yes,LM_VO,Language & Music — Voice (n),0.546,SP_HE,Sense Perception — to Hear,0.466,EM_PA,Emotion — Passion,0.439
PDR393,*el-[mb-],bone,BP_BN,BP_BN,,yes,BP_BN,Body Parts & Functions — Bone,0.616,BP_RI,Body Parts & Functions — Rib,0.417,BP_JW,Body Parts & Functions — Jaw,0.409
PDR394,*elub-,white ant,AN_IN,AN_IN,,yes,AN_IN,Animals — Insect,0.408,AN_BE,Animals — Bee,0.365,SP_WH,Sense Perception — White,0.335
PDR395,*elv-,"wave, flood",PW_WV,PW_WV,,yes,PW_WV,"Physical World — Wave, Surge",0.622,PW_SE,Physical World — Sea,0.467,PW_WA,Physical World — Water,0.435
PDR396,*eṇ-,to count,QN_EN,QN_EN,,yes,QN_EN,Quantity & Number — Enough,0.496,QN_CW,Quantity & Number — Other Collective Words,0.490,QN_AO,"Quantity & Number — Alone, Only",0.478
PDR397,*eṇ- (-nṭ-),eight,QN_TH,TI_AG,YES,yes,QN_TH,Quantity & Number — Three,0.345,QN_ON,Quantity & Number — One,0.321,QN_CW,Quantity & Number — Other Collective Words,0.317
PDR398,*end_-,"sunshine, heat of sun",PW_SU,PW_SU,,yes,PW_SU,Physical World — Sun,0.514,TI_SM,Time — Summer,0.514,SP_HW,"Sense Perception — Hot, Warm",0.426
PDR399,*eŋ-[c-],to be left over (of food),FD_AM,FD_AM,,yes,FD_AM,Food & Drink — a Meal,0.440,FD_CO,Food & Drink — to Cook,0.435,FD_PL,Food & Drink — Plate,0.434
PDR400,*er-,"to cut down (grass, bushes, etc.)",AV_MR,AV_SH,YES,yes,AV_MR,"Agriculture & Vegetation — to Mow, Reap",0.532,AV_SI,"Agriculture & Vegetation — Scythe, Sickle",0.504,AV_SH,Agriculture & Vegetation — Shovel (n),0.494
PDR401,*er-,dark-brown colour; blood,SP_DC,SP_DC,,yes,SP_DC,Sense Perception — Dark in Color,0.515,SP_CO,Sense Perception — Color,0.402,SP_YL,Sense Perception — Yellow,0.367
PDR402,*erāg-i,a k. of plant,AV_PN,AV_LE,YES,yes,AV_PN,"Agriculture & Vegetation — Plant, Herb",0.461,AV_FL,Agriculture & Vegetation — Flower,0.368,AV_RO,Agriculture & Vegetation — Root,0.360
PDR403,*erd-,bullock,AN_BU,AN_CO,YES,yes,AN_BU,Animals — Bull,0.438,AN_OX,"Animals — Ox, Steer",0.381,AN_SN,Animals — Stallion,0.359
PDR404,*er-i-,"to light, burn",PW_BU,PW_BU,,yes,PW_BU,"Physical World — to Burn, Scorch",0.614,PW_FL,Physical World — Flame (n),0.542,PW_FI,Physical World — Fire (n),0.531
PDR405,*erm-,female buffalo,AN_FE,AN_FE,,yes,AN_FE,Animals — Female Animal,0.510,AN_MA,Animals — Male Animal,0.379,AN_MR,Animals — Mare,0.361
PDR406,*er-Vc-,wild dog,AN_DO,AN_DO,,yes,AN_DO,Animals — Dog,0.495,AN_WO,Animals — Wolf,0.480,AN_PU,Animals — Puppy,0.462
PDR407,*er-Vk-,to defecate,BP_ED,BP_ED,,yes,BP_ED,"Body Parts & Functions — to Void Excrement; Dung, Excrement",0.521,BP_UU,Body Parts & Functions — to Urinate; Urine,0.419,BP_FB,"Body Parts & Functions — to Fart, Break Wind",0.354
PDR408,*er_-,red,SP_RD,SP_RD,,yes,SP_RD,Sense Perception — Red,0.493,SP_CO,Sense Perception — Color,0.368,SP_YL,Sense Perception — Yellow,0.358
PDR409,*er_-,worm,AN_WR,AN_WR,,yes,AN_WR,Animals — Worm,0.628,AN_IN,Animals — Insect,0.308,AN_FM,Animals — Fisherman,0.276
PDR410,*er_- (*-d_-),eaves,DF_RF,EM_GL,YES,yes,DF_RF,Dwellings & Furniture — Roof,0.492,DF_YR,"Dwellings & Furniture — Yard, Court",0.412,DF_CH,Dwellings & Furniture — Chimney,0.400
PDR411,*[e]r_ek-,"wing, feather",BP_FE,BP_FE,,yes,BP_FE,Body Parts & Functions — Feather,0.573,BP_WI,Body Parts & Functions — Wing,0.535,AN_BI,Animals — Bird,0.469
PDR412,*[e]r_ep-,eyelid,BP_EB,BP_EY,YES,yes,BP_EB,Body Parts & Functions — Eyebrow,0.477,BP_EY,Body Parts & Functions — Eye,0.436,BP_FO,Body Parts & Functions — Forehead,0.370
PDR413,*er_umb-,ant,AN_IN,AN_EL,YES,yes,AN_IN,Animals — Insect,0.412,AN_BE,Animals — Bee,0.388,AN_AN,Animals — Animal,0.358
PDR414,*es-,to shine,SP_SH,EM_GL,YES,yes,SP_SH,"Sense Perception — to Shine, Glisten",0.547,EM_GL,"Emotion — Fame, Glory",0.430,SP_BR,Sense Perception — Bright,0.365
PDR415,*esar-,water for boiling,FD_BO,FD_BO,,yes,FD_BO,Food & Drink — to Boil (trans,0.658,FD_KE,Food & Drink — Kettle,0.581,FD_CO,Food & Drink — to Cook,0.503
PDR416,*et-,to lift; to carry (child),MO_RL,MO_RL,,yes,MO_RL,"Motion & Transportation — to Lift, Raise",0.605,MO_RI,Motion & Transportation — to Rise,0.400,MO_CA,"Motion & Transportation — to Bear, Carry",0.395
PDR417,*evVg- (?),leaf,AV_LE,AV_LE,,yes,AV_LE,Agriculture & Vegetation — Leaf,0.492,AV_AC,Agriculture & Vegetation — Acorn,0.382,AV_TR,Agriculture & Vegetation — Tree (generic),0.377
PDR418,*eẓ- (?),beautiful,EM_BF,EM_BF,,yes,EM_BF,Emotion — Beautiful,0.382,EM_PD,Emotion — Proud,0.256,EM_BR,"Emotion — Brave, Courageous",0.253
PDR419,*eǯ-,number,QN_NU,QN_NU,,yes,QN_NU,Quantity & Number — Number,0.601,QN_NN,Quantity & Number — Numerals,0.597,QN_ON,Quantity & Number — One,0.593
PDR420,*ēd_-,"to separate, sift",SR_SE,SR_SE,,yes,SR_SE,Spatial Relations — to Separate,0.392,PA_SP,Physical Acts & Materials — to Split,0.381,PA_SW,Physical Acts & Materials — to Sweep,0.352
PDR421,*ēg-,to walk,MO_WA,MO_WA,,yes,MO_WA,Motion & Transportation — to Walk,0.649,MO_RU,Motion & Transportation — to Run,0.463,MO_MO,Motion & Transportation — to Move,0.445
PDR422,*ēk-,to cool down,BP_SW,BP_SW,,yes,BP_SW,"Body Parts & Functions — Sweat, Perspiration",0.321,EM_PL,Emotion — to Please,0.291,BP_SL,Body Parts & Functions — to Sleep; Sleep,0.271
PDR423,*ēḷ-,"to sing, song",LM_SG,LM_SG,,yes,LM_SG,Language & Music — to Sing,0.637,LM_ST,"Language & Music — to Speak, Talk",0.497,LM_CS,"Language & Music — to Call, Summon",0.489
PDR424,*ēl-,cardamom,FD_PP,MK_MW,YES,yes,FD_PP,Food & Drink — Pepper,0.335,FD_PE,Food & Drink — Pea,0.334,AV_PN,"Agriculture & Vegetation — Plant, Herb",0.315
PDR425,*ēḷ-,wisdom,MT_WI,MT_IR,YES,yes,MT_WI,Mind & Thought — Wise,0.565,MT_IR,"Mind & Thought — Reason, Intelligence",0.450,MT_FS,"Mind & Thought — Stupid, Foolish",0.420
PDR426,*ēl_-,1 to receive 2 to bestow,PT_GI,QN_ON,YES,yes,PT_GI,Possession & Trade — to Give,0.460,PT_GO,"Possession & Trade — to Get, Obtain",0.419,PT_LD,Possession & Trade — to Lend,0.414
PDR427,*ēmar_- (*-d_-),perplexed; deceived,EM_WA,EM_DC,YES,yes,EM_WA,"Emotion — Wonder, Astonishment",0.450,EM_SU,Emotion — Surprise,0.395,EM_DC,Emotion — Deceit,0.360
PDR428,*ēṇ-,"boundary, edge",SR_ED,SR_ED,,yes,SR_ED,Spatial Relations — Edge,0.460,PW_SH,"Physical World — Shore, Beach",0.382,PW_RS,"Physical World — Brook, Stream, River",0.307
PDR429,*ēnd-,to dance,MO_DA,MO_DA,,yes,MO_DA,Motion & Transportation — to Dance,0.630,MO_JL,"Motion & Transportation — to Jump, Leap",0.431,LM_ST,"Language & Music — to Speak, Talk",0.370
PDR430,*ēŋ-,"1 to long for, desire 2 to grieve",EM_DE,EM_GS,YES,yes,EM_DE,Emotion — to Desire,0.548,EM_WW,"Emotion — to Will, Wish",0.492,EM_GS,"Emotion — Grief, Sorrow",0.484
PDR431,*ēr- (?),to see,SP_LO,SP_SE,YES,yes,SP_LO,Sense Perception — to Look,0.516,SP_SE,Sense Perception — to See,0.474,SP_SW,Sense Perception — to Show,0.401
PDR432,*ēr_- (*-d_-),to rise; steep,MO_RI,MO_RL,YES,yes,MO_RI,Motion & Transportation — to Rise,0.602,MO_RL,"Motion & Transportation — to Lift, Raise",0.499,PW_MH,"Physical World — Hill, Mountain",0.326
PDR433,*ēr_- (*-d_-),male,AN_MA,MK_MS,YES,yes,AN_MA,Animals — Male Animal,0.547,MK_MS,Mankind — Male,0.515,MK_FS,Mankind — Female,0.446
PDR434,*ēv-,to command,SO_CR,SO_CR,,yes,SO_CR,"Social Relations — to Order, Command",0.372,SO_OB,Social Relations — to Obey,0.310,EM_LO,Emotion — to Love; Love,0.301
PDR435,*gad-,to cry; to scold,EM_CW,EM_CW,,yes,EM_CW,"Emotion — to Cry, Weep",0.624,EM_GR,Emotion — to Groan,0.555,EM_TR,Emotion — Tear (n),0.492
PDR436,*gaḍ-,grass,AV_GR,AV_GR,,yes,AV_GR,Agriculture & Vegetation — Grass,0.666,AV_PN,"Agriculture & Vegetation — Plant, Herb",0.526,AV_PL,Agriculture & Vegetation — to Plow; Plow,0.525
PDR437,*gàḍ-,"period, term",TI_TI,TI_TI,,yes,TI_TI,Time — Time (period),0.572,TI_CE,Time — to Cease,0.417,TI_LS,Time — to Last,0.382
PDR438,*gaḍam-,beard; chin,BP_BE,BP_BE,,yes,BP_BE,Body Parts & Functions — Beard,0.634,BP_CN,Body Parts & Functions — Chin,0.453,BP_HA,Body Parts & Functions — Hair,0.418
PDR439,*gamp-,basket,PA_BA,PA_BA,,yes,PA_BA,Physical Acts & Materials — Basket,0.390,MO_CW,"Motion & Transportation — Cart, Wagon, Carriage",0.350,MO_CA,"Motion & Transportation — to Bear, Carry",0.346
PDR440,*gaṇ-,joint,BP_KN,BP_EL,YES,yes,BP_KN,Body Parts & Functions — Knee,0.320,BP_EL,Body Parts & Functions — Elbow,0.283,CA_NE,Clothing & Adornment — Needle,0.280
PDR441,*ganḍ-,male,MK_MS,MK_MS,,yes,MK_MS,Mankind — Male,0.518,AN_MA,Animals — Male Animal,0.506,MK_FS,Mankind — Female,0.448
PDR442,*ganS-,"to bind, yoke",MO_YO,MO_YO,,yes,MO_YO,Motion & Transportation — Yoke,0.497,PA_BI,Physical Acts & Materials — to Bind,0.482,PA_RC,"Physical Acts & Materials — Rope, Cord",0.367
PDR443,*gant- (*-e-?),to jump,MO_JL,MO_JL,,yes,MO_JL,"Motion & Transportation — to Jump, Leap",0.638,MO_DA,Motion & Transportation — to Dance,0.390,MO_RL,"Motion & Transportation — to Lift, Raise",0.382
PDR444,*ganṭ-/*geṇ-,joint; ankle,BP_KN,BP_TE,YES,yes,BP_KN,Body Parts & Functions — Knee,0.355,BP_EL,Body Parts & Functions — Elbow,0.315,BP_TE,Body Parts & Functions — Toe,0.302
PDR445,*gaR-,to spread,PA_SO,PT_LO,YES,yes,PA_SO,"Physical Acts & Materials — to Strew, Spread Out",0.427,PA_SR,Physical Acts & Materials — to Stretch,0.327,SR_GW,Spatial Relations — to Grow,0.304
PDR446,*gar_-,long feather,BP_FE,BP_FE,,yes,BP_FE,Body Parts & Functions — Feather,0.483,CA_CB,Clothing & Adornment — Comb,0.451,CA_WE,Clothing & Adornment — to Weave,0.417
PDR447,*gaṭ-,"clever, skilful",MT_WI,MO_SS,YES,yes,MT_WI,Mind & Thought — Wise,0.348,CA_TA,"Clothing & Adornment — Tailor, Seamstress",0.301,SP_LL,"Sense Perception — Dull, Blunt",0.281
PDR448,"*gaṭ-, *kaṭ-, *ganṭ-","1 strong, hard 2 lump 3 spleen",BP_BL,BP_SM,YES,yes,BP_BL,Body Parts & Functions — Blood,0.346,BP_SS,Body Parts & Functions — Sick; Sickness,0.342,BP_RI,Body Parts & Functions — Rib,0.326
PDR449,*gav-,"care, sympathy, pity",EM_PT,EM_PT,,yes,EM_PT,Emotion — Pity (n),0.635,EM_CA,Emotion — Care (n),0.614,EM_GS,"Emotion — Grief, Sorrow",0.547
PDR450,*gav-i,cave,AN_BA,PW_SR,YES,yes,AN_BA,Animals — Barrow,0.347,WH_FT,Warfare & Hunting — Fortress,0.333,AV_DI,"Agriculture & Vegetation — to Dig, Delve",0.329
PDR451,*gaviseṇ-,"a case, cover",CA_CK,PT_PU,YES,yes,CA_CK,Clothing & Adornment — Cloak,0.432,CA_OV,Clothing & Adornment — Overcoat,0.396,CA_PO,Clothing & Adornment — Pocket,0.383
PDR452,*gavḷ-i,lizard,AN_SK,AN_SK,,yes,AN_SK,Animals — Snake,0.461,AN_AD,"Animals — Ass, Donkey",0.398,AN_AN,Animals — Animal,0.377
PDR453,*gaẓ-,stick,PW_MT,PW_MT,,yes,PW_MT,"Physical World — Match, Fire Stick",0.385,FD_SP,Food & Drink — Spoon,0.350,MO_PS,"Motion & Transportation — to Push, Shove",0.337
PDR454,*gaẓ-[Vd-],paddy field,AV_GR,AV_BA,YES,yes,AV_GR,Agriculture & Vegetation — Grass,0.412,AN_PS,Animals — Pasture,0.403,AV_PL,Agriculture & Vegetation — to Plow; Plow,0.397
PDR455,*gāḷ-,"wind, air",PW_WI,PW_WI,,yes,PW_WI,"Physical World — Wind, Breeze",0.680,PW_AI,"Physical World — Air, Ether",0.518,MO_BL,Motion & Transportation — to Blow,0.512
PDR456,*gāḷ-,fish-hook,AN_FM,AN_FI,YES,yes,AN_FM,Animals — Fisherman,0.516,AN_FI,Animals — Fish (n),0.468,AN_DU,Animals — Duck,0.349
PDR457,*gām- (?),"to increase, exceed",QN_MO,QN_MO,,yes,QN_MO,Quantity & Number — More,0.415,QN_EN,Quantity & Number — Enough,0.396,QN_CW,Quantity & Number — Other Collective Words,0.384
PDR458,*gās-i,trouble,SO_SQ,TI_HR,YES,yes,SO_SQ,"Social Relations — Strife, Quarrel",0.405,EM_MF,Emotion — Misfortune,0.388,EM_PS,"Emotion — Pain, Suffering",0.305
PDR459,*gel-,to win,WH_VI,WH_FI,YES,yes,WH_VI,Warfare & Hunting — Victory,0.400,EM_GL,"Emotion — Fame, Glory",0.361,WH_SU,Warfare & Hunting — to Surrender,0.360
PDR460,*genḍ-,a k. of fish,AN_FI,AN_FI,,yes,AN_FI,Animals — Fish (n),0.524,AN_FM,Animals — Fisherman,0.468,FD_DI,Food & Drink — Dish,0.329
PDR461,*genǯ-,water from boiled rice,FD_BO,FD_BO,,yes,FD_BO,Food & Drink — to Boil (trans,0.522,FD_KE,Food & Drink — Kettle,0.432,FD_DI,Food & Drink — Dish,0.393
PDR462,*geṭ-,hoof,BP_FT,AV_HO,YES,yes,BP_FT,Body Parts & Functions — Foot,0.430,BP_TE,Body Parts & Functions — Toe,0.422,AN_FC,"Animals — Foal, Colt",0.416
PDR463,*giḍ-,"hawk, falcon",AN_BI,AN_BI,,yes,AN_BI,Animals — Bird,0.478,AN_CK,"Animals — Cock, Rooster",0.442,AN_LN,Animals — Lion,0.442
PDR464,*gil-i,fear,EM_FF,EM_FF,,yes,EM_FF,"Emotion — Fear, Fright",0.622,EM_TC,"Emotion — Timid, Cowardly",0.496,EM_AN,Emotion — Anxiety,0.486
PDR465,*ginḍ-i,drinking vessel,FD_PJ,FD_DR,YES,yes,FD_PJ,"Food & Drink — Jug, Pitcher",0.605,FD_CU,Food & Drink — Cup,0.489,FD_SA,Food & Drink — Saucer,0.460
PDR466,*gir_-,giddy,EM_JG,EM_JY,YES,yes,EM_JG,"Emotion — Glad, Joyful",0.361,EM_WA,"Emotion — Wonder, Astonishment",0.317,EM_JY,Emotion — Joy,0.304
PDR467,*gīr_-,line; to draw lines,LM_LI,SR_LN,YES,yes,LM_LI,Language & Music — Line (n),0.538,SR_LN,Spatial Relations — Line,0.418,SR_SG,Spatial Relations — Straight,0.329
PDR468,*goḍ-,barren (woman or cow),AN_CO,AN_CO,,yes,AN_CO,Animals — Cow,0.414,AN_HE,Animals — Herdsman,0.382,AN_MR,Animals — Mare,0.359
PDR469,*goḷ-ai,anus,BP_TS,AN_EL,YES,yes,BP_TS,Body Parts & Functions — Testicle,0.494,BP_ED,"Body Parts & Functions — to Void Excrement; Dung, Excrement",0.482,BP_PE,Body Parts & Functions — Penis,0.476
PDR470,*gonṭ-,bamboo tube,PA_RC,AN_SK,YES,yes,PA_RC,"Physical Acts & Materials — Rope, Cord",0.258,FD_BW,Food & Drink — Bowl,0.256,PW_WD,"Physical World — Wood, Timber",0.252
PDR471,*goŋk-,hook; curved,CA_NC,PA_BN,YES,yes,CA_NC,Clothing & Adornment — Necklace,0.297,CA_PI,"Clothing & Adornment — Pin, Brooch",0.293,CA_NE,Clothing & Adornment — Needle,0.290
PDR472,*gor_-,deer,AN_DE,AN_DE,,yes,AN_DE,Animals — Deer,0.687,AN_HE,Animals — Herdsman,0.529,AN_BO,Animals — Boar,0.507
PDR473,*gōḍ-,wall,DF_WL,DF_WL,,yes,DF_WL,Dwellings & Furniture — Wall,0.582,DF_DG,"Dwellings & Furniture — Door, Gate",0.406,WH_FT,Warfare & Hunting — Fortress,0.402
PDR474,*gōk- (?),to look up,SP_LO,SP_LO,,yes,SP_LO,Sense Perception — to Look,0.421,SP_SE,Sense Perception — to See,0.355,MT_PU,Mind & Thought — Pupil,0.346
PDR475,*gōḷ-,grief,EM_GS,EM_GS,,yes,EM_GS,"Emotion — Grief, Sorrow",0.565,EM_CW,"Emotion — to Cry, Weep",0.513,EM_MF,Emotion — Misfortune,0.508
PDR476,*gōl-,to roast,FD_RF,FD_RF,,yes,FD_RF,"Food & Drink — to Roast, Fry",0.703,FD_BO,Food & Drink — to Boil (trans,0.480,FD_OV,Food & Drink — Oven,0.454
PDR477,*gōp-,grasshopper,AN_IN,AN_IN,,yes,AN_IN,Animals — Insect,0.392,AN_FL,Animals — Fly (n),0.322,AV_GR,Agriculture & Vegetation — Grass,0.310
PDR478,*gōr-,"to bale, draw water; a drag",PA_DP,PW_RS,YES,yes,PA_DP,"Physical Acts & Materials — to Draw, Pull",0.406,PA_PO,Physical Acts & Materials — to Pour,0.395,PA_SW,Physical Acts & Materials — to Sweep,0.357
PDR479,*guḍ-,small,QN_LF,QN_LF,,yes,QN_LF,"Quantity & Number — Few, Little",0.319,SR_SM,"Spatial Relations — Small, Little",0.277,TI_SL,Time — Slow (adj),0.227
PDR480,*guḍ-,to thunder,PW_TH,PW_TH,,yes,PW_TH,"Physical World — Noise, Thunder",0.554,PW_LT,"Physical World — Thunderbolt, Lightning Strike",0.441,SP_LD,Sense Perception — Loud,0.340
PDR481,*gùḍ-,temple,RB_TM,RB_TM,,yes,RB_TM,Religion & Beliefs — Temple,0.637,RB_AL,Religion & Beliefs — Altar,0.438,RB_ID,Religion & Beliefs — Idol,0.387
PDR482,*guḍ-,heap,AV_SH,AN_RA,YES,yes,AV_SH,Agriculture & Vegetation — Shovel (n),0.331,PW_AS,Physical World — Ash(es),0.314,AV_PL,Agriculture & Vegetation — to Plow; Plow,0.284
PDR483,*guḍ- (?),black bear,AN_BR,AN_BR,,yes,AN_BR,Animals — Bear,0.628,AN_WO,Animals — Wolf,0.438,AN_MA,Animals — Male Animal,0.416
PDR484,*gudd-,to punch,PA_SH,PA_SH,,yes,PA_SH,"Physical Acts & Materials — to Hit, Strike, Beat",0.495,EM_RF,"Emotion — Rage, Fury",0.309,PA_CU,Physical Acts & Materials — to Cut,0.295
PDR485,*guḍ-/*guṭ-,small field on hill,PW_MH,PW_MH,,yes,PW_MH,"Physical World — Hill, Mountain",0.434,PW_PF,"Physical World — Plain, Field",0.428,AN_PS,Animals — Pasture,0.392
PDR486,*gum-,hole; pit,SR_HL,SR_HL,,yes,SR_HL,Spatial Relations — Hole,0.534,SR_HW,"Spatial Relations — Hollow, Concave",0.322,BP_ED,"Body Parts & Functions — to Void Excrement; Dung, Excrement",0.279
PDR487,*gum-,1 heap 2 crowd,QN_MC,QN_MC,,yes,QN_MC,"Quantity & Number — Crowd, Multitude",0.518,QN_CW,Quantity & Number — Other Collective Words,0.397,SR_CG,"Spatial Relations — to Gather, Collect",0.320
PDR488,*gum-,"knob, boss; hump",AN_AD,TI_CW,YES,yes,AN_AD,"Animals — Ass, Donkey",0.244,AV_SH,Agriculture & Vegetation — Shovel (n),0.233,MO_PS,"Motion & Transportation — to Push, Shove",0.229
PDR489,*gumiẓ- (*-r-),coomb teak,CA_CO,FD_CB,YES,yes,CA_CO,Clothing & Adornment — Cotton,0.264,FD_KE,Food & Drink — Kettle,0.263,AV_AC,Agriculture & Vegetation — Acorn,0.260
PDR490,*gunḍ-,dust; powder,PW_DU,PW_DU,,yes,PW_DU,"Physical World — Dust, Powder",0.674,PW_SA,"Physical World — Sand, Grit",0.441,PA_SW,Physical Acts & Materials — to Sweep,0.386
PDR491,*gunḍ-,heart,BP_HR,BP_HR,,yes,BP_HR,Body Parts & Functions — Heart,0.534,EM_CW,"Emotion — to Cry, Weep",0.441,EM_PA,Emotion — Passion,0.432
PDR492,*gunḍ-,"1 stone, pebble 2 round",PW_SR,PW_SR,,,PW_SR,"Physical World — Rock, Stone",0.468,PA_NA,"Physical Acts & Materials — Nail, Peg",0.323,QN_HA,Quantity & Number — Half,0.312
PDR493,*gun(t)-,"bow, pellet-bow",WH_BW,WH_BW,,yes,WH_BW,Warfare & Hunting — Bow,0.598,WH_AW,Warfare & Hunting — Arrow,0.531,WH_GC,"Warfare & Hunting — Gun, Cannon",0.451
PDR494,*gu[n]taḷ-,spade,AV_SP,AV_SP,,yes,AV_SP,Agriculture & Vegetation — Spade (n),0.424,AV_SH,Agriculture & Vegetation — Shovel (n),0.402,WH_SP,Warfare & Hunting — Spear,0.321
PDR495,*gunṭ- (?),deep; pond,SR_SW,PW_LA,YES,yes,SR_SW,Spatial Relations — Shallow,0.352,SR_HL,Spatial Relations — Hole,0.323,PW_GS,"Physical World — Ground, Soil",0.313
PDR496,*gunǯ-,owl,AN_BI,AN_BI,,yes,AN_BI,Animals — Bird,0.435,AN_CT,Animals — Cat,0.420,AN_HC,"Animals — Hen, Chicken (generic)",0.418
PDR497,*gunǯ-,to pull,PA_DP,PA_DP,,yes,PA_DP,"Physical Acts & Materials — to Draw, Pull",0.498,MO_PS,"Motion & Transportation — to Push, Shove",0.498,MO_RL,"Motion & Transportation — to Lift, Raise",0.435
PDR498,*guŋVr-,mosquito,AN_IN,AN_IN,,yes,AN_IN,Animals — Insect,0.523,AN_WR,Animals — Worm,0.396,AN_FL,Animals — Fly (n),0.394
PDR499,*gup-,bush,AV_PL,AN_MK,YES,yes,AV_PL,Agriculture & Vegetation — to Plow; Plow,0.293,AV_BI,Agriculture & Vegetation — Birch,0.271,AV_PN,"Agriculture & Vegetation — Plant, Herb",0.264
PDR500,*gurḍ-,1 eyeball 2 egg,BP_EG,BP_EG,,yes,BP_EG,Body Parts & Functions — Egg,0.446,BP_EY,Body Parts & Functions — Eye,0.415,AN_CK,"Animals — Cock, Rooster",0.372
PDR501,*gurL-,"shell, cowrie",AN_CO,AN_CO,,yes,AN_CO,Animals — Cow,0.347,AN_HN,Animals — Hen,0.325,AN_FE,Animals — Female Animal,0.310
PDR502,*gur_-,1 to roar 2 to snore,EM_GR,BP_SL,YES,yes,EM_GR,Emotion — to Groan,0.436,SP_LD,Sense Perception — Loud,0.334,EM_RF,"Emotion — Rage, Fury",0.327
PDR503,*gur_- (*-d_-),1 to aim 2 to mark 3 to write,MT_IP,LM_WE,YES,yes,MT_IP,"Mind & Thought — Purpose, Intention",0.460,LM_WE,Language & Music — to Write,0.432,MT_RM,Mind & Thought — to Remember,0.393
PDR504,*guS-,to whisper,LM_BS,EM_CW,YES,yes,LM_BS,Language & Music — to be Silent,0.463,SP_HE,Sense Perception — to Hear,0.398,LM_SG,Language & Music — to Sing,0.379
PDR505,*GuT- (?),"to be tight, tightly bound together",PA_RC,BP_YG,YES,yes,PA_RC,"Physical Acts & Materials — Rope, Cord",0.346,PA_BI,Physical Acts & Materials — to Bind,0.336,CA_WE,Clothing & Adornment — to Weave,0.316
PDR506,*guṭ-,secret,MT_SR,MT_SR,,yes,MT_SR,Mind & Thought — Secret,0.473,MT_OB,Mind & Thought — Obscure,0.343,EM_DC,Emotion — Deceit,0.287
PDR507,*gūḍ-,nest,DF_HS,AN_PU,YES,yes,DF_HS,Dwellings & Furniture — House,0.445,DF_HU,Dwellings & Furniture — Hut,0.445,DF_HO,Dwellings & Furniture — Home,0.433
PDR508,*gūḍ-,a k. of basket,PA_BA,PA_BA,,yes,PA_BA,Physical Acts & Materials — Basket,0.484,MO_CW,"Motion & Transportation — Cart, Wagon, Carriage",0.380,FD_KD,Food & Drink — to Knead,0.364
PDR509,*gūḷ-,to crowd together,QN_MC,QN_MC,,yes,QN_MC,"Quantity & Number — Crowd, Multitude",0.462,SR_CG,"Spatial Relations — to Gather, Collect",0.425,SO_ME,Social Relations — to Meet,0.355
PDR510,*gūn-,to bend; hump,PA_BN,PA_BN,,yes,PA_BN,Physical Acts & Materials — to Bend,0.527,PA_SR,Physical Acts & Materials — to Stretch,0.393,PA_FO,Physical Acts & Materials — to Fold,0.385
PDR511,*gūr- (?),to lie down,SR_LI,EM_LI,YES,yes,SR_LI,"Spatial Relations — to Lie, Recline",0.405,MO_FA,Motion & Transportation — to Fall,0.357,BP_SL,Body Parts & Functions — to Sleep; Sleep,0.351
PDR512,*gūs-,"to fall down, pour",PA_PO,PA_PO,,yes,PA_PO,Physical Acts & Materials — to Pour,0.557,MO_DR,Motion & Transportation — to Drop,0.505,MO_FA,Motion & Transportation — to Fall,0.483
PDR513,*i-,this,TI_TD,TI_TM,YES,yes,TI_TD,Time — Today,0.277,TI_NO,Time — Now,0.271,TI_AL,Time — Always,0.268
PDR514,*iḍ-,to put,SR_PU,SR_PU,,yes,SR_PU,"Spatial Relations — to Put, Place, Set, Lay",0.467,PA_PO,Physical Acts & Materials — to Pour,0.349,CA_SE,Clothing & Adornment — to Sew,0.345
PDR515,*iḍ-,to stumble,MO_WA,MO_JL,YES,yes,MO_WA,Motion & Transportation — to Walk,0.423,MO_SS,"Motion & Transportation — to Slip, Slide",0.391,MO_JL,"Motion & Transportation — to Jump, Leap",0.382
PDR516,*iḍ-,to beat,PA_SH,WH_FI,YES,yes,PA_SH,"Physical Acts & Materials — to Hit, Strike, Beat",0.362,WH_BA,Warfare & Hunting — Battle-Ax,0.243,WH_DF,Warfare & Hunting — Defeat (n),0.233
PDR517,*iḍ-,"to crack, split",PA_SP,PA_SP,,,PA_SP,Physical Acts & Materials — to Split,0.519,PA_TE,Physical Acts & Materials — to Tear,0.513,PA_BK,Physical Acts & Materials — to Break,0.508
PDR518,*id_-,"tight, narrow",PA_SR,SR_NR,YES,yes,PA_SR,Physical Acts & Materials — to Stretch,0.362,SR_ND,Spatial Relations — Thin (in Dimension),0.355,SR_SH,"Spatial Relations — to Shut, Close",0.338
PDR519,*id_-,to put; to keep,SR_PU,PT_PR,YES,yes,SR_PU,"Spatial Relations — to Put, Place, Set, Lay",0.464,PA_PO,Physical Acts & Materials — to Pour,0.360,CA_SE,Clothing & Adornment — to Sew,0.344
PDR520,*il-,house,DF_HS,DF_HS,,yes,DF_HS,Dwellings & Furniture — House,0.655,DF_HO,Dwellings & Furniture — Home,0.592,DF_RO,Dwellings & Furniture — Room,0.562
PDR521,*Ìl-ai,leaf,AV_LE,AV_LE,,yes,AV_LE,Agriculture & Vegetation — Leaf,0.523,AV_PN,"Agriculture & Vegetation — Plant, Herb",0.404,AV_AC,Agriculture & Vegetation — Acorn,0.391
PDR522,*iḷ-uk-,to be sprained,PA_TE,BP_SD,YES,yes,PA_TE,Physical Acts & Materials — to Tear,0.331,BP_KN,Body Parts & Functions — Knee,0.315,PA_SH,"Physical Acts & Materials — to Hit, Strike, Beat",0.298
PDR523,*Iṇ-,to join; equal,SO_ME,SR_JU,YES,yes,SO_ME,Social Relations — to Meet,0.402,SR_JU,"Spatial Relations — to Join, Unite",0.302,MK_MR,"Mankind — to Wed, Marry",0.299
PDR524,*in-,1 to belch 2 to sigh,EM_GR,TI_FI,YES,yes,EM_GR,Emotion — to Groan,0.493,BP_FB,"Body Parts & Functions — to Fart, Break Wind",0.392,EM_LS,"Emotion — to Laugh, Smile",0.373
PDR525,*in-,sweet,SP_ST,TI_NO,YES,yes,SP_ST,Sense Perception — Sweet,0.295,EM_JG,"Emotion — Glad, Joyful",0.277,FD_HO,Food & Drink — Honey,0.253
PDR526,*i-ned_-,today,TI_TD,TI_YD,YES,yes,TI_TD,Time — Today,0.404,TI_YD,Time — Yesterday,0.388,TI_TM,Time — Tomorrow,0.381
PDR527,*iṇi-,"(water) to evaporate, (flood) to subside",PW_WA,PW_WA,,yes,PW_WA,Physical World — Water,0.472,PW_RA,Physical World — Rain (n),0.433,PA_PO,Physical Acts & Materials — to Pour,0.424
PDR528,*ir-,to beg; to borrow,EM_PL,PT_BW,YES,yes,EM_PL,Emotion — to Please,0.429,PT_BG,Possession & Trade — Beggar,0.419,EM_DE,Emotion — to Desire,0.402
PDR529,*ir-,food,FD_EA,FD_FD,YES,yes,FD_EA,Food & Drink — to Eat,0.558,FD_CO,Food & Drink — to Cook,0.558,FD_MF,"Food & Drink — Meal, Flour",0.550
PDR530,*ir-,two,QN_ON,QN_ON,,yes,QN_ON,Quantity & Number — One,0.438,QN_TH,Quantity & Number — Three,0.432,QN_HA,Quantity & Number — Half,0.431
PDR531,*[i]reŋ-,"date, plum",TI_NM,FD_PC,YES,yes,TI_NM,Time — Names of the Months,0.418,FD_PR,Food & Drink — Pear,0.405,FD_FR,Food & Drink — Fruit,0.397
PDR532,*ir-/*er-,to be,MT_SE,TI_FI,YES,yes,MT_SE,Mind & Thought — to Seem,0.322,MT_KN,Mind & Thought — to Know,0.313,EM_LO,Emotion — to Love; Love,0.304
PDR533,*irmb-,iron,PA_IR,PA_IR,,yes,PA_IR,Physical Acts & Materials — Iron,0.573,PA_FG,Physical Acts & Materials — to Forge,0.411,PA_CM,Physical Acts & Materials — to Cast (metals),0.405
PDR534,*irp-,mahua,AN_MU,MK_MS,YES,yes,AN_MU,Animals — Mule,0.342,AV_TR,Agriculture & Vegetation — Tree (generic),0.320,AN_PU,Animals — Puppy,0.311
PDR535,*ir-Vc-,to scratch (ground); to comb,PW_SA,CA_CB,YES,yes,PW_SA,"Physical World — Sand, Grit",0.371,PA_RU,Physical Acts & Materials — to Rub,0.364,PW_GS,"Physical World — Ground, Soil",0.344
PDR536,*[i]̀r_ej-,shrimp,AN_FI,AN_FM,YES,yes,AN_FI,Animals — Fish (n),0.449,AN_FM,Animals — Fisherman,0.415,AN_WR,Animals — Worm,0.380
PDR537,*iS-,small,QN_LF,QN_LF,,yes,QN_LF,"Quantity & Number — Few, Little",0.375,SR_SM,"Spatial Relations — Small, Little",0.336,SR_SZ,Spatial Relations — Size (n),0.263
PDR538,"*is- (*e-, *-j-)","to move, go",MO_MO,MO_MO,,yes,MO_MO,Motion & Transportation — to Move,0.593,MO_GA,"Motion & Transportation — to Depart, Go Away",0.580,MO_GO,Motion & Transportation — to Go,0.569
PDR539,*isuk-,sand,PW_SA,PW_SA,,yes,PW_SA,"Physical World — Sand, Grit",0.578,PW_DU,"Physical World — Dust, Powder",0.411,PW_SH,"Physical World — Shore, Beach",0.401
PDR540,*iti ( < *ir-ti?) [cf. *ireŋ],fig tree,FD_FI,FD_FI,,yes,FD_FI,Food & Drink — Fig,0.533,AV_TR,Agriculture & Vegetation — Tree (generic),0.468,PW_TR,"Physical World — Tree, Oak",0.377
PDR541,*iT_-,flesh; to eat meat,BP_FL,FD_ME,YES,yes,BP_FL,Body Parts & Functions — Flesh,0.572,PA_FS,"Physical Acts & Materials — to Flay, Skin",0.474,FD_ME,Food & Drink — Meat,0.463
PDR542,*iṭ-,narrow; dense; thronged,SR_ND,SR_TS,YES,yes,SR_ND,Spatial Relations — Thin (in Dimension),0.350,SR_NR,Spatial Relations — Narrow,0.320,SR_TD,Spatial Relations — Thick (in Dimension),0.299
PDR543,*iẓi-,"to fall, descend",MO_FA,MO_FA,,yes,MO_FA,Motion & Transportation — to Fall,0.591,MO_DR,Motion & Transportation — to Drop,0.533,MO_RI,Motion & Transportation — to Rise,0.465
PDR544,*ī̆j-,"to agree; proper, possible",MT_TO,MT_SN,YES,yes,MT_TO,"Mind & Thought — to Think, be of the Opinion",0.343,EM_FL,Emotion — Faithful,0.335,MT_SN,"Mind & Thought — Sure, Certain",0.334
PDR545,*īḷ-[aj-],young,TI_YG,TI_YG,,yes,TI_YG,Time — Young,0.518,TI_AG,Time — Age,0.391,TI_OL,Time — Old,0.338
PDR546,*īn-,to bear young,BP_BM,AN_BR,YES,yes,BP_BM,Body Parts & Functions — to Bear (of Mother),0.549,BP_BP,Body Parts & Functions — to Beget (of Father),0.520,BP_CC,Body Parts & Functions — to Conceive,0.430
PDR547,*īŋ-,1 feather 2 hair,BP_FE,BP_FE,,yes,BP_FE,Body Parts & Functions — Feather,0.547,CA_CB,Clothing & Adornment — Comb,0.450,AN_BI,Animals — Bird,0.408
PDR548,*īp-,bee; fly,AN_BE,AN_BE,,yes,AN_BE,Animals — Bee,0.674,AN_IN,Animals — Insect,0.414,AN_FL,Animals — Fly (n),0.385
PDR549,*īr- (?),liver,BP_LV,BP_LV,,yes,BP_LV,Body Parts & Functions — Liver,0.577,BP_RI,Body Parts & Functions — Rib,0.360,BP_UU,Body Parts & Functions — to Urinate; Urine,0.340
PDR550,*īẓi-,"to pull, drag",MO_PS,MO_PS,,yes,MO_PS,"Motion & Transportation — to Push, Shove",0.562,PA_DP,"Physical Acts & Materials — to Draw, Pull",0.561,MO_RL,"Motion & Transportation — to Lift, Raise",0.512
PDR551,*jal-,"night, darkness",TI_NG,TI_NG,,yes,TI_NG,Time — Night,0.655,PW_DA,Physical World — Darkness,0.589,TI_EV,Time — Evening,0.520
PDR552,*jan-,to say,LM_SY,TI_LS,YES,yes,LM_SY,Language & Music — to Say,0.377,MT_KN,Mind & Thought — to Know,0.350,MT_CP,"Mind & Thought — Clear, Plain (to the Mind)",0.313
PDR553,*jā-,"to tie, bind",PA_RC,PA_BI,YES,yes,PA_RC,"Physical Acts & Materials — Rope, Cord",0.485,PA_BI,Physical Acts & Materials — to Bind,0.459,CA_WE,Clothing & Adornment — to Weave,0.434
PDR554,*jā̆-,[interrogative base],LM_AQ,SO_SU,YES,yes,LM_AQ,"Language & Music — to Question, Inquire",0.376,MT_DB,Mind & Thought — Doubt (n),0.340,MT_SV,Mind & Thought — to Solve,0.326
PDR555,*jāḷ-,to rule,SO_RG,SO_RG,,yes,SO_RG,"Social Relations — to Rule, Govern",0.500,SO_OB,Social Relations — to Obey,0.412,SO_CR,"Social Relations — to Order, Command",0.387
PDR556,*jānḍ-,year,TI_YR,TI_YR,,yes,TI_YR,Time — Year,0.633,TI_MT,Time — Month,0.436,TI_AG,Time — Age,0.428
PDR557,*jed_- (*r_-),to know,MT_KN,MT_KN,,yes,MT_KN,Mind & Thought — to Know,0.482,SP_FO,Sense Perception — to Feel of,0.347,SP_PS,"Sense Perception — to Sense, Perceive; Sense",0.344
PDR558,*jelí- (~ *a-),"to melt, dissolve",PA_PO,FD_MX,YES,yes,PA_PO,Physical Acts & Materials — to Pour,0.416,FD_BO,Food & Drink — to Boil (trans,0.416,PA_SP,Physical Acts & Materials — to Split,0.407
PDR559,*jeẓ- ~ *jeẓái-,"to weep, cry",EM_CW,EM_CW,,yes,EM_CW,"Emotion — to Cry, Weep",0.712,EM_GR,Emotion — to Groan,0.573,EM_TR,Emotion — Tear (n),0.561
PDR560,*jēd_-,water,PW_WA,PW_WA,,yes,PW_WA,Physical World — Water,0.529,PW_RS,"Physical World — Brook, Stream, River",0.437,FD_KE,Food & Drink — Kettle,0.393
PDR561,*jēn-,elephant,AN_EL,AN_EL,,yes,AN_EL,Animals — Elephant,0.666,AN_AD,"Animals — Ass, Donkey",0.490,AN_AN,Animals — Animal,0.467
PDR562,*joḷǯ-,bear,AN_BR,AN_BR,,yes,AN_BR,Animals — Bear,0.712,AN_WO,Animals — Wolf,0.444,AN_MA,Animals — Male Animal,0.427
PDR563,*jōḍ-,goat,AN_GO,AN_GO,,yes,AN_GO,Animals — Goat,0.594,AN_HG,Animals — He-Goat,0.583,AN_LA,Animals — Lamb,0.394
PDR564,*jōẓ-,seven,QN_TH,QN_NN,YES,yes,QN_TH,Quantity & Number — Three,0.326,QN_ON,Quantity & Number — One,0.298,QN_CW,Quantity & Number — Other Collective Words,0.295
PDR565,*kabb-,to bite; to swallow,BP_BI,BP_BI,,yes,BP_BI,Body Parts & Functions — to Bite,0.636,FD_SU,"Food & Drink — to Suck, Suckle",0.510,BP_SP,Body Parts & Functions — to Spit,0.428
PDR566,*kac-,"angry, hostile",EM_AG,EM_AG,,yes,EM_AG,Emotion — Anger,0.641,EM_RF,"Emotion — Rage, Fury",0.639,EM_HT,Emotion — Hate (n),0.543
PDR567,*kac-,"to bite, sting",BP_BI,BP_BI,,yes,BP_BI,Body Parts & Functions — to Bite,0.564,EM_RF,"Emotion — Rage, Fury",0.332,FD_SU,"Food & Drink — to Suck, Suckle",0.332
PDR568,*kaḍ-,"1 bitter; sharp 2 severe, cruel 3 exceeding, great",SP_BI,EM_GS,YES,yes,SP_BI,Sense Perception — Bitter,0.467,SP_AC,"Sense Perception — Sour, Acidic",0.415,SP_SA,Sense Perception — Salty,0.365
PDR569,*kaḍ-,to churn,FD_KD,FD_KD,,yes,FD_KD,Food & Drink — to Knead,0.453,FD_GR,Food & Drink — to Grind,0.412,FD_CO,Food & Drink — to Cook,0.346
PDR570,*kaḍ- (?),"belly, womb",BP_WO,BP_WO,,,BP_WO,Body Parts & Functions — Womb,0.643,BP_BS,"Body Parts & Functions — Belly, Stomach",0.570,BP_NV,Body Parts & Functions — Navel,0.561
PDR571,*kaḍal-,sea,PW_SE,PW_SE,,,PW_SE,Physical World — Sea,0.700,PW_GB,"Physical World — Gulf, Bay",0.546,PW_SH,"Physical World — Shore, Beach",0.495
PDR572,*kadd-/*kad-al-,"to shake, stir",MO_SH,MO_SH,,yes,MO_SH,Motion & Transportation — to Shake,0.595,PA_SO,"Physical Acts & Materials — to Strew, Spread Out",0.382,FD_MX,"Food & Drink — to Mix, Blend",0.382
PDR573,*kaḍ[i]-,bridle,MO_BR,TI_AU,YES,yes,MO_BR,Motion & Transportation — Bridge,0.336,CA_SP,Clothing & Adornment — Spindle,0.332,CA_PI,"Clothing & Adornment — Pin, Brooch",0.324
PDR574,*kadir-,spindle,CA_SP,CA_SP,,yes,CA_SP,Clothing & Adornment — Spindle,0.520,CA_SN,Clothing & Adornment — to Spin,0.427,MO_AX,Motion & Transportation — Axle,0.299
PDR575,*kaḍj-,panther; tiger,AN_LN,AN_LN,,yes,AN_LN,Animals — Lion,0.531,AN_CT,Animals — Cat,0.451,AN_SN,Animals — Stallion,0.434
PDR576,*kaḍ-Vnḍ-,hornet,AN_BE,AN_BE,,yes,AN_BE,Animals — Bee,0.380,AN_FL,Animals — Fly (n),0.362,AN_IN,Animals — Insect,0.326
PDR577,*kad_- (*-r_-),to chew,FD_SU,BP_BI,YES,yes,FD_SU,"Food & Drink — to Suck, Suckle",0.558,BP_BI,Body Parts & Functions — to Bite,0.520,BP_LC,Body Parts & Functions — to Lick,0.487
PDR578,*kaɣ-,hand,BP_HN,BP_HN,,yes,BP_HN,Body Parts & Functions — Hand,0.585,BP_TM,Body Parts & Functions — Thumb,0.493,BP_FI,Body Parts & Functions — Finger,0.482
PDR579,*kaj-,a k. of fish,AN_FI,AN_FI,,yes,AN_FI,Animals — Fish (n),0.531,AN_FM,Animals — Fisherman,0.471,FD_DI,Food & Drink — Dish,0.317
PDR580,*kajd-,a k. of flower,AV_FL,AV_FL,,yes,AV_FL,Agriculture & Vegetation — Flower,0.501,AV_PN,"Agriculture & Vegetation — Plant, Herb",0.388,AV_TR,Agriculture & Vegetation — Tree (generic),0.336
PDR581,*kajil-,ladle,FD_SP,FD_ML,YES,yes,FD_SP,Food & Drink — Spoon,0.462,FD_KD,Food & Drink — to Knead,0.427,FD_PJ,"Food & Drink — Jug, Pitcher",0.409
PDR582,*kajir_-,"rope, string",PA_RC,PA_RC,,yes,PA_RC,"Physical Acts & Materials — Rope, Cord",0.670,CA_CL,Clothing & Adornment — Cloth,0.466,CA_LA,Clothing & Adornment — Lace,0.466
PDR583,*kak-,to vomit,BP_VO,BP_VO,,yes,BP_VO,Body Parts & Functions — to Vomit,0.594,FD_SU,"Food & Drink — to Suck, Suckle",0.432,BP_SP,Body Parts & Functions — to Spit,0.426
PDR584,*kak-,shell,FD_DI,AN_PI,YES,yes,FD_DI,Food & Drink — Dish,0.306,FD_NT,Food & Drink — Nut,0.288,AN_FM,Animals — Fisherman,0.284
PDR585,*kal-,"1 to get, accrue 2 to exist",PT_GO,PT_GO,,yes,PT_GO,"Possession & Trade — to Get, Obtain",0.482,PT_EA,Possession & Trade — to Earn,0.414,PT_OW,Possession & Trade — to Owe,0.408
PDR586,*kal-,to stir; turbid,FD_KD,FD_BO,YES,yes,FD_KD,Food & Drink — to Knead,0.451,FD_MX,"Food & Drink — to Mix, Blend",0.450,MO_SH,Motion & Transportation — to Shake,0.401
PDR587,*kal-,"to shout, make noise",LM_SC,LM_SC,,yes,LM_SC,"Language & Music — to Shout, Cry Out",0.494,EM_GR,Emotion — to Groan,0.423,SP_LD,Sense Perception — Loud,0.407
PDR588,*kàl-,"vessel; ship, boat",MO_SP,MO_SP,,yes,MO_SP,Motion & Transportation — Ship,0.532,MO_BT,Motion & Transportation — Boat,0.502,MO_SR,Motion & Transportation — Sailor,0.470
PDR589,*kal-,stone,PW_SR,PW_SR,,yes,PW_SR,"Physical World — Rock, Stone",0.571,PA_MO,Physical Acts & Materials — Mortar,0.360,FD_GR,Food & Drink — to Grind,0.317
PDR590,*kaḷ-,liquor,FD_WI,FD_BB,YES,yes,FD_WI,Food & Drink — Wine,0.465,FD_DR,Food & Drink — to Drink,0.458,FD_BB,Food & Drink — Beer,0.455
PDR591,*kaḷ-,threshing floor,AV_TF,AV_TF,,yes,AV_TF,Agriculture & Vegetation — Threshing-Floor,0.663,DF_FL,Dwellings & Furniture — Floor,0.446,AV_TH,Agriculture & Vegetation — to Thresh,0.400
PDR592,*kaḷ-,to steal; thief,PT_ST,PT_TH,YES,yes,PT_ST,Possession & Trade — to Steal,0.628,PT_RR,Possession & Trade — to Rob; Robber,0.575,PT_TH,Possession & Trade — Thief,0.539
PDR593,*kaḷ-,to uproot (weeds); to strip,AV_SS,AV_RO,YES,,AV_SS,Agriculture & Vegetation — to Sow; Seed,0.550,AV_DI,"Agriculture & Vegetation — to Dig, Delve",0.541,AV_MR,"Agriculture & Vegetation — to Mow, Reap",0.536
PDR594,*kal-,female relative,MK_SW,MK_GM,YES,yes,MK_SW,Mankind — Sister-in-Law,0.476,MK_DL,Mankind — Daughter-in-Law,0.470,MK_NI,Mankind — Niece,0.446
PDR595,*kàl-,"mark, scar",CA_NE,WH_SH,YES,yes,CA_NE,Clothing & Adornment — Needle,0.302,PT_HI,"Possession & Trade — to Harm, Injure, Damage",0.296,WH_SP,Warfare & Hunting — Spear,0.286
PDR596,*kal- (*k̂-),to bite,BP_BI,BP_BI,,yes,BP_BI,Body Parts & Functions — to Bite,0.571,FD_SU,"Food & Drink — to Suck, Suckle",0.419,BP_JW,Body Parts & Functions — Jaw,0.356
PDR597,*kal-(aj-),to be mixed,FD_MX,FD_MX,,yes,FD_MX,"Food & Drink — to Mix, Blend",0.609,FD_KD,Food & Drink — to Knead,0.380,FD_MF,"Food & Drink — Meal, Flour",0.376
PDR598,*kaḷ-i,milk-hedge (spurge),AN_PS,AN_PS,,yes,AN_PS,Animals — Pasture,0.437,FD_MV,Food & Drink — to Milk,0.408,FD_MS,Food & Drink — Milk,0.396
PSD550,*kal_-,to learn,MT_LE,MT_LE,,yes,MT_LE,Mind & Thought — to Learn,0.492,MT_TE,Mind & Thought — to Teach,0.438,MT_ST,Mind & Thought — to Study,0.404
PDR600,*kam-,ear-ring,CA_FR,CA_FR,,yes,CA_FR,Clothing & Adornment — Finger Ring,0.501,BP_EA,Body Parts & Functions — Ear,0.413,CA_NC,Clothing & Adornment — Necklace,0.379
PDR601,*kamb-i,wire,PA_RC,PA_RC,,yes,PA_RC,"Physical Acts & Materials — Rope, Cord",0.405,CA_NC,Clothing & Adornment — Necklace,0.382,CA_WE,Clothing & Adornment — to Weave,0.362
PDR602,*kamp-,a smell,SP_BD,SP_BD,,yes,SP_BD,"Sense Perception — Stinking, Bad Smelling",0.530,SP_GS,"Sense Perception — Fragrant, Good Smelling",0.519,SP_VS,Sense Perception — to Smell (subj),0.517
PDR603,*kan-,angry; to burn,EM_AG,EM_AG,,yes,EM_AG,Emotion — Anger,0.617,EM_RF,"Emotion — Rage, Fury",0.573,EM_HT,Emotion — Hate (n),0.473
PDR604,*kaṇ-,eye,BP_EY,BP_EY,,yes,BP_EY,Body Parts & Functions — Eye,0.513,MT_PU,Mind & Thought — Pupil,0.382,SP_LO,Sense Perception — to Look,0.364
PDR605,*kaṇ-,"rope, neck-rope, necklace",CA_NC,CA_NC,,yes,CA_NC,Clothing & Adornment — Necklace,0.528,PA_RC,"Physical Acts & Materials — Rope, Cord",0.510,CA_BR,"Clothing & Adornment — Armband, Bracelet",0.483
PDR606,*kaṇ-,"knife, blade",FD_KN,FD_KN,,yes,FD_KN,Food & Drink — Knife,0.579,WH_SW,Warfare & Hunting — Sword,0.571,WH_SP,Warfare & Hunting — Spear,0.548
PDR607,*kan-,to sound,SP_HE,LM_ST,YES,yes,SP_HE,Sense Perception — to Hear,0.527,SP_LD,Sense Perception — Loud,0.479,LM_BS,Language & Music — to be Silent,0.455
PDR608,*kan-,"ripe, soft; to love, pity",FD_FR,EM_PT,YES,yes,FD_FR,Food & Drink — Fruit,0.427,FD_PC,Food & Drink — Peach,0.417,FD_VE,Food & Drink — Vegetables,0.357
PDR609,*kaṇav-,"mountain pass; gap, opening",PW_MH,PW_MH,,yes,PW_MH,"Physical World — Hill, Mountain",0.477,MO_RI,Motion & Transportation — to Rise,0.264,SR_WE,Spatial Relations — West,0.262
PDR610,*kand-,"trench, ditch",AV_DI,WH_RT,YES,yes,AV_DI,"Agriculture & Vegetation — to Dig, Delve",0.404,AV_PL,Agriculture & Vegetation — to Plow; Plow,0.394,AV_SH,Agriculture & Vegetation — Shovel (n),0.378
PDR611,*kanḍ-,piece of flesh,BP_FL,BP_FL,,yes,BP_FL,Body Parts & Functions — Flesh,0.505,BP_BN,Body Parts & Functions — Bone,0.381,PA_FS,"Physical Acts & Materials — to Flay, Skin",0.379
PDR612,*kand_-,"scorched, burnt; black",PW_BU,PW_BU,,yes,PW_BU,"Physical World — to Burn, Scorch",0.511,PA_FS,"Physical Acts & Materials — to Flay, Skin",0.413,PW_FI,Physical World — Fire (n),0.354
PDR613,*kaṇ-ik-,stick; timber,PW_MT,PW_WD,YES,yes,PW_MT,"Physical World — Match, Fire Stick",0.398,FD_SP,Food & Drink — Spoon,0.339,MO_PS,"Motion & Transportation — to Push, Shove",0.327
PDR614,*kanr_-,sapling,AV_TR,AN_MU,YES,yes,AV_TR,Agriculture & Vegetation — Tree (generic),0.389,PW_TR,"Physical World — Tree, Oak",0.361,AV_SS,Agriculture & Vegetation — to Sow; Seed,0.348
PDR615,*kant-,"to set, sink",MO_SI,MO_SI,,yes,MO_SI,Motion & Transportation — to Sink,0.527,MO_RL,"Motion & Transportation — to Lift, Raise",0.374,PA_PO,Physical Acts & Materials — to Pour,0.373
PDR616,*kan_-,to dream,BP_DR,BP_DR,,yes,BP_DR,Body Parts & Functions — Dream (n),0.427,EM_DE,Emotion — to Desire,0.334,EM_WW,"Emotion — to Will, Wish",0.319
PDR617,*kap-,frog,AN_PI,AN_SK,YES,yes,AN_PI,Animals — Pig,0.404,AN_SK,Animals — Snake,0.398,AN_AN,Animals — Animal,0.395
PDR618,*kaP-,1 butterfly; cricket 2 bat,AN_IN,AN_IN,,yes,AN_IN,Animals — Insect,0.491,AN_FL,Animals — Fly (n),0.477,AN_BE,Animals — Bee,0.437
PDR619,*kap-,to cover,SR_CO,CA_VE,YES,yes,SR_CO,Spatial Relations — to Cover,0.410,CA_OV,Clothing & Adornment — Overcoat,0.408,CA_CK,Clothing & Adornment — Cloak,0.393
PDR620,*kap-,tribute,CA_VE,EM_GL,YES,yes,CA_VE,Clothing & Adornment — Veil,0.329,SO_ST,Social Relations — Servant,0.320,EM_PR,Emotion — Praise (n),0.308
PDR621,*kaP-,"to bend, turn over",PA_BN,PA_BN,,yes,PA_BN,Physical Acts & Materials — to Bend,0.494,MO_TA,Motion & Transportation — to Turn Around,0.471,MO_TU,Motion & Transportation — to Turn,0.434
PDR622,*kapal-,ship,MO_SP,MO_SP,,yes,MO_SP,Motion & Transportation — Ship,0.644,MO_SR,Motion & Transportation — Sailor,0.556,MO_SA,Motion & Transportation — to Sail,0.550
PDR623,*kar-,to melt,PA_PO,PA_RU,YES,yes,PA_PO,Physical Acts & Materials — to Pour,0.418,FD_BO,Food & Drink — to Boil (trans,0.408,PW_BU,"Physical World — to Burn, Scorch",0.391
PDR624,*kar-,to sound,SP_HE,LM_ST,YES,yes,SP_HE,Sense Perception — to Hear,0.562,SP_LD,Sense Perception — Loud,0.512,LM_CS,"Language & Music — to Call, Summon",0.470
PDR625,*kar-,1 black 2 to burn,PW_BU,PW_BU,,yes,PW_BU,"Physical World — to Burn, Scorch",0.387,SP_BK,Sense Perception — Black,0.386,PW_FI,Physical World — Fire (n),0.358
PDR626,*kar-,"1 bank 2 bridge, border",MO_BR,PT_BA,YES,yes,MO_BR,Motion & Transportation — Bridge,0.412,PW_RS,"Physical World — Brook, Stream, River",0.375,MO_HP,"Motion & Transportation — Port, Harbor",0.371
PDR627,*kar-,mould,PA_MD,PA_MD,,yes,PA_MD,"Physical Acts & Materials — to Mold, Form",0.463,PA_FS,"Physical Acts & Materials — to Flay, Skin",0.372,PA_SO,"Physical Acts & Materials — to Strew, Spread Out",0.362
PDR628,*kar-,rough,SP_RG,SP_RG,,yes,SP_RG,Sense Perception — Rough,0.358,SP_LL,"Sense Perception — Dull, Blunt",0.294,PW_SA,"Physical World — Sand, Grit",0.281
PDR629,*kar-,"to intend, desire",EM_DE,EM_DE,,yes,EM_DE,Emotion — to Desire,0.577,MT_IP,"Mind & Thought — Purpose, Intention",0.569,EM_WW,"Emotion — to Will, Wish",0.472
PDR630,*Kar-,cartilage,BP_BN,BP_KN,YES,yes,BP_BN,Body Parts & Functions — Bone,0.540,BP_KN,Body Parts & Functions — Knee,0.476,BP_FL,Body Parts & Functions — Flesh,0.453
PDR631,*kar- (*-r_-?),"to hide, steal; to deceive",PT_ST,PT_TH,YES,yes,PT_ST,Possession & Trade — to Steal,0.492,PT_RR,Possession & Trade — to Rob; Robber,0.489,PT_TH,Possession & Trade — Thief,0.454
PDR632,*karaḍ-i,black bear,AN_BR,AN_BR,,yes,AN_BR,Animals — Bear,0.571,AN_LN,Animals — Lion,0.394,AN_WO,Animals — Wolf,0.393
PDR633,*karaḷ-,intestines,BP_NV,BP_NV,,yes,BP_NV,Body Parts & Functions — Navel,0.474,BP_VO,Body Parts & Functions — to Vomit,0.467,BP_ED,"Body Parts & Functions — to Void Excrement; Dung, Excrement",0.460
PDR634,*karb-,"egg, foetus",BP_EG,BP_EG,,yes,BP_EG,Body Parts & Functions — Egg,0.574,BP_BP,Body Parts & Functions — to Beget (of Father),0.498,BP_CC,Body Parts & Functions — to Conceive,0.481
PDR635,*kar_-,"stick, shaft, tooth",BP_TO,BP_TO,,yes,BP_TO,Body Parts & Functions — Tooth,0.465,PA_NA,"Physical Acts & Materials — Nail, Peg",0.404,PA_KF,Physical Acts & Materials — Knife (tool),0.388
PDR636,*kar_-,"anger, enmity",EM_AG,EM_AG,,yes,EM_AG,Emotion — Anger,0.688,EM_RF,"Emotion — Rage, Fury",0.684,EM_HT,Emotion — Hate (n),0.662
PDR637,*kar_- (*-d_-),black,SP_BK,SP_BK,,,SP_BK,Sense Perception — Black,0.545,SP_CO,Sense Perception — Color,0.403,SP_WH,Sense Perception — White,0.392
PDR638,*kar_- (*-d_-),vegetables,FD_VE,FD_VE,,yes,FD_VE,Food & Drink — Vegetables,0.637,FD_CB,Food & Drink — Cabbage,0.482,FD_PT,Food & Drink — Potato,0.481
PDR639,*kar_-nḍ-,a k. of cloth,CA_CL,CA_CL,,yes,CA_CL,Clothing & Adornment — Cloth,0.675,CA_CO,Clothing & Adornment — Cotton,0.587,CA_CD,"Clothing & Adornment — to Clothe, Dress",0.586
PDR640,*kar_v-,hunger,FD_HU,FD_HU,,yes,FD_HU,Food & Drink — Hunger (n),0.620,FD_TH,Food & Drink — Thirst (n),0.472,EM_DE,Emotion — to Desire,0.399
PDR641,*kas-,bitter,SP_BI,SP_BI,,yes,SP_BI,Sense Perception — Bitter,0.458,EM_SA,Emotion — Sad,0.427,EM_HT,Emotion — Hate (n),0.420
PDR642,*kaṬ-,to cut to pieces,PA_CU,PA_CU,,yes,PA_CU,Physical Acts & Materials — to Cut,0.552,PA_TE,Physical Acts & Materials — to Tear,0.435,PA_SS,"Physical Acts & Materials — Shears, Scissors",0.402
PDR643,*kat-,1 to cut down 2 knife,FD_KN,FD_KN,,yes,FD_KN,Food & Drink — Knife,0.476,PA_KF,Physical Acts & Materials — Knife (tool),0.472,PA_CU,Physical Acts & Materials — to Cut,0.446
PDR644,*kaT-,to seize,PT_SG,PT_SG,,yes,PT_SG,"Possession & Trade — to Grasp, Seize, Take Hold of",0.647,PT_TA,Possession & Trade — to Take,0.564,PT_ST,Possession & Trade — to Steal,0.544
PDR645,*kat- (?),to burn,PW_BU,PW_BU,,yes,PW_BU,"Physical World — to Burn, Scorch",0.533,PW_FI,Physical World — Fire (n),0.410,PW_FL,Physical World — Flame (n),0.409
PDR646,*kat_-kāj,chebulic myrobalan,FD_MF,FD_GP,YES,yes,FD_MF,"Food & Drink — Meal, Flour",0.255,SP_AC,"Sense Perception — Sour, Acidic",0.242,FD_NT,Food & Drink — Nut,0.234
PDR647,*kaṭ-,1 to shut 2 to tie up,SR_SH,TI_FI,YES,yes,SR_SH,"Spatial Relations — to Shut, Close",0.418,PA_RC,"Physical Acts & Materials — Rope, Cord",0.371,PA_BI,Physical Acts & Materials — to Bind,0.343
PDR648,*kaṭ-,to pay,PT_PA,PT_PA,,,PT_PA,Possession & Trade — to Pay,0.534,PT_OW,Possession & Trade — to Owe,0.489,PT_DB,Possession & Trade — Debt,0.421
PDR649,*kaṭ-,"soup, decoction",FD_SB,FD_SB,,yes,FD_SB,"Food & Drink — Soup, Broth",0.632,FD_BO,Food & Drink — to Boil (trans,0.517,FD_DI,Food & Drink — Dish,0.456
PDR650,*kaṭil-,cot; litter; bed,DF_BD,DF_BD,,yes,DF_BD,Dwellings & Furniture — Bed,0.400,DF_TE,Dwellings & Furniture — Tent,0.399,DF_HU,Dwellings & Furniture — Hut,0.347
PDR651,*kav-,to catch,PT_SG,AN_HU,YES,yes,PT_SG,"Possession & Trade — to Grasp, Seize, Take Hold of",0.386,PT_SE,Possession & Trade — to Seek,0.335,MO_TH,Motion & Transportation — to Throw,0.328
PDR652,*kav- (*k̂-),1 to curse 2 scandal,RB_CU,RB_CU,,yes,RB_CU,Religion & Beliefs — to Curse,0.482,LJ_SW,Law & Judgment — to Swear,0.353,SO_SQ,"Social Relations — Strife, Quarrel",0.343
PDR653,*kavŋ-,armpit,BP_FC,CA_BR,YES,yes,BP_FC,Body Parts & Functions — Front of Chest,0.477,BP_AR,Body Parts & Functions — Arm,0.451,BP_EB,Body Parts & Functions — Eyebrow,0.438
PDR654,*kaẓ-,to wash,PA_WA,PA_WA,,yes,PA_WA,Physical Acts & Materials — to Wash,0.621,CA_SA,Clothing & Adornment — Soap,0.416,CA_TW,Clothing & Adornment — Towel,0.375
PDR655,*kaẓ-,vulture,AN_BI,AN_BI,,,AN_BI,Animals — Bird,0.409,AN_HN,Animals — Hen,0.395,AN_GS,Animals — Goose,0.378
PDR656,*kaẓ-[al-],to loosen; loose,PA_SO,BP_FB,YES,yes,PA_SO,"Physical Acts & Materials — to Strew, Spread Out",0.460,MO_SH,Motion & Transportation — to Shake,0.450,PA_SR,Physical Acts & Materials — to Stretch,0.435
PDR657,*kaẓ-[c-],1 to defecate 2 to pass,BP_ED,BP_ED,,yes,BP_ED,"Body Parts & Functions — to Void Excrement; Dung, Excrement",0.476,MO_GA,"Motion & Transportation — to Depart, Go Away",0.391,BP_UU,Body Parts & Functions — to Urinate; Urine,0.361
PDR658,*kaẓd-,neck,BP_NK,BP_NK,,yes,BP_NK,Body Parts & Functions — Neck,0.617,BP_TR,Body Parts & Functions — Throat,0.423,BP_FO,Body Parts & Functions — Forehead,0.411
PDR659,*kaǯ- (?),big,SR_XL,SR_SZ,YES,yes,SR_XL,"Spatial Relations — Big, Large, Great",0.409,EM_PD,Emotion — Proud,0.261,AN_EL,Animals — Elephant,0.246
PDR660,*kaǯǯ-,"1 scab, itch 2 to scratch",BP_NA,BP_BI,YES,yes,BP_NA,"Body Parts & Functions — Nail, Claw",0.284,PA_FS,"Physical Acts & Materials — to Flay, Skin",0.275,CA_OI,Clothing & Adornment — Ointment,0.274
PDR661,*kā-,to wait; to watch out,TI_DE,TI_DE,,yes,TI_DE,Time — to Delay,0.557,TI_HH,"Time — to Hurry, Hasten",0.412,SR_RM,"Spatial Relations — to Stay, Wait, Remain",0.404
PDR662,*kāc-,"catechu, areca-nut",FD_NT,AN_CT,YES,yes,FD_NT,Food & Drink — Nut,0.475,FD_DI,Food & Drink — Dish,0.341,FD_AP,Food & Drink — Apple,0.339
PDR663,*kāḍ-,weed,FD_PO,FD_PO,,yes,FD_PO,Food & Drink — Pot,0.476,AV_PN,"Agriculture & Vegetation — Plant, Herb",0.470,AV_ST,Agriculture & Vegetation — Smoke (Tobacco),0.379
PDR664,*kāḍ-,"burnt, charred; lampblack",PW_BU,LJ_AR,YES,yes,PW_BU,"Physical World — to Burn, Scorch",0.450,FD_RF,"Food & Drink — to Roast, Fry",0.423,PW_FI,Physical World — Fire (n),0.374
PDR665,*kāḍ-,field; forest,PW_PF,PW_WF,YES,yes,PW_PF,"Physical World — Plain, Field",0.571,AN_PS,Animals — Pasture,0.436,AV_FC,Agriculture & Vegetation — Field for Cultivation,0.419
PDR666,*kād-,"to fight, kill",WH_FI,WH_FI,,yes,WH_FI,Warfare & Hunting — to Fight,0.633,WH_EN,Warfare & Hunting — Enemy (in War),0.555,WH_WR,Warfare & Hunting — War,0.541
PDR667,*kād- (?),ear,BP_EA,BP_EA,,,BP_EA,Body Parts & Functions — Ear,0.680,SP_HE,Sense Perception — to Hear,0.531,SP_HG,Sense Perception — Hearing (n),0.513
PDR668,*kāj-,fruit; bear fruit,FD_FR,FD_FR,,yes,FD_FR,Food & Drink — Fruit,0.655,FD_PC,Food & Drink — Peach,0.493,FD_AP,Food & Drink — Apple,0.488
PDR669,*kāj-,to be hot; dry,EM_DE,PA_WA,YES,yes,EM_DE,Emotion — to Desire,0.416,SP_HW,"Sense Perception — Hot, Warm",0.402,EM_PL,Emotion — to Please,0.361
PDR670,*kāk-,crow,AN_CK,AN_BI,YES,yes,AN_CK,"Animals — Cock, Rooster",0.427,AN_BI,Animals — Bird,0.416,AN_HN,Animals — Hen,0.394
PDR671,*kāk-,suffering; fatigue; badness,EM_PS,EM_PS,,yes,EM_PS,"Emotion — Pain, Suffering",0.505,EM_MF,Emotion — Misfortune,0.497,EM_PT,Emotion — Pity (n),0.432
PDR672,*kāl-,"leg, foot",BP_LE,BP_FT,YES,yes,BP_LE,Body Parts & Functions — Leg,0.585,BP_FT,Body Parts & Functions — Foot,0.578,BP_TE,Body Parts & Functions — Toe,0.523
PDR673,*kāl-,"canal, channel",PW_RS,MO_HP,YES,yes,PW_RS,"Physical World — Brook, Stream, River",0.363,MO_HP,"Motion & Transportation — Port, Harbor",0.330,PW_GB,"Physical World — Gulf, Bay",0.318
PDR674,*kāḷ-,to burn,PW_BU,PW_BU,,yes,PW_BU,"Physical World — to Burn, Scorch",0.517,FD_RF,"Food & Drink — to Roast, Fry",0.403,PW_FI,Physical World — Fire (n),0.389
PDR675,*kālēj- (?),liver,BP_LV,BP_LV,,,BP_LV,Body Parts & Functions — Liver,0.676,BP_RI,Body Parts & Functions — Rib,0.437,BP_VO,Body Parts & Functions — to Vomit,0.411
PDR676,*kālt_- (?),wind,PW_WI,PW_WI,,yes,PW_WI,"Physical World — Wind, Breeze",0.675,MO_BL,Motion & Transportation — to Blow,0.516,MO_WW,"Motion & Transportation — to Wind, Wrap",0.516
PDR677,*kāl_-,"to leak, flow",MO_FL,MO_FL,,yes,MO_FL,Motion & Transportation — to Flow,0.463,PW_RS,"Physical World — Brook, Stream, River",0.393,PA_PO,Physical Acts & Materials — to Pour,0.386
PDR678,*kāl_-,to spit; to vomit,BP_SP,BP_SP,,yes,BP_SP,Body Parts & Functions — to Spit,0.629,FD_SU,"Food & Drink — to Suck, Suckle",0.522,BP_VO,Body Parts & Functions — to Vomit,0.492
PDR679,*kāmb-,1 stalk 2 handle,AV_SH,WH_SP,YES,yes,AV_SH,Agriculture & Vegetation — Shovel (n),0.421,AV_FO,Agriculture & Vegetation — Fork (tool),0.409,WH_SP,Warfare & Hunting — Spear,0.394
PDR680,*kān-,forest,PW_WF,PW_WF,,yes,PW_WF,"Physical World — Woods, Forest",0.596,AV_BE,Agriculture & Vegetation — Beech,0.491,AV_TR,Agriculture & Vegetation — Tree (generic),0.485
PDR681,*kāṇ-,to see,SP_LO,SP_SE,YES,yes,SP_LO,Sense Perception — to Look,0.515,SP_SE,Sense Perception — to See,0.511,SP_SW,Sense Perception — to Show,0.435
PDR682,*kār-,to gnaw,FD_SU,TI_FI,YES,yes,FD_SU,"Food & Drink — to Suck, Suckle",0.457,BP_BI,Body Parts & Functions — to Bite,0.454,BP_LC,Body Parts & Functions — to Lick,0.415
PDR683,*kā̆r-[ɣ-],1 salty 2 pungent,SP_SA,FD_SL,YES,yes,SP_SA,Sense Perception — Salty,0.537,FD_SL,Food & Drink — Salt,0.487,SP_AC,"Sense Perception — Sour, Acidic",0.481
PDR684,*kāv-,carrying yoke,MO_YO,MO_YO,,yes,MO_YO,Motion & Transportation — Yoke,0.615,MO_CA,"Motion & Transportation — to Bear, Carry",0.505,MO_BG,Motion & Transportation — to Bring,0.386
PDR685,*kāv-i,red ochre,SP_RD,SP_RD,,yes,SP_RD,Sense Perception — Red,0.470,CA_DY,Clothing & Adornment — to Dye,0.436,SP_YL,Sense Perception — Yellow,0.388
PDR686,*kāẓud-,donkey,AN_AD,AN_AD,,yes,AN_AD,"Animals — Ass, Donkey",0.708,AN_MU,Animals — Mule,0.489,AN_GO,Animals — Goat,0.448
PDR687,*ke-,dark red,SP_RD,SP_RD,,yes,SP_RD,Sense Perception — Red,0.495,SP_DC,Sense Perception — Dark in Color,0.421,SP_CO,Sense Perception — Color,0.397
PDR688,*keḍ-,to lie (down),SR_LI,EM_LI,YES,yes,SR_LI,"Spatial Relations — to Lie, Recline",0.467,MO_FA,Motion & Transportation — to Fall,0.368,BP_SL,Body Parts & Functions — to Sleep; Sleep,0.354
PDR689,*keḍ- (*k̂-?),"bush, shrub",AV_BI,AV_PN,YES,yes,AV_BI,Agriculture & Vegetation — Birch,0.315,AV_TR,Agriculture & Vegetation — Tree (generic),0.307,AV_PN,"Agriculture & Vegetation — Plant, Herb",0.306
PDR690,*ked_-,"to close, shut",SR_SH,SR_SH,,yes,SR_SH,"Spatial Relations — to Shut, Close",0.522,TI_CE,Time — to Cease,0.445,DF_DG,"Dwellings & Furniture — Door, Gate",0.377
PDR691,*kej-,field,PW_PF,PW_PF,,yes,PW_PF,"Physical World — Plain, Field",0.557,AV_PL,Agriculture & Vegetation — to Plow; Plow,0.426,PW_GS,"Physical World — Ground, Soil",0.411
PDR692,*kej-,to do,PA_MA,TI_FI,YES,yes,PA_MA,"Physical Acts & Materials — to Do, Make",0.332,PA_WV,"Physical Acts & Materials — to Work, Toil",0.311,FD_CO,Food & Drink — to Cook,0.297
PDR693,*kejḷ-,1 to say; to be understood 2 to hear,SP_HE,SP_HE,,yes,SP_HE,Sense Perception — to Hear,0.346,LM_SY,Language & Music — to Say,0.335,QN_ON,Quantity & Number — One,0.323
PDR694,*kel-,feather,BP_FE,BP_FE,,yes,BP_FE,Body Parts & Functions — Feather,0.497,CA_CB,Clothing & Adornment — Comb,0.403,AN_GS,Animals — Goose,0.371
PDR695,*kèl-,side,SR_SD,EM_GD,YES,yes,SR_SD,Spatial Relations — Side,0.370,SR_LF,Spatial Relations — Left (vs,0.316,EM_RI,Emotion — Right (adj),0.314
PDR696,*ken-,cheek; temple,BP_CK,BP_CK,,yes,BP_CK,Body Parts & Functions — Cheek,0.627,BP_CN,Body Parts & Functions — Chin,0.405,BP_FA,Body Parts & Functions — Face,0.403
PDR697,*keṇ-,"to arouse, irritate; to have sexual intercourse",EM_PL,BP_SI,YES,yes,EM_PL,Emotion — to Please,0.529,EM_DE,Emotion — to Desire,0.509,EM_RF,"Emotion — Rage, Fury",0.503
PDR698,*ker-,to warm by the fire,FD_RF,TI_WI,YES,yes,FD_RF,"Food & Drink — to Roast, Fry",0.391,DF_FP,"Dwellings & Furniture — Hearth, Fireplace",0.380,FD_OV,Food & Drink — Oven,0.361
PDR699,*ker-,to scratch,PA_RU,PA_NA,YES,yes,PA_RU,Physical Acts & Materials — to Rub,0.419,PA_CV,Physical Acts & Materials — to Carve,0.386,BP_LC,Body Parts & Functions — to Lick,0.340
PDR700,*Kerŋ-,feather,BP_FE,BP_FE,,yes,BP_FE,Body Parts & Functions — Feather,0.513,AN_BI,Animals — Bird,0.428,CA_CB,Clothing & Adornment — Comb,0.421
PDR701,*ker_-,"to kill, destroy",PT_DE,BP_KI,YES,,PT_DE,Possession & Trade — to Destroy,0.570,WH_FI,Warfare & Hunting — to Fight,0.562,WH_EN,Warfare & Hunting — Enemy (in War),0.525
PDR702,*kesar_- (*-i-),"mud, mire",PW_MU,PW_MU,,yes,PW_MU,"Physical World — Mud, Mire",0.669,PW_SA,"Physical World — Sand, Grit",0.358,PW_GS,"Physical World — Ground, Soil",0.321
PDR703,*kev-,ear,BP_EA,BP_EA,,yes,BP_EA,Body Parts & Functions — Ear,0.598,SP_HE,Sense Perception — to Hear,0.455,SP_HG,Sense Perception — Hearing (n),0.439
PDR704,*kē-,to lie,SR_LI,EM_LI,YES,yes,SR_LI,"Spatial Relations — to Lie, Recline",0.355,EM_LI,"Emotion — Lie, Falsehood",0.340,EM_DC,Emotion — Deceit,0.337
PDR705,*kēɣ-,"magpie, snipe",AN_BI,AN_BI,,yes,AN_BI,Animals — Bird,0.409,AN_FM,Animals — Fisherman,0.362,AN_FL,Animals — Fly (n),0.360
PDR706,*kēkVl (?),earth,PW_GS,PW_EL,YES,yes,PW_GS,"Physical World — Ground, Soil",0.553,PW_EL,"Physical World — Earth, Land",0.529,PW_SK,"Physical World — Sky, Heavens",0.400
PDR707,*kēḷ-,"to be friends with, ramify, multiply (as families)",MK_FM,SO_FR,YES,,MK_FM,Mankind — Family,0.579,SO_CN,Social Relations — Common (adj),0.510,SO_NE,Social Relations — Neighbor,0.478
PDR708,*kēnd- (?),feather,BP_FE,BP_FE,,yes,BP_FE,Body Parts & Functions — Feather,0.531,AN_BI,Animals — Bird,0.430,AN_GS,Animals — Goose,0.420
PDR709,*kēnd- (?),"to possess, buy",PT_OP,PT_OP,,yes,PT_OP,"Possession & Trade — to Own, Possess",0.754,PT_BU,Possession & Trade — to Buy,0.732,PT_SG,"Possession & Trade — to Grasp, Seize, Take Hold of",0.728
PDR710,*kēr-,side,SR_SD,EM_GD,YES,yes,SR_SD,Spatial Relations — Side,0.395,SR_LF,Spatial Relations — Left (vs,0.315,DF_WL,Dwellings & Furniture — Wall,0.302
PDR711,*kēr-,to shout; to crow,LM_SC,LM_SC,,yes,LM_SC,"Language & Music — to Shout, Cry Out",0.503,EM_GR,Emotion — to Groan,0.444,EM_PL,Emotion — to Please,0.415
PDR712,*kēr-,to sing; to tell,LM_SG,LM_SG,,yes,LM_SG,Language & Music — to Sing,0.558,LM_BO,Language & Music — to Boast,0.401,LM_CS,"Language & Music — to Call, Summon",0.400
PDR713,*kēr-,to lean against,SR_SI,BP_SD,YES,yes,SR_SI,Spatial Relations — to Sit,0.324,SR_LI,"Spatial Relations — to Lie, Recline",0.322,MO_PS,"Motion & Transportation — to Push, Shove",0.314
PDR714,*kēs-,to shave,BP_BE,BP_BE,,,BP_BE,Body Parts & Functions — Beard,0.484,CA_RA,Clothing & Adornment — Razor,0.464,BP_HA,Body Parts & Functions — Hair,0.462
PDR715,*kēs- (?),neck,BP_NK,BP_NK,,yes,BP_NK,Body Parts & Functions — Neck,0.668,BP_FO,Body Parts & Functions — Forehead,0.486,BP_CN,Body Parts & Functions — Chin,0.472
PDR716,*kēs-[mb-],a kind of yam,FD_FR,BP_YG,YES,yes,FD_FR,Food & Drink — Fruit,0.293,FD_PR,Food & Drink — Pear,0.281,FD_DI,Food & Drink — Dish,0.280
PDR717,*kic-,to pinch,PA_SR,BP_NA,YES,yes,PA_SR,Physical Acts & Materials — to Stretch,0.357,PA_KF,Physical Acts & Materials — Knife (tool),0.339,PA_CU,Physical Acts & Materials — to Cut,0.338
PDR718,*kiḍ-,spark,EM_PA,PW_FL,YES,yes,EM_PA,Emotion — Passion,0.350,EM_RF,"Emotion — Rage, Fury",0.318,EM_AG,Emotion — Anger,0.309
PDR719,*kil-,to cry; to sound,EM_CW,EM_CW,,yes,EM_CW,"Emotion — to Cry, Weep",0.615,EM_GR,Emotion — to Groan,0.541,EM_PL,Emotion — to Please,0.484
PDR720,*kil-,small,QN_LF,QN_LF,,yes,QN_LF,"Quantity & Number — Few, Little",0.391,SR_SM,"Spatial Relations — Small, Little",0.282,QN_CW,Quantity & Number — Other Collective Words,0.244
PDR721,*kiḷ-,parrot,AN_BI,AN_BI,,yes,AN_BI,Animals — Bird,0.499,AN_DU,Animals — Duck,0.459,AN_CK,"Animals — Cock, Rooster",0.438
PDR722,*kiḷ-,"rust, verdigris",CA_JW,WH_SW,YES,yes,CA_JW,"Clothing & Adornment — Gem, Jewel",0.298,CA_LE,Clothing & Adornment — Leather,0.296,CA_SI,Clothing & Adornment — Silk,0.295
PDR723,*kIḷ-,"to dig up, stir",AV_DI,AV_DI,,yes,AV_DI,"Agriculture & Vegetation — to Dig, Delve",0.520,AV_SH,Agriculture & Vegetation — Shovel (n),0.446,AV_PL,Agriculture & Vegetation — to Plow; Plow,0.441
PDR724,*kin-,cold,SP_CD,TI_WI,YES,yes,SP_CD,"Sense Perception — Cold, Frigid",0.509,SP_HW,"Sense Perception — Hot, Warm",0.415,TI_WI,Time — Winter,0.404
PDR725,*kin-,to be angry,EM_AG,EM_AG,,yes,EM_AG,Emotion — Anger,0.613,EM_RF,"Emotion — Rage, Fury",0.581,EM_DE,Emotion — to Desire,0.519
PDR726,*kind-,to sprinkle,PA_SO,FD_KD,YES,yes,PA_SO,"Physical Acts & Materials — to Strew, Spread Out",0.427,PA_PO,Physical Acts & Materials — to Pour,0.415,PW_RA,Physical World — Rain (n),0.338
PDR727,"*kinḍ-, *kenḍ-",to cut up; to dig in,PA_CU,AV_DI,YES,yes,PA_CU,Physical Acts & Materials — to Cut,0.543,FD_KN,Food & Drink — Knife,0.474,PA_SS,"Physical Acts & Materials — Shears, Scissors",0.408
PDR728,*kipr-,"shell, skull",BP_SK,BP_SK,,yes,BP_SK,Body Parts & Functions — Skull,0.494,BP_HE,Body Parts & Functions — Head,0.377,BP_BN,Body Parts & Functions — Bone,0.373
PDR729,*kir-,ear,BP_EA,BP_EA,,yes,BP_EA,Body Parts & Functions — Ear,0.604,SP_HE,Sense Perception — to Hear,0.442,SP_HG,Sense Perception — Hearing (n),0.425
PDR730,*kir_-,1 small 2 young,TI_YG,TI_YG,,yes,TI_YG,Time — Young,0.373,QN_LF,"Quantity & Number — Few, Little",0.339,TI_AG,Time — Age,0.296
PDR731,*kir_-,"anger, angry; displeased",EM_AG,EM_AG,,yes,EM_AG,Emotion — Anger,0.685,EM_RF,"Emotion — Rage, Fury",0.655,EM_HT,Emotion — Hate (n),0.559
PDR732,*kir_l-,wrist,BP_EL,CA_BR,YES,yes,BP_EL,Body Parts & Functions — Elbow,0.452,BP_TM,Body Parts & Functions — Thumb,0.431,BP_HN,Body Parts & Functions — Hand,0.413
PDR733,*kit-,to tickle,EM_PL,BP_LC,YES,yes,EM_PL,Emotion — to Please,0.421,BP_LC,Body Parts & Functions — to Lick,0.376,EM_GR,Emotion — to Groan,0.368
PDR734,*Kiṭ-,to touch; near,SP_TV,SP_TV,,yes,SP_TV,Sense Perception — to Touch,0.626,SP_TC,Sense Perception — Touch (n),0.534,PA_RU,Physical Acts & Materials — to Rub,0.508
PDR735,*kiẓ[i]-,to pluck,PA_CU,AV_PL,YES,yes,PA_CU,Physical Acts & Materials — to Cut,0.440,PA_TE,Physical Acts & Materials — to Tear,0.409,PA_FS,"Physical Acts & Materials — to Flay, Skin",0.396
PDR736,*kīd_- (*-r_-),to tear; to slash,PA_TE,PA_TE,,yes,PA_TE,Physical Acts & Materials — to Tear,0.561,EM_TR,Emotion — Tear (n),0.531,EM_CW,"Emotion — to Cry, Weep",0.455
PDR737,*kīḷ-,"to rend, split",PA_SP,PA_SP,,yes,PA_SP,Physical Acts & Materials — to Split,0.489,PA_TE,Physical Acts & Materials — to Tear,0.430,PA_BK,Physical Acts & Materials — to Break,0.378
PDR738,*kīp-,comb; to comb,CA_CB,CA_CB,,yes,CA_CB,Clothing & Adornment — Comb,0.517,AV_PL,Agriculture & Vegetation — to Plow; Plow,0.352,CA_BH,Clothing & Adornment — Brush,0.349
PDR739,*kīr-,"herbs, greens",AV_PN,AV_PN,,yes,AV_PN,"Agriculture & Vegetation — Plant, Herb",0.544,FD_VE,Food & Drink — Vegetables,0.510,AV_LE,Agriculture & Vegetation — Leaf,0.435
PDR740,*Kīr-,to be cold,SP_CD,TI_WI,YES,yes,SP_CD,"Sense Perception — Cold, Frigid",0.453,TI_WI,Time — Winter,0.384,EM_DE,Emotion — to Desire,0.372
PDR741,*kīr_- (*-d_-),"to cry, call",EM_CW,EM_CW,,yes,EM_CW,"Emotion — to Cry, Weep",0.542,EM_TR,Emotion — Tear (n),0.445,EM_DR,Emotion — Dear,0.419
PDR742,*kīẓ-,lower; beneath,SR_LO,SR_BO,YES,yes,SR_LO,Spatial Relations — Low,0.319,MO_SI,Motion & Transportation — to Sink,0.226,SR_HI,Spatial Relations — High,0.214
PDR743,*kīẓ-,old,TI_OL,TI_OL,,yes,TI_OL,Time — Old,0.617,TI_AG,Time — Age,0.504,TI_YG,Time — Young,0.396
PDR744,*kobbar-,"coconut kernel, copra",FD_NT,AV_ST,YES,yes,FD_NT,Food & Drink — Nut,0.437,FD_BN,Food & Drink — Bean,0.410,FD_PE,Food & Drink — Pea,0.396
PDR745,*kod-,to boil; to reduce to pulp,FD_BO,FD_BO,,yes,FD_BO,Food & Drink — to Boil (trans,0.727,MO_BO,Motion & Transportation — to Boil (intrans,0.533,FD_CO,Food & Drink — to Cook,0.518
PDR746,*koḍ-,"1 crook, curve 2 sickle",PA_BN,SR_HK,YES,yes,PA_BN,Physical Acts & Materials — to Bend,0.339,PA_NA,"Physical Acts & Materials — Nail, Peg",0.321,WH_AW,Warfare & Hunting — Arrow,0.304
PDR747,*koḍ-,"point, peak",PW_MH,PW_MH,,yes,PW_MH,"Physical World — Hill, Mountain",0.422,SR_PO,Spatial Relations — Point,0.385,SR_TO,Spatial Relations — Top,0.309
PDR748,*koḍ-,to give (to 3rd person),PT_GI,PT_GI,,,PT_GI,Possession & Trade — to Give,0.622,PT_LD,Possession & Trade — to Lend,0.538,PT_GB,"Possession & Trade — to Return, Give Back",0.497
PDR749,*kod_-,hen,AN_HN,AN_HN,,yes,AN_HN,Animals — Hen,0.700,AN_HC,"Animals — Hen, Chicken (generic)",0.626,AN_CK,"Animals — Cock, Rooster",0.555
PDR750,*kod_-,to bite,BP_BI,BP_BI,,yes,BP_BI,Body Parts & Functions — to Bite,0.617,FD_SU,"Food & Drink — to Suck, Suckle",0.444,BP_LC,Body Parts & Functions — to Lick,0.387
PDR751,*kod_l-,millet,FD_ML,FD_ML,,yes,FD_ML,Food & Drink — Mill,0.513,AV_GG,"Agriculture & Vegetation — Grain (generic, British Corn)",0.417,FD_MF,"Food & Drink — Meal, Flour",0.417
PDR752,*koɣ-,child,MK_CH,AN_KI,YES,yes,MK_CH,Mankind — Child,0.533,MK_IN,Mankind — Infant,0.428,AN_KI,Animals — Kid,0.404
PDR753,*koj-,to reap,AV_MR,TI_AN,YES,yes,AV_MR,"Agriculture & Vegetation — to Mow, Reap",0.600,AV_SS,Agriculture & Vegetation — to Sow; Seed,0.480,AV_PL,Agriculture & Vegetation — to Plow; Plow,0.463
PDR754,*koj-,stick,PW_MT,PW_MT,,yes,PW_MT,"Physical World — Match, Fire Stick",0.356,PA_NA,"Physical Acts & Materials — Nail, Peg",0.331,FD_SP,Food & Drink — Spoon,0.330
PDR755,*Koj (?),smoke,PW_SM,PW_SM,,yes,PW_SM,Physical World — Smoke (n),0.594,AV_ST,Agriculture & Vegetation — Smoke (Tobacco),0.522,FD_PO,Food & Drink — Pot,0.396
PDR756,*kok-,"beak, bill",AN_CK,AN_BI,YES,yes,AN_CK,"Animals — Cock, Rooster",0.464,BP_FE,Body Parts & Functions — Feather,0.434,AN_BI,Animals — Bird,0.425
PDR757,*kol-,to kill,BP_KI,BP_KI,,yes,BP_KI,Body Parts & Functions — to Kill,0.466,WH_FI,Warfare & Hunting — to Fight,0.456,AN_HU,Animals — to Hunt,0.410
PDR758,*kol-,to forge,PA_FG,PA_FG,,yes,PA_FG,Physical Acts & Materials — to Forge,0.648,PA_AC,"Physical Acts & Materials — Artisan, Craftsman",0.444,PA_CM,Physical Acts & Materials — to Cast (metals),0.423
PDR759,*koḷ-,horse gram,AN_HO,AN_HO,,yes,AN_HO,Animals — Horse (generic),0.483,AN_PS,Animals — Pasture,0.396,AV_PN,"Agriculture & Vegetation — Plant, Herb",0.385
PDR760,*koḷ-,firebrand,PW_FL,PW_FI,YES,yes,PW_FL,Physical World — Flame (n),0.333,PW_FI,Physical World — Fire (n),0.312,PW_BU,"Physical World — to Burn, Scorch",0.272
PDR761,*Kol-,"to bend, curve",PA_BN,PA_BN,,yes,PA_BN,Physical Acts & Materials — to Bend,0.613,PA_SR,Physical Acts & Materials — to Stretch,0.449,PA_FO,Physical Acts & Materials — to Fold,0.403
PDR762,*kol-,"valley, bay",PW_GB,PW_VA,YES,yes,PW_GB,"Physical World — Gulf, Bay",0.458,PW_VA,"Physical World — Dale, Valley",0.367,MO_HP,"Motion & Transportation — Port, Harbor",0.355
PDR763,*kol- (?),tail,BP_TA,BP_TA,,,BP_TA,Body Parts & Functions — Tail,0.635,CA_FU,Clothing & Adornment — Fur,0.399,CA_CR,Clothing & Adornment — Collar,0.378
PDR764,*kom-,branch; horn,BP_HO,BP_HO,,yes,BP_HO,Body Parts & Functions — Horn,0.340,BP_TA,Body Parts & Functions — Tail,0.312,PW_TR,"Physical World — Tree, Oak",0.297
PDR765,*komb- (?),far,SR_FR,SR_FR,,yes,SR_FR,Spatial Relations — Far (adj),0.453,SR_NE,Spatial Relations — Near (adj),0.416,MO_GA,"Motion & Transportation — to Depart, Go Away",0.352
PDR766,*kon-,"tip, end",FD_SP,TI_FI,YES,yes,FD_SP,Food & Drink — Spoon,0.341,TI_CE,Time — to Cease,0.311,BP_TA,Body Parts & Functions — Tail,0.299
PDR767,*ko(n)c-,"little, few; small; mean, humble",QN_LF,QN_LF,,yes,QN_LF,"Quantity & Number — Few, Little",0.507,QN_MM,"Quantity & Number — Much, Many",0.322,QN_EN,Quantity & Number — Enough,0.285
PDR768,*kond-,dumb,MT_FS,MT_FS,,yes,MT_FS,"Mind & Thought — Stupid, Foolish",0.337,SP_SA,Sense Perception — Salty,0.252,EM_UG,Emotion — Ugly,0.242
PDR769,*konḍ-,tuft of hair; knob,BP_HA,BP_HA,,yes,BP_HA,Body Parts & Functions — Hair,0.480,CA_CB,Clothing & Adornment — Comb,0.436,BP_BE,Body Parts & Functions — Beard,0.409
PDR770,*kond_-,hill,PW_MH,PW_MH,,yes,PW_MH,"Physical World — Hill, Mountain",0.536,AV_RY,Agriculture & Vegetation — Rye,0.288,AV_OK,Agriculture & Vegetation — Oak,0.281
PDR771,*koŋ(k)-,"woman's breast, nipple",BP_BW,BP_BW,,yes,BP_BW,Body Parts & Functions — Breast of Woman,0.642,BP_BM,Body Parts & Functions — to Bear (of Mother),0.418,BP_UA,Body Parts & Functions — Udder of Animals,0.382
PDR772,*kop-,topknot of hair,CA_CB,BP_HA,YES,yes,CA_CB,Clothing & Adornment — Comb,0.446,BP_HA,Body Parts & Functions — Hair,0.426,CA_FU,Clothing & Adornment — Fur,0.407
PDR773,*kop-,women's ornament,CA_WD,MK_FS,YES,yes,CA_WD,Clothing & Adornment — Woman's Dress,0.575,CA_NC,Clothing & Adornment — Necklace,0.557,CA_JW,"Clothing & Adornment — Gem, Jewel",0.498
PDR774,*Kopaḷ- (*-u-),"blister, bubble",CA_OI,CA_PI,YES,yes,CA_OI,Clothing & Adornment — Ointment,0.286,BP_SS,Body Parts & Functions — Sick; Sickness,0.271,PA_FS,"Physical Acts & Materials — to Flay, Skin",0.268
PDR775,*kor- (*-u-),mud,PW_MU,PW_MU,,yes,PW_MU,"Physical World — Mud, Mire",0.571,PW_SA,"Physical World — Sand, Grit",0.390,PA_WA,Physical Acts & Materials — to Wash,0.374
PDR776,*korŋ-,"crane, heron",AN_BI,AN_BI,,yes,AN_BI,Animals — Bird,0.542,AN_CK,"Animals — Cock, Rooster",0.466,AN_DU,Animals — Duck,0.458
PDR777,*kor_-,sheep,AN_SH,AN_SH,,yes,AN_SH,Animals — Sheep,0.627,AN_LA,Animals — Lamb,0.513,AN_GO,Animals — Goat,0.445
PDR778,*kor_-,cold,SP_CD,TI_WI,YES,yes,SP_CD,"Sense Perception — Cold, Frigid",0.526,TI_WI,Time — Winter,0.420,SP_HW,"Sense Perception — Hot, Warm",0.412
PDR779,*kor_- (*-d_-),"anger, angrily",EM_AG,EM_AG,,yes,EM_AG,Emotion — Anger,0.689,EM_RF,"Emotion — Rage, Fury",0.661,EM_PA,Emotion — Passion,0.547
PDR780,*kos- (?),to burn,PW_BU,PW_BU,,yes,PW_BU,"Physical World — to Burn, Scorch",0.559,PW_FI,Physical World — Fire (n),0.417,PW_FL,Physical World — Flame (n),0.406
PDR781,*kot-,to peck,PA_CV,AN_CK,YES,yes,PA_CV,Physical Acts & Materials — to Carve,0.404,BP_LC,Body Parts & Functions — to Lick,0.392,BP_BI,Body Parts & Functions — to Bite,0.349
PDR782,*kot- (?),new,TI_NW,TI_NW,,,TI_NW,Time — New,0.494,TI_OL,Time — Old,0.406,EM_GD,Emotion — Good,0.290
PDR783,*koṭ-,to dig; to peck; to break,AV_DI,AV_DI,,yes,AV_DI,"Agriculture & Vegetation — to Dig, Delve",0.518,AV_SH,Agriculture & Vegetation — Shovel (n),0.421,PA_CV,Physical Acts & Materials — to Carve,0.381
PDR784,*kovanS-,spider,AN_SK,AN_IN,YES,yes,AN_SK,Animals — Snake,0.398,AN_IN,Animals — Insect,0.361,AN_WR,Animals — Worm,0.357
PDR785,*koẓ-,"tube, pipe; hole, pit",BP_TR,AN_MU,YES,yes,BP_TR,Body Parts & Functions — Throat,0.328,MO_BL,Motion & Transportation — to Blow,0.323,PW_RS,"Physical World — Brook, Stream, River",0.317
PDR786,"*koẓ-, *koṇ-",to buy; to take,PT_BU,PT_BU,,yes,PT_BU,Possession & Trade — to Buy,0.608,PT_SL,Possession & Trade — to Sell,0.545,PT_TA,Possession & Trade — to Take,0.515
PDR787,*Koẓŋ-,neck; Adam's apple,BP_NK,FD_AP,YES,yes,BP_NK,Body Parts & Functions — Neck,0.599,BP_FO,Body Parts & Functions — Forehead,0.406,BP_CN,Body Parts & Functions — Chin,0.403
PDR788,*koẓv-,fat,FD_BT,BP_LI,YES,yes,FD_BT,Food & Drink — Butter,0.329,EM_PD,Emotion — Proud,0.305,FD_HU,Food & Drink — Hunger (n),0.292
PDR789,*kō-,"to string, insert, thread",CA_TH,CA_TH,,yes,CA_TH,Clothing & Adornment — Thread,0.424,CA_WE,Clothing & Adornment — to Weave,0.402,CA_SE,Clothing & Adornment — to Sew,0.392
PDR790,*kō-,"1 king 2 palace, temple 3 high",RB_TM,RB_TM,,yes,RB_TM,Religion & Beliefs — Temple,0.410,SO_NN,Social Relations — Other Titles of Nobility,0.392,SO_EM,Social Relations — Emperor,0.389
PDR791,*kōc- (?),bone,BP_BN,BP_BN,,,BP_BN,Body Parts & Functions — Bone,0.640,BP_JW,Body Parts & Functions — Jaw,0.424,BP_RI,Body Parts & Functions — Rib,0.415
PDR792,*kōḍ-,"bull, cow",AN_BU,AN_BU,,yes,AN_BU,Animals — Bull,0.700,AN_CO,Animals — Cow,0.663,AN_OX,"Animals — Ox, Steer",0.616
PDR793,*kōḍ-,horn,BP_HO,BP_HO,,yes,BP_HO,Body Parts & Functions — Horn,0.512,AN_MA,Animals — Male Animal,0.318,WH_SP,Warfare & Hunting — Spear,0.307
PDR794,*kōḍ- (?),to lie down,SR_LI,EM_LI,YES,yes,SR_LI,"Spatial Relations — to Lie, Recline",0.434,BP_SL,Body Parts & Functions — to Sleep; Sleep,0.392,MO_FA,Motion & Transportation — to Fall,0.346
PDR795,*kōl-,stick,PW_MT,PW_MT,,yes,PW_MT,"Physical World — Match, Fire Stick",0.366,FD_SP,Food & Drink — Spoon,0.345,MO_PS,"Motion & Transportation — to Push, Shove",0.312
PDR796,*kōl-,"largeness, big",SR_XL,SR_XL,,yes,SR_XL,"Spatial Relations — Big, Large, Great",0.557,QN_CW,Quantity & Number — Other Collective Words,0.409,SR_SZ,Spatial Relations — Size (n),0.375
PDR797,*Kōḷ-,calumny; abuse,LJ_PY,EM_TC,YES,yes,LJ_PY,Law & Judgment — Perjury,0.268,LJ_CR,"Law & Judgment — Crime, Misdeed",0.247,LJ_AC,Law & Judgment — to Accuse,0.234
PDR798,*kōl-,"belly, womb",BP_WO,BP_WO,,yes,BP_WO,Body Parts & Functions — Womb,0.559,BP_BS,"Body Parts & Functions — Belly, Stomach",0.511,BP_NV,Body Parts & Functions — Navel,0.488
PDR799,*kōṇ-,1 corner 2 crooked,SR_CR,SR_CN,YES,yes,SR_CR,Spatial Relations — Crooked,0.430,SR_CN,"Spatial Relations — Angle, Corner",0.427,SR_SG,Spatial Relations — Straight,0.329
PDR800,*kōnḍ-,"hook, curved",PA_BN,PA_BN,,yes,PA_BN,Physical Acts & Materials — to Bend,0.364,PA_NA,"Physical Acts & Materials — Nail, Peg",0.343,PA_FO,Physical Acts & Materials — to Fold,0.325
PDR801,*kōnd-,bull,AN_BU,AN_BU,,yes,AN_BU,Animals — Bull,0.586,AN_OX,"Animals — Ox, Steer",0.433,AN_CO,Animals — Cow,0.401
PDR802,*kōnt-,monkey,AN_MK,AN_MK,,yes,AN_MK,Animals — Monkey,0.613,AN_AN,Animals — Animal,0.388,AN_LN,Animals — Lion,0.381
PDR803,*kōp-,to tend cattle,AN_HE,AN_PV,YES,yes,AN_HE,Animals — Herdsman,0.544,AN_LI,Animals — Livestock,0.481,AN_PV,Animals — to Pasture,0.471
PDR804,*kōr-,"to drink, eat (greedily)",FD_SU,FD_EA,YES,yes,FD_SU,"Food & Drink — to Suck, Suckle",0.611,FD_EA,Food & Drink — to Eat,0.547,FD_TH,Food & Drink — Thirst (n),0.538
PDR805,"*kōr-, *kUSar-","to desire, wish; bonus",EM_DE,EM_DE,,yes,EM_DE,Emotion — to Desire,0.594,EM_WW,"Emotion — to Will, Wish",0.535,PT_SE,Possession & Trade — to Seek,0.455
PDR806,*kōr_-,"1 to scratch 2 tusk, fang",WH_BA,TI_FI,YES,yes,WH_BA,Warfare & Hunting — Battle-Ax,0.392,BP_NA,"Body Parts & Functions — Nail, Claw",0.392,WH_SW,Warfare & Hunting — Sword,0.377
PDR807,*kōṭ-ai,"fort, fortress",WH_FT,WH_FT,,yes,WH_FT,Warfare & Hunting — Fortress,0.616,WH_TW,Warfare & Hunting — Tower,0.382,DF_TE,Dwellings & Furniture — Tent,0.354
PDR808,*kō(v)-,"up, high; mountain",MO_RI,PW_MH,YES,yes,MO_RI,Motion & Transportation — to Rise,0.352,MO_RL,"Motion & Transportation — to Lift, Raise",0.340,TI_MG,Time — Morning,0.315
PDR809,*kō̆ẓ-,young; sprout,TI_YG,TI_YG,,yes,TI_YG,Time — Young,0.495,TI_AG,Time — Age,0.386,TI_OL,Time — Old,0.350
PDR810,*kōẓ-i,fowl,AN_HN,AN_GS,YES,yes,AN_HN,Animals — Hen,0.515,AN_CK,"Animals — Cock, Rooster",0.500,AN_HC,"Animals — Hen, Chicken (generic)",0.487
PDR811,*kuc-,"tassel, tuft; cluster",CA_CB,MO_HP,YES,yes,CA_CB,Clothing & Adornment — Comb,0.475,CA_WE,Clothing & Adornment — to Weave,0.450,CA_HF,Clothing & Adornment — Handkerchief,0.449
PDR812,*kud-,"to shake, agitate; to jump",MO_SH,MO_SH,,yes,MO_SH,Motion & Transportation — to Shake,0.610,PA_SO,"Physical Acts & Materials — to Strew, Spread Out",0.418,EM_GR,Emotion — to Groan,0.412
PDR813,*kùḍ-,"pot, bowl",FD_BW,FD_BW,,yes,FD_BW,Food & Drink — Bowl,0.608,FD_PO,Food & Drink — Pot,0.548,FD_SB,"Food & Drink — Soup, Broth",0.517
PDR814,*kudal-,a k. of tree,AV_TR,PW_TR,YES,yes,AV_TR,Agriculture & Vegetation — Tree (generic),0.575,PW_TR,"Physical World — Tree, Oak",0.549,PW_WF,"Physical World — Woods, Forest",0.464
PDR815,*kuḍ-i-,to drink,FD_DR,FD_DR,,yes,FD_DR,Food & Drink — to Drink,0.510,FD_SU,"Food & Drink — to Suck, Suckle",0.487,FD_CO,Food & Drink — to Cook,0.453
PDR816,*kudir-,horse,AN_HO,AN_HO,,yes,AN_HO,Animals — Horse (generic),0.596,AN_SN,Animals — Stallion,0.591,AN_FC,"Animals — Foal, Colt",0.554
PDR817,*kudir-,"to settle, fix, adjust",DF_DW,LJ_FI,YES,yes,DF_DW,"Dwellings & Furniture — to Live, Dwell",0.349,AV_PL,Agriculture & Vegetation — to Plow; Plow,0.329,PA_SR,Physical Acts & Materials — to Stretch,0.322
PDR818,"*kUd-, *kUd-al-","to prattle, mumble",LM_BS,LM_SC,YES,yes,LM_BS,Language & Music — to be Silent,0.401,EM_GR,Emotion — to Groan,0.398,LM_SC,"Language & Music — to Shout, Cry Out",0.342
PDR819,*kud_-,"to cut, fell",PA_CU,PA_CU,,yes,PA_CU,Physical Acts & Materials — to Cut,0.528,PA_SS,"Physical Acts & Materials — Shears, Scissors",0.418,FD_KN,Food & Drink — Knife,0.405
PDR820,*kud_uŋ-,thigh,BP_LE,BP_LE,,yes,BP_LE,Body Parts & Functions — Leg,0.512,BP_KN,Body Parts & Functions — Knee,0.478,BP_FL,Body Parts & Functions — Flesh,0.414
PDR821,*kuɣ-il-,Indian cuckoo,AN_BI,AN_BI,,yes,AN_BI,Animals — Bird,0.413,AN_GS,Animals — Goose,0.368,AN_DU,Animals — Duck,0.359
PDR822,*kuK-,"to sit, squat",BP_LE,BP_KN,YES,yes,BP_LE,Body Parts & Functions — Leg,0.405,SR_SI,Spatial Relations — to Sit,0.403,BP_KN,Body Parts & Functions — Knee,0.389
PDR823,*kuk- (?),head,BP_HE,BP_HE,,yes,BP_HE,Body Parts & Functions — Head,0.652,BP_FO,Body Parts & Functions — Forehead,0.566,BP_SK,Body Parts & Functions — Skull,0.557
PDR824,*kul-,1 to shake 2 to fear,MO_SH,MO_SH,,yes,MO_SH,Motion & Transportation — to Shake,0.538,EM_FF,"Emotion — Fear, Fright",0.482,EM_RF,"Emotion — Rage, Fury",0.374
PDR825,*kUḷ-,"pond, vessel; to run, leak from a vessel",PW_LA,PW_LA,,yes,PW_LA,"Physical World — Lake, Pond",0.594,PW_RS,"Physical World — Brook, Stream, River",0.396,MO_BT,Motion & Transportation — Boat,0.391
PDR826,*kul-,"stalk, stem",AV_FO,AV_SS,YES,yes,AV_FO,Agriculture & Vegetation — Fork (tool),0.478,AV_SH,Agriculture & Vegetation — Shovel (n),0.434,AV_PN,"Agriculture & Vegetation — Plant, Herb",0.429
PDR827,*kuḷ-,"to bathe, wash",PA_WA,PA_WA,,,PA_WA,Physical Acts & Materials — to Wash,0.674,CA_SA,Clothing & Adornment — Soap,0.491,CA_TW,Clothing & Adornment — Towel,0.450
PDR828,*kuḷ-,short,TI_LS,SR_SS,YES,,TI_LS,Time — to Last,0.371,TI_FI,Time — to Finish,0.341,TI_SW,"Time — Fast, Swift, Quick",0.309
PDR829,*kuḷ- (?),cool,FD_BB,TI_NO,YES,,FD_BB,Food & Drink — Beer,0.240,TI_TH,Time — Thursday,0.221,MT_SR,Mind & Thought — Secret,0.205
PDR830,*kuḷ- (?),to sit,SR_SI,SR_SI,,,SR_SI,Spatial Relations — to Sit,0.560,MO_RW,Motion & Transportation — to Row,0.427,SR_LI,"Spatial Relations — to Lie, Recline",0.391
PDR831,*kulur-,crane,AN_BI,WH_TW,YES,yes,AN_BI,Animals — Bird,0.411,MO_RL,"Motion & Transportation — to Lift, Raise",0.383,AN_CK,"Animals — Cock, Rooster",0.377
PDR832,*kum-,"smell of embers, smoke",PW_SM,SP_BD,YES,yes,PW_SM,Physical World — Smoke (n),0.470,SP_BD,"Sense Perception — Stinking, Bad Smelling",0.423,PW_FI,Physical World — Fire (n),0.410
PDR833,*kUm-,a k. of basket,PA_BA,PA_BA,,yes,PA_BA,Physical Acts & Materials — Basket,0.449,MO_CW,"Motion & Transportation — Cart, Wagon, Carriage",0.346,FD_KD,Food & Drink — to Knead,0.345
PDR834,*Kun-,to dance,MO_DA,MO_DA,,yes,MO_DA,Motion & Transportation — to Dance,0.622,MO_JL,"Motion & Transportation — to Jump, Leap",0.425,MO_WA,Motion & Transportation — to Walk,0.364
PDR835,*kuń-,young of animal,AN_CF,AN_KI,YES,yes,AN_CF,Animals — Calf,0.503,AN_PU,Animals — Puppy,0.491,AN_FC,"Animals — Foal, Colt",0.458
PDR836,*kund-,log; pillar,PW_WD,PW_AS,YES,yes,PW_WD,"Physical World — Wood, Timber",0.333,PW_WF,"Physical World — Woods, Forest",0.290,AN_BR,Animals — Bear,0.281
PDR837,*kunḍ-,"buttock, anus",BP_NV,AN_AD,YES,yes,BP_NV,Body Parts & Functions — Navel,0.496,BP_ED,"Body Parts & Functions — to Void Excrement; Dung, Excrement",0.489,BP_FL,Body Parts & Functions — Flesh,0.486
PDR838,*kun-i,bee,AN_BE,AN_BE,,yes,AN_BE,Animals — Bee,0.683,AN_IN,Animals — Insect,0.425,FD_HO,Food & Drink — Honey,0.392
PDR839,*kunt-/*kud-,"to sit, squat",SR_SI,BP_KN,YES,yes,SR_SI,Spatial Relations — to Sit,0.396,BP_LE,Body Parts & Functions — Leg,0.385,MO_RW,Motion & Transportation — to Row,0.380
PDR840,*kunṭ-,lame,TI_SL,EM_SA,YES,yes,TI_SL,Time — Slow (adj),0.237,AN_AD,"Animals — Ass, Donkey",0.232,EM_UG,Emotion — Ugly,0.226
PDR841,*kup-,heap; stack,PW_AS,PW_MU,YES,yes,PW_AS,Physical World — Ash(es),0.347,AV_SH,Agriculture & Vegetation — Shovel (n),0.338,AN_BA,Animals — Barrow,0.299
PDR842,*kup-,hut; village,DF_HU,DF_HU,,yes,DF_HU,Dwellings & Furniture — Hut,0.647,DF_TE,Dwellings & Furniture — Tent,0.440,DF_HS,Dwellings & Furniture — House,0.382
PDR843,*kup-,to jump,MO_JL,MO_JL,,,MO_JL,"Motion & Transportation — to Jump, Leap",0.679,MO_SW,Motion & Transportation — to Swim,0.459,MO_DA,Motion & Transportation — to Dance,0.428
PDR844,*kur-,"antelope, deer",AN_DE,AN_DE,,yes,AN_DE,Animals — Deer,0.681,AN_AN,Animals — Animal,0.544,AN_BO,Animals — Boar,0.536
PDR845,*kur-,"to shrink, wither",TI_CE,PT_MS,YES,yes,TI_CE,Time — to Cease,0.385,PA_SR,Physical Acts & Materials — to Stretch,0.360,PA_TE,Physical Acts & Materials — to Tear,0.359
PDR846,*kur-,brilliancy; silver,MT_OB,PA_SI,YES,,MT_OB,Mind & Thought — Obscure,0.378,LM_LT,Language & Music — Literature,0.367,LM_PO,Language & Music — Poet,0.367
PDR847,*kur-,"seed, nut",FD_NT,FD_NT,,,FD_NT,Food & Drink — Nut,0.673,AV_SS,Agriculture & Vegetation — to Sow; Seed,0.490,FD_PE,Food & Drink — Pea,0.482
PDR848,*kural-,voice; sound,LM_VO,LM_VO,,yes,LM_VO,Language & Music — Voice (n),0.493,SP_HE,Sense Perception — to Hear,0.446,LM_SG,Language & Music — to Sing,0.415
PDR849,*kurc-,stump,AV_FO,FD_KN,YES,yes,AV_FO,Agriculture & Vegetation — Fork (tool),0.321,BP_LE,Body Parts & Functions — Leg,0.300,PW_TR,"Physical World — Tree, Oak",0.292
PDR850,*kuriŋ-,bee,AN_BE,AN_BE,,yes,AN_BE,Animals — Bee,0.705,AN_IN,Animals — Insect,0.423,FD_HO,Food & Drink — Honey,0.374
PDR851,*kurk-,a k. of basket,PA_BA,PA_BA,,yes,PA_BA,Physical Acts & Materials — Basket,0.482,FD_PJ,"Food & Drink — Jug, Pitcher",0.372,FD_KD,Food & Drink — to Knead,0.366
PDR852,*kùruḍ-,blind,SP_LL,SP_BR,YES,yes,SP_LL,"Sense Perception — Dull, Blunt",0.395,SP_SE,Sense Perception — to See,0.393,SP_SI,Sense Perception — Sight (subj),0.383
PDR853,*kurud-,blood; red colour,BP_BL,BP_BL,,yes,BP_BL,Body Parts & Functions — Blood,0.476,PA_FS,"Physical Acts & Materials — to Flay, Skin",0.285,FD_KN,Food & Drink — Knife,0.282
PDR854,*kur[v]-,owl,AN_BI,AN_BI,,yes,AN_BI,Animals — Bird,0.420,AN_MU,Animals — Mule,0.399,AN_HN,Animals — Hen,0.391
PDR855,*kur[V]m-,spider,AN_IN,AN_IN,,,AN_IN,Animals — Insect,0.454,AN_SK,Animals — Snake,0.445,AN_WR,Animals — Worm,0.435
PDR856,*kur-Vŋ-,"to bend, fall down",PA_BN,PA_BN,,yes,PA_BN,Physical Acts & Materials — to Bend,0.534,MO_FA,Motion & Transportation — to Fall,0.440,MO_DR,Motion & Transportation — to Drop,0.420
PDR857,*kur_-,male calf; colt,AN_CF,AN_CF,,yes,AN_CF,Animals — Calf,0.702,AN_MA,Animals — Male Animal,0.586,AN_SN,Animals — Stallion,0.530
PDR858,*kur_-,"to pound, pestle",PA_SH,PT_AS,YES,yes,PA_SH,"Physical Acts & Materials — to Hit, Strike, Beat",0.346,EM_GR,Emotion — to Groan,0.314,PA_MO,Physical Acts & Materials — Mortar,0.313
PDR859,*kur_- (*-d_-),small,QN_LF,QN_LF,,yes,QN_LF,"Quantity & Number — Few, Little",0.332,SR_SM,"Spatial Relations — Small, Little",0.289,TI_SL,Time — Slow (adj),0.236
PDR860,*kùr_- (*-d_-),name of a mountain tribe,SO_TC,SO_TC,,yes,SO_TC,"Social Relations — Tribe, Clan, Family",0.365,AN_HE,Animals — Herdsman,0.298,AV_PN,"Agriculture & Vegetation — Plant, Herb",0.274
PDR861,*kUr_aḍ- (*-d_-),"trunk, log, stump",PW_WD,BP_TA,YES,yes,PW_WD,"Physical World — Wood, Timber",0.486,PW_TR,"Physical World — Tree, Oak",0.452,PW_WF,"Physical World — Woods, Forest",0.415
PDR862,*kus-,potter caste,SO_TC,PA_PT,YES,yes,SO_TC,"Social Relations — Tribe, Clan, Family",0.357,RB_MW,"Religion & Beliefs — Magic, Witchcraft, Sorcery",0.342,PA_PT,Physical Acts & Materials — Potter,0.329
PDR863,*kuS-[Vr-],vegetables,FD_VE,FD_VE,,yes,FD_VE,Food & Drink — Vegetables,0.623,FD_PT,Food & Drink — Potato,0.476,FD_CB,Food & Drink — Cabbage,0.469
PDR864,*kut-,1 to pierce 2 to dig,AV_DI,WH_SP,YES,yes,AV_DI,"Agriculture & Vegetation — to Dig, Delve",0.431,PA_CV,Physical Acts & Materials — to Carve,0.394,PA_KF,Physical Acts & Materials — Knife (tool),0.384
PDR865,*kut-,1 throat 2 neck,BP_TR,BP_TR,,yes,BP_TR,Body Parts & Functions — Throat,0.521,BP_NK,Body Parts & Functions — Neck,0.493,BP_TG,Body Parts & Functions — Tongue,0.403
PDR866,*kuṭ-,to sew,CA_SE,CA_SE,,yes,CA_SE,Clothing & Adornment — to Sew,0.629,CA_WE,Clothing & Adornment — to Weave,0.505,CA_NE,Clothing & Adornment — Needle,0.439
PDR867,*kuẓ-,"to rot, become soft",BP_DD,PA_TE,YES,yes,BP_DD,Body Parts & Functions — to Die; Dead; Death,0.377,PA_TE,Physical Acts & Materials — to Tear,0.372,PA_FS,"Physical Acts & Materials — to Flay, Skin",0.368
PDR868,*kuẓ-u-,to sink,MO_SI,MO_SI,,yes,MO_SI,Motion & Transportation — to Sink,0.640,MO_FT,Motion & Transportation — to Float,0.447,MO_SW,Motion & Transportation — to Swim,0.394
PDR869,*kū-,to call,LM_CN,LM_CS,YES,yes,LM_CN,"Language & Music — to Call, Name",0.448,LM_CS,"Language & Music — to Call, Summon",0.434,LM_SC,"Language & Music — to Shout, Cry Out",0.334
PDR870,*kūḍ-,to assemble,PA_BU,BP_AR,YES,yes,PA_BU,Physical Acts & Materials — to Build,0.437,SR_CG,"Spatial Relations — to Gather, Collect",0.415,PA_MA,"Physical Acts & Materials — to Do, Make",0.386
PDR871,*kūd-i,pudendum muliebre,AN_PU,AN_BU,YES,yes,AN_PU,Animals — Puppy,0.262,LM_PN,Language & Music — Pen,0.259,AN_BU,Animals — Bull,0.255
PDR872,*kūl-,"wages, pay",PT_WA,PT_WA,,yes,PT_WA,"Possession & Trade — Pay, Wages",0.591,PT_PA,Possession & Trade — to Pay,0.392,PT_MO,Possession & Trade — Money,0.382
PDR873,*kūl-,to fall,MO_FA,MO_FA,,yes,MO_FA,Motion & Transportation — to Fall,0.581,MO_DR,Motion & Transportation — to Drop,0.536,MO_SI,Motion & Transportation — to Sink,0.419
PDR874,*kūn-,mushroom,FD_PE,AN_DU,YES,yes,FD_PE,Food & Drink — Pea,0.370,FD_ON,Food & Drink — Onion,0.365,FD_NT,Food & Drink — Nut,0.341
PDR875,*kūr-,boil,FD_BO,FD_BO,,yes,FD_BO,Food & Drink — to Boil (trans,0.590,FD_SB,"Food & Drink — Soup, Broth",0.433,FD_KE,Food & Drink — Kettle,0.432
PDR876,*kūr-,to bark; to sound,EM_GR,LM_SG,YES,yes,EM_GR,Emotion — to Groan,0.412,AN_DO,Animals — Dog,0.350,BP_BI,Body Parts & Functions — to Bite,0.332
PDR877,*kūr-,"to be abundant, in excess",QN_EN,QN_MM,YES,yes,QN_EN,Quantity & Number — Enough,0.395,QN_CW,Quantity & Number — Other Collective Words,0.378,QN_FU,Quantity & Number — Full,0.374
PDR878,*kūr-,sharp,SP_SP,SP_SP,,yes,SP_SP,Sense Perception — Sharp,0.610,SP_LL,"Sense Perception — Dull, Blunt",0.459,SP_ST,Sense Perception — Sweet,0.349
PDR879,*kūr-,"love, affection",EM_DR,EM_LO,YES,,EM_DR,Emotion — Dear,0.537,EM_TH,Emotion — Thanks (n),0.532,EM_LO,Emotion — to Love; Love,0.532
PDR880,*kūr- (?),to sit,SR_SI,SR_SI,,,SR_SI,Spatial Relations — to Sit,0.560,MO_RW,Motion & Transportation — to Row,0.427,SR_LI,"Spatial Relations — to Lie, Recline",0.391
PDR881,*kūrn-,to sleep,BP_SL,BP_SL,,yes,BP_SL,Body Parts & Functions — to Sleep; Sleep,0.492,BP_WA,Body Parts & Functions — to Wake,0.391,TI_CE,Time — to Cease,0.316
PDR882,*kūẓ-,"wicked, cruel; rude",EM_UG,LJ_SW,YES,yes,EM_UG,Emotion — Ugly,0.334,MK_SM,Mankind — Stepmother,0.323,EM_HT,Emotion — Hate (n),0.321
PDR883,*kūẓ-,rice porridge,FD_DI,FD_BW,YES,yes,FD_DI,Food & Drink — Dish,0.473,FD_MF,"Food & Drink — Meal, Flour",0.444,FD_CO,Food & Drink — to Cook,0.441
PDR884,*k̂ac-,"dirt, impurity",SP_DS,PW_GS,YES,yes,SP_DS,"Sense Perception — Dirty, Soiled",0.520,PA_WA,Physical Acts & Materials — to Wash,0.424,BP_ED,"Body Parts & Functions — to Void Excrement; Dung, Excrement",0.394
PDR885,*k̂aḍ-,"calf, deer",AN_CF,AN_CF,,yes,AN_CF,Animals — Calf,0.701,AN_OX,"Animals — Ox, Steer",0.642,AN_DE,Animals — Deer,0.620
PDR886,*k̂aḍ-,"bison, elk, deer",AN_DE,AN_DE,,yes,AN_DE,Animals — Deer,0.631,AN_OX,"Animals — Ox, Steer",0.580,AN_HE,Animals — Herdsman,0.551
PDR887,*k̂aḍ-a-,to cross,SR_CS,SR_CS,,yes,SR_CS,Spatial Relations — Cross (n),0.444,MO_AR,"Motion & Transportation — to Reach, Arrive",0.430,MO_EN,Motion & Transportation — to Enter,0.428
PDR888,*k̂amaṇ-,forest,PW_WF,PW_WF,,yes,PW_WF,"Physical World — Woods, Forest",0.617,AV_BE,Agriculture & Vegetation — Beech,0.520,AV_TR,Agriculture & Vegetation — Tree (generic),0.515
PDR889,*k̂aṬ-,to bite,BP_BI,BP_BI,,yes,BP_BI,Body Parts & Functions — to Bite,0.636,FD_SU,"Food & Drink — to Suck, Suckle",0.435,BP_LC,Body Parts & Functions — to Lick,0.384
PDR890,*k̂av-,bifurcation,AN_ST,MO_SH,YES,yes,AN_ST,"Animals — Stall, Stable",0.300,PW_SW,"Physical World — Spring, Well",0.248,PW_RS,"Physical World — Brook, Stream, River",0.247
PDR891,*k̂ā-,to go,MO_GA,MO_GO,YES,yes,MO_GA,"Motion & Transportation — to Depart, Go Away",0.488,MO_GO,Motion & Transportation — to Go,0.478,MO_AR,"Motion & Transportation — to Reach, Arrive",0.386
PDR892,*k̂āi-,to die,BP_DD,BP_DD,,yes,BP_DD,Body Parts & Functions — to Die; Dead; Death,0.440,TI_CE,Time — to Cease,0.377,BP_KI,Body Parts & Functions — to Kill,0.326
PDR893,*k̂eb-,to speak; to lecture,LM_ST,LM_ST,,yes,LM_ST,"Language & Music — to Speak, Talk",0.388,MT_CP,"Mind & Thought — Clear, Plain (to the Mind)",0.367,SP_HE,Sense Perception — to Hear,0.358
PDR894,*k̂eḍ-,to perish,TI_CE,TI_FI,YES,yes,TI_CE,Time — to Cease,0.371,MO_GA,"Motion & Transportation — to Depart, Go Away",0.368,RB_HL,Religion & Beliefs — Hell,0.350
PDR895,*k̂edal-,white ant,AN_IN,AN_IN,,yes,AN_IN,Animals — Insect,0.392,AN_BE,Animals — Bee,0.353,AN_FL,Animals — Fly (n),0.312
PDR896,*k̂erp-,"sandal, shoe",CA_SO,CA_SO,,yes,CA_SO,Clothing & Adornment — Shoe,0.627,CA_BO,Clothing & Adornment — Boot,0.560,CA_SS,"Clothing & Adornment — Sock, Stocking",0.517
PDR897,*k̂ēd_-,to winnow,FD_KD,WH_SU,YES,yes,FD_KD,Food & Drink — to Knead,0.345,FD_GR,Food & Drink — to Grind,0.333,AV_PL,Agriculture & Vegetation — to Plow; Plow,0.318
PDR898,*k̂ēt_-,winnowing fan,MO_BL,EM_PR,YES,yes,MO_BL,Motion & Transportation — to Blow,0.352,PW_WI,"Physical World — Wind, Breeze",0.349,MO_WW,"Motion & Transportation — to Wind, Wrap",0.294
PDR899,*k̂ī-,pus; to rot,BP_SS,BP_ED,YES,yes,BP_SS,Body Parts & Functions — Sick; Sickness,0.371,BP_VO,Body Parts & Functions — to Vomit,0.335,BP_ED,"Body Parts & Functions — to Void Excrement; Dung, Excrement",0.316
PDR900,*k̂īnt-,date-palm,TI_NM,TI_MT,YES,yes,TI_NM,Time — Names of the Months,0.356,TI_SP,Time — Spring,0.345,TI_DA,Time — Day,0.335
PDR901,*k̂oṭ-,1 shed 2 hamlet,DF_DW,DF_YR,YES,yes,DF_DW,"Dwellings & Furniture — to Live, Dwell",0.378,DF_HU,Dwellings & Furniture — Hut,0.368,DF_DG,"Dwellings & Furniture — Door, Gate",0.355
PDR902,*k̂ōẓl-,to enter,MO_EN,MO_EN,,yes,MO_EN,Motion & Transportation — to Enter,0.591,MO_AR,"Motion & Transportation — to Reach, Arrive",0.337,MO_BG,Motion & Transportation — to Bring,0.331
PDR903,*k̂uḍ-,to cook,FD_CO,FD_CO,,yes,FD_CO,Food & Drink — to Cook,0.578,FD_RF,"Food & Drink — to Roast, Fry",0.550,FD_BA,Food & Drink — to Bake,0.499
PDR904,*k̂um-,headpad; to carry (on head),BP_HE,BP_HE,,yes,BP_HE,Body Parts & Functions — Head,0.393,BP_FO,Body Parts & Functions — Forehead,0.381,WH_HM,Warfare & Hunting — Helmet,0.375
PDR905,*k̂ur-,to shrink,PA_SR,PA_SR,,yes,PA_SR,Physical Acts & Materials — to Stretch,0.451,PA_TE,Physical Acts & Materials — to Tear,0.346,TI_CE,Time — to Cease,0.318
PDR906,*k̂ūr-[Vḷ-],"to revolve, twist",MO_TA,MO_BL,YES,yes,MO_TA,Motion & Transportation — to Turn Around,0.565,MO_TU,Motion & Transportation — to Turn,0.534,MO_RO,Motion & Transportation — to Roll,0.470
PDR907,*lāṭ- (?),long,SR_LG,TI_LS,YES,yes,SR_LG,Spatial Relations — Long,0.371,TI_LS,Time — to Last,0.337,TI_FI,Time — to Finish,0.320
PDR908,*leiŋ- (??),tail,BP_TA,BP_TA,,yes,BP_TA,Body Parts & Functions — Tail,0.531,CA_FU,Clothing & Adornment — Fur,0.348,AN_FE,Animals — Female Animal,0.333
PDR909,*mac-,spot,SP_YL,SR_PL,YES,yes,SP_YL,Sense Perception — Yellow,0.289,SP_BK,Sense Perception — Black,0.267,CA_PO,Clothing & Adornment — Pocket,0.256
PDR910,*maḍ-,to fold,PA_FO,PA_FO,,yes,PA_FO,Physical Acts & Materials — to Fold,0.621,PA_BN,Physical Acts & Materials — to Bend,0.406,PA_SR,Physical Acts & Materials — to Stretch,0.385
PDR911,*maḍ-,"1 tired, lazy 2 to lie down",BP_SL,BP_SL,,yes,BP_SL,Body Parts & Functions — to Sleep; Sleep,0.431,BP_WA,Body Parts & Functions — to Wake,0.363,SR_LI,"Spatial Relations — to Lie, Recline",0.355
PDR912,*màḍ-,"stupid, ignorant; woman",MT_FS,MT_FS,,yes,MT_FS,"Mind & Thought — Stupid, Foolish",0.399,MK_HB,Mankind — Human Being,0.313,EM_UG,Emotion — Ugly,0.296
PDR913,*màḍ-,cleanness; clean cloth,PA_WA,CA_CL,YES,yes,PA_WA,Physical Acts & Materials — to Wash,0.515,SP_DS,"Sense Perception — Dirty, Soiled",0.426,SP_CN,"Sense Perception — Pure, Clean",0.422
PDR914,*maḍ-,"to die, perish",BP_DD,BP_DD,,yes,BP_DD,Body Parts & Functions — to Die; Dead; Death,0.474,TI_CE,Time — to Cease,0.395,MO_GA,"Motion & Transportation — to Depart, Go Away",0.373
PDR915,*màḍ-,heel,CA_SO,CA_SO,,yes,CA_SO,Clothing & Adornment — Shoe,0.404,CA_BO,Clothing & Adornment — Boot,0.357,CA_SC,"Clothing & Adornment — Cobbler, Shoemaker",0.346
PDR916,*mads-,"intoxication, lust",EM_DE,EM_PA,YES,yes,EM_DE,Emotion — to Desire,0.575,EM_SN,"Emotion — Sin, Impiety",0.555,EM_PA,Emotion — Passion,0.506
PDR917,*màḍuv-,"pond, tank",PW_LA,PW_LA,,yes,PW_LA,"Physical World — Lake, Pond",0.616,PW_RS,"Physical World — Brook, Stream, River",0.407,AN_FI,Animals — Fish (n),0.391
PDR918,*mad_-,"next, following; then",MO_FO,SO_CR,YES,yes,MO_FO,Motion & Transportation — to Follow,0.385,TI_TM,Time — Tomorrow,0.334,TI_FI,Time — to Finish,0.306
PDR919,*mad_-,1 to turn 2 to fall,MO_TA,MO_FA,YES,yes,MO_TA,Motion & Transportation — to Turn Around,0.447,MO_FA,Motion & Transportation — to Fall,0.445,MO_TU,Motion & Transportation — to Turn,0.430
PDR920,*màd_-,son,MK_SO,MK_SO,,yes,MK_SO,Mankind — Son,0.528,MK_SL,Mankind — Son-in-Law,0.405,MK_GS,Mankind — Grandson,0.397
PDR921,*mad_[a]-,"to lose, be lost",MT_FR,PT_LO,YES,yes,MT_FR,Mind & Thought — to Forget,0.437,PT_LO,Possession & Trade — to Lose,0.413,WH_SU,Warfare & Hunting — to Surrender,0.386
PDR922,*mad_Vk-,mango; mahua,FD_FR,FD_PC,YES,yes,FD_FR,Food & Drink — Fruit,0.480,FD_PC,Food & Drink — Peach,0.450,FD_GP,Food & Drink — Grape,0.351
PDR923,*mag-Vḍ-,to turn,MO_TA,MO_TU,YES,yes,MO_TA,Motion & Transportation — to Turn Around,0.585,MO_TU,Motion & Transportation — to Turn,0.549,MO_RO,Motion & Transportation — to Roll,0.378
PDR924,*maɣ1-,child,MK_CH,AN_KI,YES,yes,MK_CH,Mankind — Child,0.534,MK_IN,Mankind — Infant,0.437,AN_KI,Animals — Kid,0.405
PDR925,*mai-,1 body 2 breast,BP_BW,BP_BW,,yes,BP_BW,Body Parts & Functions — Breast of Woman,0.559,BP_BO,Body Parts & Functions — Body,0.491,BP_CS,"Body Parts & Functions — Corpse, Body",0.469
PDR926,*mainil- (?),peacock,AN_BI,AN_BI,,yes,AN_BI,Animals — Bird,0.474,AN_DU,Animals — Duck,0.431,AN_HN,Animals — Hen,0.431
PDR927,*maj-,"1 mistake 2 bewilderment, intoxication 3 malt, beverage",EM_WA,FD_TH,YES,yes,EM_WA,"Emotion — Wonder, Astonishment",0.407,EM_ME,"Emotion — Error, Mistake",0.402,FD_TH,Food & Drink — Thirst (n),0.383
PDR928,*majir,hair,BP_HA,BP_HA,,yes,BP_HA,Body Parts & Functions — Hair,0.606,CA_FU,Clothing & Adornment — Fur,0.500,CA_CB,Clothing & Adornment — Comb,0.483
PDR929,*majnd-,1 dew 2 cloud,PW_MI,PW_CL,YES,yes,PW_MI,"Physical World — Mist, Fog, Haze",0.530,PW_RA,Physical World — Rain (n),0.438,PW_WE,Physical World — Weather,0.368
PDR930,*majṭ- (?),toe-ring,CA_FR,BP_TE,YES,yes,CA_FR,Clothing & Adornment — Finger Ring,0.534,BP_TE,Body Parts & Functions — Toe,0.529,CA_SO,Clothing & Adornment — Shoe,0.418
PDR931,*majṭ- (?),"step, stair; to trample, tread",MO_WA,MO_WA,,yes,MO_WA,Motion & Transportation — to Walk,0.480,MO_RI,Motion & Transportation — to Rise,0.409,MK_SS,Mankind — Stepson,0.378
PDR932,*mak- (?),neck,BP_NK,BP_NK,,,BP_NK,Body Parts & Functions — Neck,0.696,BP_FO,Body Parts & Functions — Forehead,0.477,BP_CN,Body Parts & Functions — Chin,0.451
PDR933,*mal-,to sleep,BP_SL,BP_SL,,yes,BP_SL,Body Parts & Functions — to Sleep; Sleep,0.509,BP_WA,Body Parts & Functions — to Wake,0.401,SR_LI,"Spatial Relations — to Lie, Recline",0.319
PDR934,*màl-,mountain,PW_MH,PW_MH,,yes,PW_MH,"Physical World — Hill, Mountain",0.598,WH_TW,Warfare & Hunting — Tower,0.299,WH_FT,Warfare & Hunting — Fortress,0.292
PDR935,*mal-,"to abund; fertile, rich",MO_BG,PT_RC,YES,yes,MO_BG,Motion & Transportation — to Bring,0.335,MO_AR,"Motion & Transportation — to Reach, Arrive",0.330,EM_DE,Emotion — to Desire,0.326
PDR936,*mal-,1 to roam 2 to turn,MO_TA,MO_TA,,yes,MO_TA,Motion & Transportation — to Turn Around,0.458,MO_TU,Motion & Transportation — to Turn,0.437,MO_GA,"Motion & Transportation — to Depart, Go Away",0.385
PDR937,*mal-,to open (as a flower),AV_FL,AV_FL,,yes,AV_FL,Agriculture & Vegetation — Flower,0.476,EM_LO,Emotion — to Love; Love,0.355,SR_OP,Spatial Relations — to Open,0.344
PDR938,*mal-,barren,SP_DR,PW_PF,YES,yes,SP_DR,"Sense Perception — Dry, Arid",0.366,AV_PL,Agriculture & Vegetation — to Plow; Plow,0.311,AV_SS,Agriculture & Vegetation — to Sow; Seed,0.305
PDR939,*mal-,"to shake, stir, agitate",MO_SH,MO_SH,,yes,MO_SH,Motion & Transportation — to Shake,0.604,PA_SO,"Physical Acts & Materials — to Strew, Spread Out",0.437,EM_GR,Emotion — to Groan,0.387
PDR940,*mal-,to wrestle,PA_SH,MO_SW,YES,yes,PA_SH,"Physical Acts & Materials — to Hit, Strike, Beat",0.262,AN_HU,Animals — to Hunt,0.262,FD_SU,"Food & Drink — to Suck, Suckle",0.258
PDR941,*màl-,"next, second",QN_TO,TI_MS,YES,yes,QN_TO,Quantity & Number — Third (ordinal),0.344,TI_SI,"Time — Soon, Immediately",0.300,QN_LS,Quantity & Number — Last,0.280
PDR942,*mal- (?),[negative morpheme],EM_HT,EM_HT,,yes,EM_HT,Emotion — Hate (n),0.313,TI_CE,Time — to Cease,0.311,EM_EF,"Emotion — Feeling, Emotion",0.299
PDR943,*malaŋ-,eel,AN_FM,AN_FM,,yes,AN_FM,Animals — Fisherman,0.389,AN_FI,Animals — Fish (n),0.380,AN_SK,Animals — Snake,0.328
PDR944,*man-,to be,MT_SE,TI_FI,YES,yes,MT_SE,Mind & Thought — to Seem,0.344,MT_KN,Mind & Thought — to Know,0.327,MT_CP,"Mind & Thought — Clear, Plain (to the Mind)",0.315
PDR945,*maṇ,"earth, clay",PA_CL,PA_CL,,yes,PA_CL,Physical Acts & Materials — Clay,0.586,PW_GS,"Physical World — Ground, Soil",0.519,PW_SR,"Physical World — Rock, Stone",0.456
PDR946,*maṇ-,"to unite, marry",MK_MR,MK_MR,,yes,MK_MR,"Mankind — to Wed, Marry",0.686,MK_MW,"Mankind — Wedding, Marriage",0.631,MK_FM,Mankind — Family,0.410
PDR947,*màn-,"petition, prayer",RB_PY,RB_PY,,yes,RB_PY,Religion & Beliefs — to Pray,0.370,SO_CO,Social Relations — to Compel,0.325,EM_WW,"Emotion — to Will, Wish",0.291
PDR948,*man- (?),good,EM_GD,EM_GD,,,EM_GD,Emotion — Good,0.355,EM_BD,Emotion — Bad,0.287,TI_SI,"Time — Soon, Immediately",0.242
PDR949,*maṇ- (?),wrist,BP_EL,CA_BR,YES,yes,BP_EL,Body Parts & Functions — Elbow,0.469,BP_TM,Body Parts & Functions — Thumb,0.452,BP_HN,Body Parts & Functions — Hand,0.435
PDR950,*mand-,multitude; herd,QN_MC,QN_MC,,yes,QN_MC,"Quantity & Number — Crowd, Multitude",0.603,QN_CW,Quantity & Number — Other Collective Words,0.453,QN_MM,"Quantity & Number — Much, Many",0.417
PDR951,*manḍ-,to burn,PW_BU,PW_BU,,yes,PW_BU,"Physical World — to Burn, Scorch",0.543,PW_FI,Physical World — Fire (n),0.409,PW_FL,Physical World — Flame (n),0.404
PDR952,*manḍ-,knee,BP_KN,BP_KN,,yes,BP_KN,Body Parts & Functions — Knee,0.564,BP_LE,Body Parts & Functions — Leg,0.418,BP_EL,Body Parts & Functions — Elbow,0.367
PDR953,*manḍ- (?),"1 bowl, jar 2 skull, head",FD_BW,BP_SK,YES,yes,FD_BW,Food & Drink — Bowl,0.483,BP_SK,Body Parts & Functions — Skull,0.423,BP_HE,Body Parts & Functions — Head,0.393
PDR954,*manḍ- (caus.*maṭ-),"close, crowded",SR_NE,QN_MC,YES,yes,SR_NE,Spatial Relations — Near (adj),0.349,SR_SH,"Spatial Relations — to Shut, Close",0.340,SR_QU,Spatial Relations — Quiet (adj),0.318
PDR955,*maṇ-s-,man,MK_MS,MK_MA,YES,yes,MK_MS,Mankind — Male,0.355,MK_MA,Mankind — Man,0.354,MK_HB,Mankind — Human Being,0.336
PDR956,*manǯ-,rice,AV_RI,AV_RI,,yes,AV_RI,Agriculture & Vegetation — Rice,0.586,FD_BN,Food & Drink — Bean,0.427,FD_DI,Food & Drink — Dish,0.424
PDR957,*manǯ- (?),"yellow, turmeric",SP_YL,SP_YL,,yes,SP_YL,Sense Perception — Yellow,0.477,FD_PP,Food & Drink — Pepper,0.373,FD_ON,Food & Drink — Onion,0.367
PDR958,*mar-,"1 to combine, join 2 to get accustomed to 3 to learn",SR_CG,MT_LE,YES,yes,SR_CG,"Spatial Relations — to Gather, Collect",0.376,SR_JU,"Spatial Relations — to Join, Unite",0.375,FD_MX,"Food & Drink — to Mix, Blend",0.355
PDR959,*mar-,grandchild; cousin; some k. of descendance,MK_GS,MK_DE,YES,yes,MK_GS,Mankind — Grandson,0.493,MK_GD,Mankind — Granddaughter,0.471,MK_NE,Mankind — Nephew,0.457
PDR960,*màran-,tree,AV_TR,PW_TR,YES,yes,AV_TR,Agriculture & Vegetation — Tree (generic),0.556,PW_TR,"Physical World — Tree, Oak",0.480,PW_WF,"Physical World — Woods, Forest",0.438
PDR961,*marb-,"cloud; darkness, dimness",PW_CL,PW_DA,YES,yes,PW_CL,"Physical World — Cloud, Mirk",0.458,PW_MI,"Physical World — Mist, Fog, Haze",0.405,PW_WE,Physical World — Weather,0.339
PDR962,*mard[-Vg-],sāj tree,AV_TR,AV_TR,,yes,AV_TR,Agriculture & Vegetation — Tree (generic),0.580,PW_TR,"Physical World — Tree, Oak",0.443,AV_BE,Agriculture & Vegetation — Beech,0.419
PDR963,*mar-[g-],horn,BP_HO,BP_HO,,yes,BP_HO,Body Parts & Functions — Horn,0.534,AN_MA,Animals — Male Animal,0.363,AN_AD,"Animals — Ass, Donkey",0.344
PDR964,*marṇ-,to heal,EM_FG,BP_WH,YES,yes,EM_FG,Emotion — to Forgive,0.394,EM_PS,"Emotion — Pain, Suffering",0.340,BP_KI,Body Parts & Functions — to Kill,0.333
PDR965,*marnd-,medicine,BP_SS,EM_CA,YES,yes,BP_SS,Body Parts & Functions — Sick; Sickness,0.376,FD_HU,Food & Drink — Hunger (n),0.321,BP_WH,Body Parts & Functions — Well; Health,0.313
PDR966,*maruḷ-,"bewildered, insane; confusion",EM_WA,MT_IM,YES,yes,EM_WA,"Emotion — Wonder, Astonishment",0.518,MT_IM,"Mind & Thought — Mad, Crazy, Insane",0.511,EM_SU,Emotion — Surprise,0.397
PDR967,*maruŋ-,1 side 2 rib,BP_RI,BP_RI,,yes,BP_RI,Body Parts & Functions — Rib,0.488,BP_FC,Body Parts & Functions — Front of Chest,0.328,BP_LV,Body Parts & Functions — Liver,0.299
PDR968,*mar_- (*-d_-),1 to burn 2 to boil,FD_BO,FD_BO,,yes,FD_BO,Food & Drink — to Boil (trans,0.591,FD_RF,"Food & Drink — to Roast, Fry",0.457,PW_BU,"Physical World — to Burn, Scorch",0.445
PDR969,*mar_an-,a k. of relative,MK_CO,MK_RE,YES,yes,MK_CO,Mankind — Cousin,0.425,MK_RE,Mankind — Relative(s),0.416,MK_BL,Mankind — Brother-in-Law,0.402
PDR970,*mas-,black pigment,SP_DC,SP_BK,YES,yes,SP_DC,Sense Perception — Dark in Color,0.479,SP_BK,Sense Perception — Black,0.459,CA_DY,Clothing & Adornment — to Dye,0.436
PDR971,*maṭ-,eyelid,BP_EB,BP_EY,YES,yes,BP_EB,Body Parts & Functions — Eyebrow,0.525,BP_EY,Body Parts & Functions — Eye,0.508,BP_FO,Body Parts & Functions — Forehead,0.441
PDR972,*maṭ-,1 stalk 2 branch,AV_FO,AV_BN,YES,yes,AV_FO,Agriculture & Vegetation — Fork (tool),0.425,AV_TR,Agriculture & Vegetation — Tree (generic),0.380,AV_BN,Agriculture & Vegetation — Branch,0.372
PDR973,*maṭ-,"short, small; to diminish",QN_LF,QN_LF,,yes,QN_LF,"Quantity & Number — Few, Little",0.322,CA_TR,Clothing & Adornment — Trousers,0.293,CA_SK,Clothing & Adornment — Skirt,0.283
PDR974,*maṭ-,"level, measure",SR_MS,SR_MS,,,SR_MS,Spatial Relations — to Measure,0.461,SR_LO,Spatial Relations — Low,0.409,QN_TH,Quantity & Number — Three,0.409
PDR975,*maẓ-,"1 obscure, dirty 2 to fade",SP_DS,MT_OB,YES,yes,SP_DS,"Sense Perception — Dirty, Soiled",0.361,CA_VE,Clothing & Adornment — Veil,0.336,SP_LL,"Sense Perception — Dull, Blunt",0.315
PDR976,*maẓ- (?),rain,PW_RA,PW_RA,,yes,PW_RA,Physical World — Rain (n),0.634,PW_WE,Physical World — Weather,0.516,PW_MI,"Physical World — Mist, Fog, Haze",0.488
PDR977,*maẓs-,axe,WH_BA,WH_SW,YES,yes,WH_BA,Warfare & Hunting — Battle-Ax,0.492,WH_SW,Warfare & Hunting — Sword,0.457,WH_SP,Warfare & Hunting — Spear,0.451
PDR978,*mā-,"deer, elk",AN_DE,AN_DE,,yes,AN_DE,Animals — Deer,0.707,AN_OX,"Animals — Ox, Steer",0.604,AN_BO,Animals — Boar,0.596
PDR979,*mā-,black; dark,SP_BK,SP_BK,,yes,SP_BK,Sense Perception — Black,0.504,SP_DC,Sense Perception — Dark in Color,0.463,SP_CO,Sense Perception — Color,0.400
PDR980,*mā-,mango,FD_FR,FD_FR,,yes,FD_FR,Food & Drink — Fruit,0.461,FD_PC,Food & Drink — Peach,0.411,FD_AP,Food & Drink — Apple,0.353
PDR981,*mā-,"afterbirth, placenta",BP_WO,BP_WO,,yes,BP_WO,Body Parts & Functions — Womb,0.561,BP_PR,Body Parts & Functions — Pregnant,0.496,BP_UA,Body Parts & Functions — Udder of Animals,0.456
PDR982,*māc-,man,MK_MA,MK_MA,,yes,MK_MA,Mankind — Man,0.430,MK_MS,Mankind — Male,0.424,MK_HB,Mankind — Human Being,0.420
PDR983,*māc-,"1 dirt, dirty 2 spot, stain",SP_DS,CA_BH,YES,yes,SP_DS,"Sense Perception — Dirty, Soiled",0.554,PA_WA,Physical Acts & Materials — to Wash,0.365,CA_HF,Clothing & Adornment — Handkerchief,0.315
PDR984,*māḍ-,storied house; platform,DF_HS,DF_HO,YES,yes,DF_HS,Dwellings & Furniture — House,0.576,DF_HO,Dwellings & Furniture — Home,0.534,DF_KY,Dwellings & Furniture — Key,0.516
PDR985,*māḍ-,"to make, to do; manner, mode",PA_MA,PA_MA,,yes,PA_MA,"Physical Acts & Materials — to Do, Make",0.566,PA_WV,"Physical Acts & Materials — to Work, Toil",0.446,PA_CV,Physical Acts & Materials — to Carve,0.441
PDR986,*mād_-,1 to exchange 2 to return,PT_GB,PT_GB,,yes,PT_GB,"Possession & Trade — to Return, Give Back",0.498,PT_GI,Possession & Trade — to Give,0.469,PT_RE,Possession & Trade — to Restore,0.466
PDR987,*māj-,1 to disappear 2 to hide,SR_HC,SR_HC,,yes,SR_HC,"Spatial Relations — to Hide, Conceal",0.421,MO_GA,"Motion & Transportation — to Depart, Go Away",0.349,TI_CE,Time — to Cease,0.330
PDR988,*mā(j)-,great,SR_XL,EM_GD,YES,yes,SR_XL,"Spatial Relations — Big, Large, Great",0.326,EM_GD,Emotion — Good,0.275,EM_PD,Emotion — Proud,0.256
PDR989,*māl-,"1 confused, perturbed; intoxicated 2 liquor",EM_WA,FD_PO,YES,yes,EM_WA,"Emotion — Wonder, Astonishment",0.451,MT_DB,Mind & Thought — Doubt (n),0.394,EM_SU,Emotion — Surprise,0.392
PDR990,*māḷ-,to die; to destroy,BP_DD,BP_DD,,yes,BP_DD,Body Parts & Functions — to Die; Dead; Death,0.429,TI_CE,Time — to Cease,0.406,TI_FI,Time — to Finish,0.319
PDR991,*māl-,"to bend, incline",PA_BN,PA_BN,,,PA_BN,Physical Acts & Materials — to Bend,0.576,MO_RL,"Motion & Transportation — to Lift, Raise",0.520,MO_RO,Motion & Transportation — to Roll,0.470
PDR992,*māl-ai,"garland, wreath",CA_NC,TI_AU,YES,yes,CA_NC,Clothing & Adornment — Necklace,0.474,CA_WE,Clothing & Adornment — to Weave,0.414,CA_CB,Clothing & Adornment — Comb,0.408
PDR993,*mām-,mother's brother,MK_SL,MK_SW,YES,yes,MK_SL,Mankind — Son-in-Law,0.555,MK_BL,Mankind — Brother-in-Law,0.550,MK_FL,Mankind — Father-in-Law,0.519
PDR994,*māṇ-,penis,BP_PE,BP_PE,,yes,BP_PE,Body Parts & Functions — Penis,0.560,BP_SI,Body Parts & Functions — to have Sexual Intercourse,0.419,BP_TS,Body Parts & Functions — Testicle,0.412
PDR995,*mānḍ-,to burn,PW_BU,PW_BU,,yes,PW_BU,"Physical World — to Burn, Scorch",0.535,FD_RF,"Food & Drink — to Roast, Fry",0.421,PW_FI,Physical World — Fire (n),0.409
PDR996,*mān(d)-,to cease; to be ruined,TI_CE,TI_CE,,yes,TI_CE,Time — to Cease,0.677,MO_GA,"Motion & Transportation — to Depart, Go Away",0.351,LM_RF,"Language & Music — to Refuse, Forbid",0.333
PDR997,*mā(ŋ)-,to ripen,FD_FR,FD_FR,,yes,FD_FR,Food & Drink — Fruit,0.422,FD_PC,Food & Drink — Peach,0.402,FD_KD,Food & Drink — to Knead,0.384
PDR998,*mār- (?),breast,BP_BW,BP_BW,,yes,BP_BW,Body Parts & Functions — Breast of Woman,0.521,BP_FC,Body Parts & Functions — Front of Chest,0.422,FD_CU,Food & Drink — Cup,0.334
PDR999,*māṭ-,"to fix, prepare",PA_FG,TI_FI,YES,yes,PA_FG,Physical Acts & Materials — to Forge,0.361,TI_RE,Time — Ready (adj),0.337,PA_BU,Physical Acts & Materials — to Build,0.333
PDR1000,*med-,brain,BP_BR,BP_BR,,yes,BP_BR,Body Parts & Functions — Brain,0.558,MT_MI,Mind & Thought — Mind,0.457,BP_SK,Body Parts & Functions — Skull,0.450
PDR1001,*med-,"to step on, trample",PA_SH,MO_JL,YES,yes,PA_SH,"Physical Acts & Materials — to Hit, Strike, Beat",0.427,MO_WA,Motion & Transportation — to Walk,0.427,PT_HI,"Possession & Trade — to Harm, Injure, Damage",0.377
PDR1002,*meḍ-,neck,BP_NK,BP_NK,,yes,BP_NK,Body Parts & Functions — Neck,0.629,BP_TR,Body Parts & Functions — Throat,0.489,BP_HE,Body Parts & Functions — Head,0.436
PDR1003,*medd-,"to put, plant",AV_PL,AV_SS,YES,yes,AV_PL,Agriculture & Vegetation — to Plow; Plow,0.476,AV_SS,Agriculture & Vegetation — to Sow; Seed,0.467,SR_PU,"Spatial Relations — to Put, Place, Set, Lay",0.456
PDR1004,*mej-,"to praise, admire, be pleased with",EM_PR,EM_PR,,yes,EM_PR,Emotion — Praise (n),0.590,EM_JG,"Emotion — Glad, Joyful",0.431,EM_PD,Emotion — Proud,0.425
PDR1005,*mel-,1 slow 2 soft,TI_SL,SP_SF,YES,yes,TI_SL,Time — Slow (adj),0.474,SP_SF,Sense Perception — Soft,0.383,TI_SW,"Time — Fast, Swift, Quick",0.348
PDR1006,*mel-,to lighten,SP_BR,EM_PL,YES,yes,SP_BR,Sense Perception — Bright,0.395,SP_SH,"Sense Perception — to Shine, Glisten",0.376,SP_LC,Sense Perception — Light in Color,0.360
PDR1007,*meḷ-,"to revolve, turn; squint",MO_TA,MO_TA,,yes,MO_TA,Motion & Transportation — to Turn Around,0.679,MO_TU,Motion & Transportation — to Turn,0.658,MO_RO,Motion & Transportation — to Roll,0.554
PDR1008,*mel-[k-],to chew; cud,FD_SU,BP_BI,YES,yes,FD_SU,"Food & Drink — to Suck, Suckle",0.594,BP_BI,Body Parts & Functions — to Bite,0.509,BP_LC,Body Parts & Functions — to Lick,0.506
PDR1009,*ment-,fenugreek,AV_PN,WH_SW,YES,yes,AV_PN,"Agriculture & Vegetation — Plant, Herb",0.317,FD_CB,Food & Drink — Cabbage,0.315,FD_FI,Food & Drink — Fig,0.294
PDR1010,*mer_-,"to be light, lighten",SP_SH,PW_LG,YES,yes,SP_SH,"Sense Perception — to Shine, Glisten",0.416,SP_BR,Sense Perception — Bright,0.393,SP_LW,"Sense Perception — Light, Nimble",0.359
PDR1011,*mer_-,to cause pain; to revel,EM_PS,EM_PS,,yes,EM_PS,"Emotion — Pain, Suffering",0.453,EM_DE,Emotion — to Desire,0.420,BP_KI,Body Parts & Functions — to Kill,0.387
PDR1012,*met-,"to plaster, smear",PA_SW,CA_NE,YES,yes,PA_SW,Physical Acts & Materials — to Sweep,0.443,CA_CD,"Clothing & Adornment — to Clothe, Dress",0.410,PA_SO,"Physical Acts & Materials — to Strew, Spread Out",0.407
PDR1013,*met-,soft,SP_SF,SP_SF,,yes,SP_SF,Sense Perception — Soft,0.477,SP_RG,Sense Perception — Rough,0.294,PA_RU,Physical Acts & Materials — to Rub,0.285
PDR1014,*met-ai,"bed; mattress, bedding",DF_BD,DF_BD,,yes,DF_BD,Dwellings & Furniture — Bed,0.598,DF_RO,Dwellings & Furniture — Room,0.397,DF_DW,"Dwellings & Furniture — to Live, Dwell",0.361
PDR1015,*meṭ-,hillock,PW_MH,PW_MH,,yes,PW_MH,"Physical World — Hill, Mountain",0.355,CA_BO,Clothing & Adornment — Boot,0.266,CA_SC,"Clothing & Adornment — Cobbler, Shoemaker",0.259
PDR1016,*meẓV-,to smear,PA_WA,BP_SP,YES,yes,PA_WA,Physical Acts & Materials — to Wash,0.423,PA_SW,Physical Acts & Materials — to Sweep,0.403,PA_FS,"Physical Acts & Materials — to Flay, Skin",0.399
PDR1017,*mēḍ-,a k. of house,DF_HS,DF_HS,,yes,DF_HS,Dwellings & Furniture — House,0.633,DF_HO,Dwellings & Furniture — Home,0.568,DF_RO,Dwellings & Furniture — Room,0.549
PDR1018,*mēḍ-i,fig tree,FD_FI,FD_FI,,yes,FD_FI,Food & Drink — Fig,0.544,AV_TR,Agriculture & Vegetation — Tree (generic),0.457,PW_TR,"Physical World — Tree, Oak",0.386
PDR1019,*mēj-,to graze,AN_HU,AN_PV,YES,yes,AN_HU,Animals — to Hunt,0.531,AN_PV,Animals — to Pasture,0.490,AN_HE,Animals — Herdsman,0.476
PDR1020,*mē-K-,goat; to bleat,AN_GO,AN_GO,,yes,AN_GO,Animals — Goat,0.535,AN_HG,Animals — He-Goat,0.522,AN_HE,Animals — Herdsman,0.372
PDR1021,*mē-[l-],"1 up; height 2 fine, good",MO_RL,SR_TL,YES,yes,MO_RL,"Motion & Transportation — to Lift, Raise",0.291,MO_RI,Motion & Transportation — to Rise,0.286,TI_MG,Time — Morning,0.285
PDR1022,*mēn-,body,BP_BO,BP_BO,,yes,BP_BO,Body Parts & Functions — Body,0.637,BP_CS,"Body Parts & Functions — Corpse, Body",0.629,BP_WH,Body Parts & Functions — Well; Health,0.587
PDR1023,*mēnǯ- (?),"egg, testicle",BP_EG,BP_TS,YES,yes,BP_EG,Body Parts & Functions — Egg,0.597,BP_TS,Body Parts & Functions — Testicle,0.591,BP_PE,Body Parts & Functions — Penis,0.462
PDR1024,*mēṭ-,"haughty, lofty",SO_NO,AN_GS,YES,yes,SO_NO,"Social Relations — Noble, Nobleman",0.422,SO_NN,Social Relations — Other Titles of Nobility,0.417,EM_PD,Emotion — Proud,0.329
PDR1025,*mēẓ-i,handle of plough,AV_PL,AV_PL,,yes,AV_PL,Agriculture & Vegetation — to Plow; Plow,0.474,AV_SH,Agriculture & Vegetation — Shovel (n),0.405,AV_FO,Agriculture & Vegetation — Fork (tool),0.357
PDR1026,*miḍ-,to blink,BP_EY,BP_EY,,yes,BP_EY,Body Parts & Functions — Eye,0.330,SP_LO,Sense Perception — to Look,0.314,SP_SH,"Sense Perception — to Shine, Glisten",0.306
PDR1027,*miḍ-,"to grieve, lament",EM_CW,EM_GS,YES,yes,EM_CW,"Emotion — to Cry, Weep",0.572,EM_GS,"Emotion — Grief, Sorrow",0.539,EM_PT,Emotion — Pity (n),0.517
PDR1028,*mìḍ-i,"young, tender (of fruit)",FD_FR,FD_FR,,yes,FD_FR,Food & Drink — Fruit,0.461,TI_YG,Time — Young,0.381,FD_PC,Food & Drink — Peach,0.375
PDR1029,*mik-,"abundant, excessive; great; left over",QN_EN,QN_MC,YES,yes,QN_EN,Quantity & Number — Enough,0.473,QN_MM,"Quantity & Number — Much, Many",0.439,QN_FU,Quantity & Number — Full,0.438
PDR1030,*miḷi-,"to fall over, turn over",MO_TA,MO_TA,,yes,MO_TA,Motion & Transportation — to Turn Around,0.502,MO_TU,Motion & Transportation — to Turn,0.444,MO_RO,Motion & Transportation — to Roll,0.391
PDR1031,*miṇ-,to murmur,LM_BS,LM_ST,YES,yes,LM_BS,Language & Music — to be Silent,0.500,EM_GR,Emotion — to Groan,0.434,SP_HE,Sense Perception — to Hear,0.372
PDR1032,*minc-,"to exceed, surpass",MO_OV,TI_LS,YES,yes,MO_OV,Motion & Transportation — to Overtake,0.403,MO_RI,Motion & Transportation — to Rise,0.317,TI_CE,Time — to Cease,0.315
PDR1033,*minḍ-,"1 great, exceeding 2 resolute, inobedient",EM_BR,EM_PR,YES,yes,EM_BR,"Emotion — Brave, Courageous",0.383,MK_HB,Mankind — Human Being,0.376,BP_SM,"Body Parts & Functions — Strong, Mighty, Powerful",0.353
PDR1034,*minḍ-,paramour,MK_SM,EM_PS,YES,,MK_SM,Mankind — Stepmother,0.359,SO_WP,"Social Relations — Whore, Prostitute",0.358,MK_WD,Mankind — Widow,0.345
PDR1035,*min_-,to lighten; spark; star,SP_SH,PW_LI,YES,yes,SP_SH,"Sense Perception — to Shine, Glisten",0.405,SP_BR,Sense Perception — Bright,0.399,SP_LC,Sense Perception — Light in Color,0.360
PDR1036,*mis-,"to move, stir",MO_SH,MO_PS,YES,yes,MO_SH,Motion & Transportation — to Shake,0.585,PA_SO,"Physical Acts & Materials — to Strew, Spread Out",0.534,MO_MO,Motion & Transportation — to Move,0.520
PDR1037,*miṭ-,arrowhead,WH_AW,WH_AW,,yes,WH_AW,Warfare & Hunting — Arrow,0.510,WH_BW,Warfare & Hunting — Bow,0.367,WH_SP,Warfare & Hunting — Spear,0.343
PDR1038,*miẓ-iŋ-,to swallow,FD_SU,BP_SP,YES,yes,FD_SU,"Food & Drink — to Suck, Suckle",0.556,BP_SP,Body Parts & Functions — to Spit,0.525,BP_MO,Body Parts & Functions — Mouth,0.444
PDR1039,*mī-,to wash,PA_WA,PA_WA,,yes,PA_WA,Physical Acts & Materials — to Wash,0.588,CA_SA,Clothing & Adornment — Soap,0.404,CA_TW,Clothing & Adornment — Towel,0.371
PDR1040,*mī-,"up, above",MO_RI,MO_RL,YES,yes,MO_RI,Motion & Transportation — to Rise,0.420,MO_RL,"Motion & Transportation — to Lift, Raise",0.387,PW_MH,"Physical World — Hill, Mountain",0.370
PDR1041,*mīc-,moustache,BP_BE,BP_BE,,yes,BP_BE,Body Parts & Functions — Beard,0.413,BP_EB,Body Parts & Functions — Eyebrow,0.400,BP_HA,Body Parts & Functions — Hair,0.369
PDR1042,*mīd_-,to exceed,MO_OV,QN_EN,YES,yes,MO_OV,Motion & Transportation — to Overtake,0.361,EM_DE,Emotion — to Desire,0.295,QN_EN,Quantity & Number — Enough,0.295
PDR1043,*mīn-,fish,AN_FI,AN_FI,,yes,AN_FI,Animals — Fish (n),0.604,AN_FM,Animals — Fisherman,0.565,AN_BI,Animals — Bird,0.391
PDR1044,*mīnṭ-,1 to jump 2 grasshopper,MO_JL,MO_JL,,yes,MO_JL,"Motion & Transportation — to Jump, Leap",0.508,AN_FL,Animals — Fly (n),0.279,MO_DR,Motion & Transportation — to Drop,0.269
PDR1045,*mīṭ-,"to flick, pluck",PA_FS,MO_BL,YES,yes,PA_FS,"Physical Acts & Materials — to Flay, Skin",0.366,PA_SO,"Physical Acts & Materials — to Strew, Spread Out",0.345,PA_KF,Physical Acts & Materials — Knife (tool),0.336
PDR1046,*mod-,"stupid, fool; blunt",MT_FS,MT_FS,,yes,MT_FS,"Mind & Thought — Stupid, Foolish",0.357,EM_UG,Emotion — Ugly,0.274,EM_TC,"Emotion — Timid, Cowardly",0.253
PDR1047,*mod-,first,QN_FI,TI_BB,YES,yes,QN_FI,Quantity & Number — First,0.340,TI_BB,Time — to Begin; Beginning,0.311,QN_TO,Quantity & Number — Third (ordinal),0.293
PDR1048,*mod-,milch cow,AN_CO,AN_CO,,yes,AN_CO,Animals — Cow,0.508,AN_CF,Animals — Calf,0.393,AN_HE,Animals — Herdsman,0.374
PDR1049,*modal-,trunk of tree,PW_TR,PW_TR,,yes,PW_TR,"Physical World — Tree, Oak",0.514,AV_TR,Agriculture & Vegetation — Tree (generic),0.497,PW_WD,"Physical World — Wood, Timber",0.406
PDR1050,*modj-,crocodile,AN_LN,AN_SK,YES,yes,AN_LN,Animals — Lion,0.421,AN_SK,Animals — Snake,0.415,AN_AN,Animals — Animal,0.410
PDR1051,*mojmp-,shoulder,BP_SD,BP_SD,,yes,BP_SD,Body Parts & Functions — Shoulder,0.615,BP_EL,Body Parts & Functions — Elbow,0.450,BP_AR,Body Parts & Functions — Arm,0.424
PDR1052,*mok- ~ *mogám,face,BP_FA,BP_FA,,yes,BP_FA,Body Parts & Functions — Face,0.498,BP_CK,Body Parts & Functions — Cheek,0.406,EM_LS,"Emotion — to Laugh, Smile",0.357
PDR1053,*mòl-,1 breast 2 waist,BP_BW,BP_BW,,yes,BP_BW,Body Parts & Functions — Breast of Woman,0.447,CA_SK,Clothing & Adornment — Skirt,0.384,CA_WD,Clothing & Adornment — Woman's Dress,0.364
PDR1054,*mol-,jasmine,LM_NA,MK_SM,YES,yes,LM_NA,Language & Music — Name,0.298,AN_MR,Animals — Mare,0.297,CA_SK,Clothing & Adornment — Skirt,0.272
PDR1055,*moḷ-,to draw water,PA_DP,PW_WA,YES,yes,PA_DP,"Physical Acts & Materials — to Draw, Pull",0.431,PA_PA,Physical Acts & Materials — to Paint (as artist),0.428,PW_WA,Physical World — Water,0.427
PDR1056,*monṭ-,"blunt; stump, log",SP_LL,PW_WD,YES,yes,SP_LL,"Sense Perception — Dull, Blunt",0.369,FD_PO,Food & Drink — Pot,0.299,FD_KN,Food & Drink — Knife,0.294
PDR1057,*mor-and_-,rope,PA_RC,PA_RC,,yes,PA_RC,"Physical Acts & Materials — Rope, Cord",0.590,CA_WE,Clothing & Adornment — to Weave,0.421,CA_CL,Clothing & Adornment — Cloth,0.416
PDR1058,*morgil,cloud,PW_CL,PW_CL,,yes,PW_CL,"Physical World — Cloud, Mirk",0.447,PW_MI,"Physical World — Mist, Fog, Haze",0.367,PW_RA,Physical World — Rain (n),0.325
PDR1059,*mosar-,"buttermilk, curds",FD_BT,FD_BT,,yes,FD_BT,Food & Drink — Butter,0.520,FD_MS,Food & Drink — Milk,0.458,FD_MV,Food & Drink — to Milk,0.456
PDR1060,*moṬ-,flower-bud,AV_FL,AV_FL,,yes,AV_FL,Agriculture & Vegetation — Flower,0.468,AV_PN,"Agriculture & Vegetation — Plant, Herb",0.336,FD_PE,Food & Drink — Pea,0.336
PDR1061,*mot-,"sum, total; whole",QN_CW,QN_WH,YES,yes,QN_CW,Quantity & Number — Other Collective Words,0.485,QN_WH,Quantity & Number — Whole,0.470,QN_TK,Quantity & Number — Consisting of Three Kinds,0.451
PDR1062,*moṭ- (?),egg,BP_EG,BP_EG,,yes,BP_EG,Body Parts & Functions — Egg,0.604,AN_HN,Animals — Hen,0.478,AN_HC,"Animals — Hen, Chicken (generic)",0.464
PDR1063,*moẓ-g-,to bow,RB_AL,WH_BW,YES,yes,RB_AL,Religion & Beliefs — Altar,0.389,WH_BW,Warfare & Hunting — Bow,0.375,RB_BL,Religion & Beliefs — to Bless,0.358
PDR1064,*mō- (?),widow,MK_WD,MK_WD,,yes,MK_WD,Mankind — Widow,0.595,MK_SM,Mankind — Stepmother,0.395,MK_WI,Mankind — Wife,0.392
PDR1065,*mōḍ-i,"manner, style",CA_CD,SO_CR,YES,yes,CA_CD,"Clothing & Adornment — to Clothe, Dress",0.421,CA_TA,"Clothing & Adornment — Tailor, Seamstress",0.401,CA_WD,Clothing & Adornment — Woman's Dress,0.397
PDR1066,*mōg- (*-ɣ-) ?,to eat,FD_EA,FD_EA,,yes,FD_EA,Food & Drink — to Eat,0.580,FD_SU,"Food & Drink — to Suck, Suckle",0.567,FD_CO,Food & Drink — to Cook,0.566
PDR1067,*mōl- (?),smoke,PW_SM,PW_SM,,yes,PW_SM,Physical World — Smoke (n),0.612,AV_ST,Agriculture & Vegetation — Smoke (Tobacco),0.513,MO_BL,Motion & Transportation — to Blow,0.401
PDR1068,*mōr_-,"load, burden",MO_CA,MO_CA,,yes,MO_CA,"Motion & Transportation — to Bear, Carry",0.439,MO_RL,"Motion & Transportation — to Lift, Raise",0.411,SP_HV,"Sense Perception — Heavy, Weighty",0.392
PDR1069,*mōr_-,"face, snout (of animals)",BP_FA,BP_FA,,yes,BP_FA,Body Parts & Functions — Face,0.584,BP_CK,Body Parts & Functions — Cheek,0.545,BP_FO,Body Parts & Functions — Forehead,0.501
PDR1070,*mō̆T-,"to beat, strike",PA_SH,PA_SH,,yes,PA_SH,"Physical Acts & Materials — to Hit, Strike, Beat",0.594,EM_RF,"Emotion — Rage, Fury",0.335,PW_LT,"Physical World — Thunderbolt, Lightning Strike",0.318
PDR1071,*mōṭ,fool,MT_FS,MT_FS,,yes,MT_FS,"Mind & Thought — Stupid, Foolish",0.349,MT_WI,Mind & Thought — Wise,0.283,MK_HB,Mankind — Human Being,0.275
PDR1072,*muc-,"torn, spoilt; weak, tired",EM_TR,EM_TR,,yes,EM_TR,Emotion — Tear (n),0.413,PA_TE,Physical Acts & Materials — to Tear,0.382,EM_RR,"Emotion — to Regret, Repent",0.378
PDR1073,*mud-,"lump, mass",FD_KD,PW_DU,YES,yes,FD_KD,Food & Drink — to Knead,0.309,BP_SS,Body Parts & Functions — Sick; Sickness,0.306,PA_SO,"Physical Acts & Materials — to Strew, Spread Out",0.305
PDR1074,*mud-,kiss,EM_KS,EM_KS,,,EM_KS,Emotion — to Kiss,0.696,FD_SU,"Food & Drink — to Suck, Suckle",0.347,EM_DA,Emotion — to Dare,0.347
PDR1075,*muḍ-,"buttock, anus",AN_AD,AN_AD,,yes,AN_AD,"Animals — Ass, Donkey",0.446,BP_ED,"Body Parts & Functions — to Void Excrement; Dung, Excrement",0.434,BP_UU,Body Parts & Functions — to Urinate; Urine,0.429
PDR1076,*muḍ-,1 lame 2 contracted,BP_WE,QN_TP,YES,yes,BP_WE,"Body Parts & Functions — Weak, Infirm",0.388,BP_TE,Body Parts & Functions — Toe,0.311,BP_LE,Body Parts & Functions — Leg,0.294
PDR1077,*muḍ-i-,to end,TI_CE,TI_FI,YES,yes,TI_CE,Time — to Cease,0.514,TI_FI,Time — to Finish,0.435,TI_BB,Time — to Begin; Beginning,0.402
PDR1078,*muḍuc- (?),back,BP_BA,BP_BA,,yes,BP_BA,Body Parts & Functions — Back,0.487,BP_FC,Body Parts & Functions — Front of Chest,0.281,BP_SD,Body Parts & Functions — Shoulder,0.258
PDR1079,*mud_-,to bark,EM_GR,AN_HU,YES,yes,EM_GR,Emotion — to Groan,0.374,LM_SC,"Language & Music — to Shout, Cry Out",0.329,AN_WO,Animals — Wolf,0.321
PDR1080,*mud_- (*-r_-),"exulted, proud",EM_PD,EM_PD,,yes,EM_PD,Emotion — Proud,0.633,EM_JG,"Emotion — Glad, Joyful",0.586,EM_BR,"Emotion — Brave, Courageous",0.469
PDR1081,*mUg-,to close (of a flower),AV_FL,AV_FL,,yes,AV_FL,Agriculture & Vegetation — Flower,0.434,SR_SH,"Spatial Relations — to Shut, Close",0.346,TI_CE,Time — to Cease,0.317
PDR1082,*mug-,"to end, terminate",TI_CE,TI_FI,YES,yes,TI_CE,Time — to Cease,0.574,TI_FI,Time — to Finish,0.463,TI_BB,Time — to Begin; Beginning,0.423
PDR1083,*mUg-,top,SR_TO,MT_MI,YES,yes,SR_TO,Spatial Relations — Top,0.344,CA_SH,Clothing & Adornment — Shirt,0.296,CA_HC,"Clothing & Adornment — Hat, Cap",0.296
PDR1084,*muj-S-,to cover,CA_CK,CA_VE,YES,yes,CA_CK,Clothing & Adornment — Cloak,0.392,CA_OV,Clothing & Adornment — Overcoat,0.383,CA_VE,Clothing & Adornment — Veil,0.383
PDR1085,*mujS-,monkey,AN_MK,AN_MK,,yes,AN_MK,Animals — Monkey,0.649,AN_PI,Animals — Pig,0.405,AN_AN,Animals — Animal,0.387
PDR1086,*mujt-,"1 mouth, beak 2 to smell",BP_NO,BP_MO,YES,yes,BP_NO,Body Parts & Functions — Nose,0.510,BP_MO,Body Parts & Functions — Mouth,0.490,SP_VO,Sense Perception — to Smell (obj),0.484
PDR1087,*muk-,1 to strain 2 to grunt,EM_GR,PA_BN,YES,yes,EM_GR,Emotion — to Groan,0.511,PA_SR,Physical Acts & Materials — to Stretch,0.389,MO_PS,"Motion & Transportation — to Push, Shove",0.368
PDR1088,*muk-,to gobble,FD_SU,AN_HU,YES,,FD_SU,"Food & Drink — to Suck, Suckle",0.560,FD_KD,Food & Drink — to Knead,0.510,FD_EA,Food & Drink — to Eat,0.506
PDR1089,*muḷ-,radish,FD_VE,PW_DA,YES,yes,FD_VE,Food & Drink — Vegetables,0.400,AV_PN,"Agriculture & Vegetation — Plant, Herb",0.370,FD_CB,Food & Drink — Cabbage,0.368
PDR1090,*muḷ-,thorn,WH_SW,WH_SP,YES,yes,WH_SW,Warfare & Hunting — Sword,0.436,WH_SP,Warfare & Hunting — Spear,0.389,WH_BA,Warfare & Hunting — Battle-Ax,0.359
PDR1091,*mÙḷ-ai,"nail, stake",PA_NA,PA_NA,,yes,PA_NA,"Physical Acts & Materials — Nail, Peg",0.568,BP_NA,"Body Parts & Functions — Nail, Claw",0.500,BP_TE,Body Parts & Functions — Toe,0.383
PDR1092,*mulŋ-,horse-radish tree,AV_TR,PW_TR,YES,yes,AV_TR,Agriculture & Vegetation — Tree (generic),0.505,AV_RA,Agriculture & Vegetation — Rake (n),0.399,AV_PN,"Agriculture & Vegetation — Plant, Herb",0.398
PDR1093,*mun-,front,BP_FC,BP_FC,,yes,BP_FC,Body Parts & Functions — Front of Chest,0.426,BP_BA,Body Parts & Functions — Back,0.296,MO_EN,Motion & Transportation — to Enter,0.280
PDR1094,*mun-,anger; displeased; to dislike,EM_AG,EM_HT,YES,yes,EM_AG,Emotion — Anger,0.708,EM_RF,"Emotion — Rage, Fury",0.644,EM_HT,Emotion — Hate (n),0.627
PDR1095,*munḍ-,"post, pillar",RB_AL,PW_SR,YES,yes,RB_AL,Religion & Beliefs — Altar,0.329,MO_RL,"Motion & Transportation — to Lift, Raise",0.285,RB_ID,Religion & Beliefs — Idol,0.283
PDR1096,*munḍ-,tank,WH_FT,AN_FI,YES,,WH_FT,Warfare & Hunting — Fortress,0.351,WH_SO,Warfare & Hunting — Soldier,0.333,WH_FL,Warfare & Hunting — Fleet,0.326
PDR1097,*mundjal (?),hare,AN_RA,AN_GS,YES,yes,AN_RA,Animals — Ram,0.411,AN_MU,Animals — Mule,0.394,AN_HN,Animals — Hen,0.391
PDR1098,*munt-,pot; basin,FD_PO,FD_PO,,yes,FD_PO,Food & Drink — Pot,0.592,FD_BO,Food & Drink — to Boil (trans,0.366,FD_CO,Food & Drink — to Cook,0.361
PDR1099,*munt_- (?),mucus of nose,BP_NO,BP_NO,,yes,BP_NO,Body Parts & Functions — Nose,0.518,BP_CO,Body Parts & Functions — to Cough,0.368,BP_SN,Body Parts & Functions — to Sneeze,0.339
PDR1100,*muŋ-,mongoose,AN_MK,AN_EW,YES,yes,AN_MK,Animals — Monkey,0.345,AN_SK,Animals — Snake,0.296,AN_PU,Animals — Puppy,0.290
PDR1101,*mur-,to sound,SP_HE,LM_ST,YES,yes,SP_HE,Sense Perception — to Hear,0.565,SP_LD,Sense Perception — Loud,0.513,LM_BS,Language & Music — to be Silent,0.495
PDR1102,*mur-,1 rough 2 gravel,PW_SA,PW_SA,,yes,PW_SA,"Physical World — Sand, Grit",0.450,SP_RG,Sense Perception — Rough,0.399,PW_SR,"Physical World — Rock, Stone",0.398
PDR1103,*mur-,young and tender,TI_YG,TI_YG,,yes,TI_YG,Time — Young,0.464,TI_OL,Time — Old,0.355,MK_IN,Mankind — Infant,0.348
PDR1104,*mur-,"to burn, singe, scorch; fuel",PW_BU,PW_BU,,yes,PW_BU,"Physical World — to Burn, Scorch",0.558,FD_RF,"Food & Drink — to Roast, Fry",0.462,PA_FS,"Physical Acts & Materials — to Flay, Skin",0.435
PDR1105,*mur-,"to dry up, to wither",TI_CE,PA_WA,YES,yes,TI_CE,Time — to Cease,0.377,PA_TE,Physical Acts & Materials — to Tear,0.361,SP_DR,"Sense Perception — Dry, Arid",0.349
PDR1106,*mur- (*-r_-),parched rice,AV_RI,AV_RI,,yes,AV_RI,Agriculture & Vegetation — Rice,0.463,FD_DI,Food & Drink — Dish,0.420,FD_BN,Food & Drink — Bean,0.384
PDR1107,*mur-(u)g-,bracelet; ring,CA_BR,CA_FR,YES,yes,CA_BR,"Clothing & Adornment — Armband, Bracelet",0.640,CA_NC,Clothing & Adornment — Necklace,0.591,CA_FR,Clothing & Adornment — Finger Ring,0.497
PDR1108,*murut- (?),a k. of tree (palas tree),AV_TR,AV_TR,,yes,AV_TR,Agriculture & Vegetation — Tree (generic),0.553,PW_TR,"Physical World — Tree, Oak",0.437,AV_LE,Agriculture & Vegetation — Leaf,0.390
PDR1109,*mur-Vg-,to bend; crooked,PA_BN,PA_BN,,yes,PA_BN,Physical Acts & Materials — to Bend,0.588,PA_SR,Physical Acts & Materials — to Stretch,0.495,PA_FO,Physical Acts & Materials — to Fold,0.460
PDR1110,*mur_-,"to twist, sprain",PA_SO,BP_TE,YES,yes,PA_SO,"Physical Acts & Materials — to Strew, Spread Out",0.390,PA_SR,Physical Acts & Materials — to Stretch,0.389,PA_BN,Physical Acts & Materials — to Bend,0.371
PDR1111,*mur_- (?),relationship; kinsman,SO_CM,SO_SG,YES,yes,SO_CM,Social Relations — Companion,0.577,SO_SU,Social Relations — Subject (n),0.543,SO_CU,"Social Relations — Custom, Usage",0.524
PDR1112,*mUr_aḷ-,hermit's tree,AV_TR,PW_TR,YES,yes,AV_TR,Agriculture & Vegetation — Tree (generic),0.411,PW_TR,"Physical World — Tree, Oak",0.353,AV_BE,Agriculture & Vegetation — Beech,0.315
PDR1113,*mur_-i- (*-d_-),"to break, crush",PA_BK,PA_BK,,yes,PA_BK,Physical Acts & Materials — to Break,0.580,PA_TE,Physical Acts & Materials — to Tear,0.527,EM_LO,Emotion — to Love; Love,0.395
PDR1114,*mus-,to smile,EM_LS,EM_LS,,yes,EM_LS,"Emotion — to Laugh, Smile",0.590,EM_JG,"Emotion — Glad, Joyful",0.476,EM_GR,Emotion — to Groan,0.474
PDR1115,*muS(j)[-ir_-],red ant,AN_IN,SP_RD,YES,yes,AN_IN,Animals — Insect,0.363,AN_BE,Animals — Bee,0.326,SP_RD,Sense Perception — Red,0.305
PDR1116,*musur-,constant rain,PW_RA,PW_RA,,yes,PW_RA,Physical World — Rain (n),0.569,PW_WE,Physical World — Weather,0.413,SP_DR,"Sense Perception — Dry, Arid",0.351
PDR1117,*muṬ-,knot (of hair); to tie hair in knots,PA_KN,PA_KN,,yes,PA_KN,Physical Acts & Materials — Knot (n),0.512,BP_HA,Body Parts & Functions — Hair,0.408,CA_WE,Clothing & Adornment — to Weave,0.383
PDR1118,*mut_-,to surround,SR_CO,SR_HC,YES,yes,SR_CO,Spatial Relations — to Cover,0.435,SR_RL,"Spatial Relations — to Remain, be Left Over",0.407,SR_ST,Spatial Relations — to Stand,0.401
PDR1119,*muṭ-,"1 fist, hammer 2 to hammer",PA_SH,PA_HA,YES,yes,PA_SH,"Physical Acts & Materials — to Hit, Strike, Beat",0.480,PA_HA,Physical Acts & Materials — Hammer (n),0.471,BP_NA,"Body Parts & Functions — Nail, Claw",0.377
PDR1120,*muṭ-,to touch,SP_TV,SP_TV,,,SP_TV,Sense Perception — to Touch,0.672,PA_RU,Physical Acts & Materials — to Rub,0.573,SP_TC,Sense Perception — Touch (n),0.554
PDR1121,*muṭ-,"knee, elbow",BP_KN,BP_EL,YES,yes,BP_KN,Body Parts & Functions — Knee,0.636,BP_EL,Body Parts & Functions — Elbow,0.598,BP_SD,Body Parts & Functions — Shoulder,0.484
PDR1122,*muṭ-,tool,PA_KF,PA_KF,,,PA_KF,Physical Acts & Materials — Knife (tool),0.460,PA_SS,"Physical Acts & Materials — Shears, Scissors",0.392,WH_SW,Warfare & Hunting — Sword,0.367
PDR1123,*muẓ-,"full, complete; all",QN_FU,QN_FU,,yes,QN_FU,Quantity & Number — Full,0.451,TI_FI,Time — to Finish,0.365,TI_RE,Time — Ready (adj),0.312
PDR1124,*muẓ-,vexation; quarrel,EM_RF,SO_SQ,YES,yes,EM_RF,"Emotion — Rage, Fury",0.362,EM_AG,Emotion — Anger,0.352,EM_PA,Emotion — Passion,0.352
PDR1125,*muẓ-,"cubit; elbow, knee",BP_KN,BP_EL,YES,yes,BP_KN,Body Parts & Functions — Knee,0.268,BP_EL,Body Parts & Functions — Elbow,0.261,CA_SC,"Clothing & Adornment — Cobbler, Shoemaker",0.246
PDR1126,*muẓ-,"to speak, make noise",LM_BS,LM_BS,,yes,LM_BS,Language & Music — to be Silent,0.536,LM_SC,"Language & Music — to Shout, Cry Out",0.534,LM_ST,"Language & Music — to Speak, Talk",0.525
PDR1127,*muẓṇ-,"to be immersed, sink",MO_SI,MO_SI,,yes,MO_SI,Motion & Transportation — to Sink,0.584,MO_FT,Motion & Transportation — to Float,0.422,PW_WA,Physical World — Water,0.411
PDR1128,*mū-,three,QN_TH,QN_TH,,yes,QN_TH,Quantity & Number — Three,0.522,QN_TP,Quantity & Number — Three Apiece,0.491,QN_CT,Quantity & Number — Consisting of Three Together,0.479
PDR1129,*mūḍ-,"origin; to bear, begin",MK_AN,AN_BR,YES,yes,MK_AN,Mankind — Ancestor(s),0.284,BP_BP,Body Parts & Functions — to Beget (of Father),0.283,AV_RO,Agriculture & Vegetation — Root,0.246
PDR1130,*mūḍ-,to cover,SR_CO,CA_VE,YES,,SR_CO,Spatial Relations — to Cover,0.448,CA_OV,Clothing & Adornment — Overcoat,0.389,CA_CK,Clothing & Adornment — Cloak,0.350
PDR1131,*mūḍ- (*-ō-),fog,PW_MI,PW_MI,,yes,PW_MI,"Physical World — Mist, Fog, Haze",0.599,PW_SM,Physical World — Smoke (n),0.359,SP_WD,"Sense Perception — Wet, Damp",0.355
PDR1132,*mūK-,frog,AN_PI,AN_SK,YES,,AN_PI,Animals — Pig,0.441,AN_WR,Animals — Worm,0.415,AN_AN,Animals — Animal,0.414
PDR1133,*mūl-,"corner, angle",SR_CN,SR_CN,,yes,SR_CN,"Spatial Relations — Angle, Corner",0.645,SR_RO,Spatial Relations — Round (adj),0.385,SR_CI,Spatial Relations — Circle,0.367
PDR1134,*mūl-,hair-knot,PA_KN,BP_HA,YES,yes,PA_KN,Physical Acts & Materials — Knot (n),0.434,BP_HA,Body Parts & Functions — Hair,0.422,CA_CB,Clothing & Adornment — Comb,0.380
PDR1135,*mūl-,piles,BP_ED,PW_MU,YES,yes,BP_ED,"Body Parts & Functions — to Void Excrement; Dung, Excrement",0.390,BP_VO,Body Parts & Functions — to Vomit,0.336,BP_SS,Body Parts & Functions — Sick; Sickness,0.307
PDR1136,*mūḷ-,marrow,BP_BL,BP_BL,,yes,BP_BL,Body Parts & Functions — Blood,0.416,BP_BN,Body Parts & Functions — Bone,0.411,BP_RI,Body Parts & Functions — Rib,0.358
PDR1137,*mūḷ-,"to groan, murmur",EM_GR,EM_GR,,yes,EM_GR,Emotion — to Groan,0.693,LM_BS,Language & Music — to be Silent,0.435,EM_CW,"Emotion — to Cry, Weep",0.416
PDR1138,*mūḷ-,defect of limb,BP_LE,BP_FT,YES,,BP_LE,Body Parts & Functions — Leg,0.562,BP_FT,Body Parts & Functions — Foot,0.536,BP_TE,Body Parts & Functions — Toe,0.519
PDR1139,*mūḷ-,bone,BP_BN,BP_BN,,,BP_BN,Body Parts & Functions — Bone,0.640,BP_JW,Body Parts & Functions — Jaw,0.424,BP_RI,Body Parts & Functions — Rib,0.415
PDR1140,*mūḷ- (caus. *mū̆ṭ-),to catch fire; to kindle,PW_BU,PW_LK,YES,yes,PW_BU,"Physical World — to Burn, Scorch",0.558,PW_FI,Physical World — Fire (n),0.550,PW_FL,Physical World — Flame (n),0.494
PDR1141,*mūnd(j)-,snout,BP_NO,AN_SK,YES,yes,BP_NO,Body Parts & Functions — Nose,0.505,BP_FO,Body Parts & Functions — Forehead,0.487,BP_CK,Body Parts & Functions — Cheek,0.452
PDR1142,*mū-nǯ-,"to smell, sniff; nose",SP_VS,SP_VS,,yes,SP_VS,Sense Perception — to Smell (subj),0.664,SP_VO,Sense Perception — to Smell (obj),0.663,SP_BD,"Sense Perception — Stinking, Bad Smelling",0.622
PDR1143,*mūŋ-,nose,BP_NO,BP_NO,,yes,BP_NO,Body Parts & Functions — Nose,0.604,BP_FO,Body Parts & Functions — Forehead,0.417,BP_SN,Body Parts & Functions — to Sneeze,0.406
PDR1144,*mūŋ-,dumb,MT_FS,MT_FS,,yes,MT_FS,"Mind & Thought — Stupid, Foolish",0.310,SP_SA,Sense Perception — Salty,0.257,TI_SL,Time — Slow (adj),0.247
PDR1145,*mūŋɣ-,cowbell,AN_CO,AN_CO,,yes,AN_CO,Animals — Cow,0.341,LM_BS,Language & Music — to be Silent,0.297,AN_BU,Animals — Bull,0.294
PDR1146,*mūr-,"to break, tear",PA_TE,PA_TE,,yes,PA_TE,Physical Acts & Materials — to Tear,0.659,PA_BK,Physical Acts & Materials — to Break,0.581,EM_TR,Emotion — Tear (n),0.523
PDR1147,*mūr-,buffalo; cow,AN_CO,AN_CO,,yes,AN_CO,Animals — Cow,0.409,AN_OX,"Animals — Ox, Steer",0.401,AN_BU,Animals — Bull,0.393
PDR1148,*mūr-,old; mature,TI_OL,TI_AG,YES,,TI_OL,Time — Old,0.660,TI_AG,Time — Age,0.552,TI_YG,Time — Young,0.417
PDR1149,*mūr_-,dirt; bad smell,SP_DS,SP_BD,YES,yes,SP_DS,"Sense Perception — Dirty, Soiled",0.486,PW_MU,"Physical World — Mud, Mire",0.405,PW_GS,"Physical World — Ground, Soil",0.391
PDR1150,*mūt-,old,TI_OL,TI_OL,,yes,TI_OL,Time — Old,0.609,TI_AG,Time — Age,0.509,TI_YG,Time — Young,0.395
PDR1151,*mūṭ-,bundle,PA_RC,CA_PO,YES,yes,PA_RC,"Physical Acts & Materials — Rope, Cord",0.348,MO_CA,"Motion & Transportation — to Bear, Carry",0.347,PT_PU,Possession & Trade — Purse,0.330
PDR1152,*mūẓ-,"ripe, mature",FD_FR,TI_YG,YES,yes,FD_FR,Food & Drink — Fruit,0.405,AV_VI,Agriculture & Vegetation — Vine,0.398,FD_PC,Food & Drink — Peach,0.367
PDR1153,*mVk-,stump; blunt,BP_LE,FD_KN,YES,yes,BP_LE,Body Parts & Functions — Leg,0.333,PW_WD,"Physical World — Wood, Timber",0.303,AV_FO,Agriculture & Vegetation — Fork (tool),0.297
PDR1154,*na[C]ṇ-,fire,PW_FI,PW_FI,,yes,PW_FI,Physical World — Fire (n),0.559,PW_BU,"Physical World — to Burn, Scorch",0.473,PW_FL,Physical World — Flame (n),0.465
PDR1155,*nač-,to tease,EM_PL,BP_LC,YES,yes,EM_PL,Emotion — to Please,0.445,EM_PV,Emotion — to Play,0.354,EM_DA,Emotion — to Dare,0.341
PDR1156,*nač-,"to desire, trust",EM_DE,EM_DE,,,EM_DE,Emotion — to Desire,0.579,PT_SE,Possession & Trade — to Seek,0.527,EM_PL,Emotion — to Please,0.505
PDR1157,*naḍ-,"to shake, tremble",MO_SH,MO_SH,,yes,MO_SH,Motion & Transportation — to Shake,0.621,EM_GR,Emotion — to Groan,0.391,EM_FF,"Emotion — Fear, Fright",0.343
PDR1158,*ńaḍ-,to walk,MO_WA,MO_WA,,yes,MO_WA,Motion & Transportation — to Walk,0.656,MO_RU,Motion & Transportation — to Run,0.467,MO_MO,Motion & Transportation — to Move,0.439
PDR1159,*nàḍ[u]-,"middle, waist",BP_NV,BP_NV,,yes,BP_NV,Body Parts & Functions — Navel,0.406,BP_BS,"Body Parts & Functions — Belly, Stomach",0.400,CA_BG,"Clothing & Adornment — Belt, Girdle",0.386
PDR1160,*nag-,to laugh,EM_LS,EM_LS,,yes,EM_LS,"Emotion — to Laugh, Smile",0.503,EM_GR,Emotion — to Groan,0.473,EM_JY,Emotion — Joy,0.386
PDR1161,*naj-,"to love, like; friend, good",EM_LO,EM_LO,,yes,EM_LO,Emotion — to Love; Love,0.599,EM_DE,Emotion — to Desire,0.497,EM_PL,Emotion — to Please,0.478
PDR1162,*nal-,to squeeze,PA_SR,FD_SU,YES,yes,PA_SR,Physical Acts & Materials — to Stretch,0.457,PA_RU,Physical Acts & Materials — to Rub,0.379,PA_SO,"Physical Acts & Materials — to Strew, Spread Out",0.377
PDR1163,*nal-,good,EM_GD,EM_GD,,,EM_GD,Emotion — Good,0.355,EM_BD,Emotion — Bad,0.287,TI_SI,"Time — Soon, Immediately",0.242
PDR1164,*nal-,black,SP_BK,SP_BK,,,SP_BK,Sense Perception — Black,0.545,SP_CO,Sense Perception — Color,0.403,SP_WH,Sense Perception — White,0.392
PDR1165,*nal-,to dance,MO_DA,MO_DA,,yes,MO_DA,Motion & Transportation — to Dance,0.636,MO_JL,"Motion & Transportation — to Jump, Leap",0.420,LM_SG,Language & Music — to Sing,0.404
PDR1166,*naḶ-,bug,AN_IN,AN_IN,,yes,AN_IN,Animals — Insect,0.362,AN_WR,Animals — Worm,0.275,TI_NG,Time — Night,0.254
PDR1167,*nam-,to believe,MT_BE,MT_BE,,yes,MT_BE,Mind & Thought — to Believe,0.551,RB_PY,Religion & Beliefs — to Pray,0.397,RB_WO,Religion & Beliefs — to Worship,0.394
PDR1168,*nam- (*-e-),"moist, damp",SP_WD,SP_WD,,yes,SP_WD,"Sense Perception — Wet, Damp",0.592,SP_DR,"Sense Perception — Dry, Arid",0.471,SP_DS,"Sense Perception — Dirty, Soiled",0.395
PDR1169,*ńamil-,peacock,AN_BI,AN_BI,,yes,AN_BI,Animals — Bird,0.498,AN_DU,Animals — Duck,0.451,AN_HN,Animals — Hen,0.448
PDR1170,*nan-,"flower, flower-bud; to blossom",AV_FL,AV_FL,,yes,AV_FL,Agriculture & Vegetation — Flower,0.530,AV_PN,"Agriculture & Vegetation — Plant, Herb",0.377,AV_PL,Agriculture & Vegetation — to Plow; Plow,0.362
PDR1171,*naṇ-,to do,PA_MA,TI_FI,YES,yes,PA_MA,"Physical Acts & Materials — to Do, Make",0.385,PA_WV,"Physical Acts & Materials — to Work, Toil",0.362,FD_CO,Food & Drink — to Cook,0.333
PDR1172,*naṇ-,to approach; to join; friend,MO_AP,SO_ME,YES,yes,MO_AP,Motion & Transportation — to Approach,0.448,SO_HA,"Social Relations — to Help, Aid",0.433,SO_NE,Social Relations — Neighbor,0.400
PDR1173,*nanǯ-,poison,BP_KI,BP_KI,,yes,BP_KI,Body Parts & Functions — to Kill,0.365,FD_VI,Food & Drink — Vinegar,0.355,EM_HT,Emotion — Hate (n),0.342
PDR1174,*nanǯ-,1 a mouthful 2 meat,FD_SU,FD_ME,YES,yes,FD_SU,"Food & Drink — to Suck, Suckle",0.490,FD_ME,Food & Drink — Meat,0.486,FD_AM,Food & Drink — a Meal,0.478
PDR1175,*ńar-,to sound; to grumble,SP_HE,LM_BO,YES,yes,SP_HE,Sense Perception — to Hear,0.542,EM_GR,Emotion — to Groan,0.512,LM_BS,Language & Music — to be Silent,0.504
PDR1176,*ńar-,grey (hair),CA_DY,BP_HA,YES,yes,CA_DY,Clothing & Adornment — to Dye,0.395,CA_WO,Clothing & Adornment — Wool,0.352,CA_FU,Clothing & Adornment — Fur,0.329
PDR1177,*nar-,"stunted, deficient",BP_WE,BP_WE,,yes,BP_WE,"Body Parts & Functions — Weak, Infirm",0.381,FD_HU,Food & Drink — Hunger (n),0.335,FD_TH,Food & Drink — Thirst (n),0.299
PDR1178,*naramb-,"nerve, vein",BP_NV,BP_EB,YES,yes,BP_NV,Body Parts & Functions — Navel,0.426,BP_FI,Body Parts & Functions — Finger,0.423,BP_TM,Body Parts & Functions — Thumb,0.398
PDR1179,"*nar-, *nar-k-","fox, jackal",AN_FX,AN_FX,,yes,AN_FX,Animals — Fox,0.537,AN_MA,Animals — Male Animal,0.405,AN_FE,Animals — Female Animal,0.391
PDR1180,*ńar-/*ar-,to fear,EM_FF,EM_FF,,yes,EM_FF,"Emotion — Fear, Fright",0.574,EM_DE,Emotion — to Desire,0.460,EM_DG,"Emotion — Peril, Danger",0.453
PDR1181,*nar_- (?),night,TI_NG,TI_NG,,yes,TI_NG,Time — Night,0.596,TI_EV,Time — Evening,0.521,PW_DA,Physical World — Darkness,0.409
PDR1182,*nar_-Vk-,"to cut, scratch",PA_CU,PA_CU,,yes,PA_CU,Physical Acts & Materials — to Cut,0.596,PA_SS,"Physical Acts & Materials — Shears, Scissors",0.526,PA_CV,Physical Acts & Materials — to Carve,0.503
PDR1183,*nas-,"to fade, waste away",TI_CE,TI_LS,YES,yes,TI_CE,Time — to Cease,0.408,CA_DY,Clothing & Adornment — to Dye,0.381,PW_BU,"Physical World — to Burn, Scorch",0.346
PDR1184,*nat-,snail,AN_WR,AN_PI,YES,yes,AN_WR,Animals — Worm,0.437,AN_FM,Animals — Fisherman,0.332,AN_DU,Animals — Duck,0.329
PDR1185,*nav-,female,AN_FE,MK_FS,YES,yes,AN_FE,Animals — Female Animal,0.523,MK_FS,Mankind — Female,0.496,AN_MA,Animals — Male Animal,0.424
PDR1186,*nav- (*-m-),to trouble; to decline,SO_SQ,LM_RF,YES,yes,SO_SQ,"Social Relations — Strife, Quarrel",0.389,EM_MF,Emotion — Misfortune,0.351,LM_TH,Language & Music — to Threaten,0.313
PDR1187,*navir,hair,BP_HA,BP_HA,,yes,BP_HA,Body Parts & Functions — Hair,0.649,BP_BE,Body Parts & Functions — Beard,0.494,CA_CB,Clothing & Adornment — Comb,0.493
PDR1188,*ńavuḍ- (*l-?),lip,BP_LI,BP_LI,,yes,BP_LI,Body Parts & Functions — Lip,0.599,BP_TG,Body Parts & Functions — Tongue,0.411,BP_MO,Body Parts & Functions — Mouth,0.407
PDR1189,*naǯǯ-,to crush; to subdue,FD_GR,TI_HH,YES,yes,FD_GR,Food & Drink — to Grind,0.355,PA_SH,"Physical Acts & Materials — to Hit, Strike, Beat",0.340,PA_TE,Physical Acts & Materials — to Tear,0.333
PDR1190,*nāḍ-,village,SO_CI,SO_CI,,yes,SO_CI,"Social Relations — Town, City",0.471,SO_RT,"Social Relations — Region, Territory",0.381,DF_HU,Dwellings & Furniture — Hut,0.352
PDR1191,*ńād_-,to smell,SP_VS,SP_VO,YES,yes,SP_VS,Sense Perception — to Smell (subj),0.586,SP_VO,Sense Perception — to Smell (obj),0.583,SP_BD,"Sense Perception — Stinking, Bad Smelling",0.532
PDR1192,*nāg-,young; female,TI_YG,TI_YG,,yes,TI_YG,Time — Young,0.454,TI_AG,Time — Age,0.371,TI_OL,Time — Old,0.323
PDR1193,*nāg- (?),earring,CA_NC,BP_EA,YES,yes,CA_NC,Clothing & Adornment — Necklace,0.552,CA_FR,Clothing & Adornment — Finger Ring,0.546,CA_BR,"Clothing & Adornment — Armband, Bracelet",0.487
PDR1194,*nājk- (?),to lick,BP_LC,BP_LC,,yes,BP_LC,Body Parts & Functions — to Lick,0.609,FD_SU,"Food & Drink — to Suck, Suckle",0.477,BP_SP,Body Parts & Functions — to Spit,0.402
PDR1195,*ńāj(t)-,dog,AN_DO,AN_DO,,yes,AN_DO,Animals — Dog,0.573,AN_PU,Animals — Puppy,0.502,AN_AN,Animals — Animal,0.428
PDR1196,*nāl-,four,QN_TH,QN_TH,,yes,QN_TH,Quantity & Number — Three,0.406,QN_TP,Quantity & Number — Three Apiece,0.388,QN_EN,Quantity & Number — Enough,0.350
PDR1197,*nāḷ-,day; tomorrow,TI_DA,TI_TM,YES,yes,TI_DA,Time — Day,0.609,TI_MG,Time — Morning,0.489,TI_YD,Time — Yesterday,0.479
PDR1198,*ńāḷ-,night,TI_NG,TI_NG,,yes,TI_NG,Time — Night,0.605,TI_EV,Time — Evening,0.567,TI_MG,Time — Morning,0.438
PDR1199,*nāl_-,tongue,BP_TG,BP_TG,,yes,BP_TG,Body Parts & Functions — Tongue,0.614,BP_LC,Body Parts & Functions — to Lick,0.466,BP_LI,Body Parts & Functions — Lip,0.453
PDR1200,*nāl_- (*-n-),wet; cold,SP_WD,TI_WI,YES,yes,SP_WD,"Sense Perception — Wet, Damp",0.547,PW_WA,Physical World — Water,0.473,PW_RA,Physical World — Rain (n),0.463
PDR1201,*nām,we (incl.),MK_HB,MK_FM,YES,yes,MK_HB,Mankind — Human Being,0.390,MK_MA,Mankind — Man,0.388,MK_RE,Mankind — Relative(s),0.385
PDR1202,*nāmb-,to be thin,SR_NS,BP_SH,YES,yes,SR_NS,Spatial Relations — Thin (in Density),0.328,BP_WE,"Body Parts & Functions — Weak, Infirm",0.314,SR_ND,Spatial Relations — Thin (in Dimension),0.303
PDR1203,*nāṇ-,shame,EM_SH,EM_SH,,yes,EM_SH,Emotion — Shame (n),0.499,EM_PD,Emotion — Proud,0.322,EM_RR,"Emotion — to Regret, Repent",0.308
PDR1204,*ńāṇ-,"rope, necklace",CA_NC,CA_NC,,yes,CA_NC,Clothing & Adornment — Necklace,0.651,PA_RC,"Physical Acts & Materials — Rope, Cord",0.593,CA_BR,"Clothing & Adornment — Armband, Bracelet",0.566
PDR1205,*nāṇ-,a k. of grass (kaus),AV_GR,AV_GR,,yes,AV_GR,Agriculture & Vegetation — Grass,0.474,AV_PN,"Agriculture & Vegetation — Plant, Herb",0.391,AV_SP,Agriculture & Vegetation — Spade (n),0.383
PDR1206,*nānd_-,female relative,MK_SW,MK_GM,YES,yes,MK_SW,Mankind — Sister-in-Law,0.519,MK_DL,Mankind — Daughter-in-Law,0.510,MK_NI,Mankind — Niece,0.473
PDR1207,*[n]ā[n]d_,we (incl.),MK_HB,MK_FM,YES,yes,MK_HB,Mankind — Human Being,0.404,MK_MA,Mankind — Man,0.398,MK_RE,Mankind — Relative(s),0.392
PDR1208,*nāŋūẓ-,earthworm,AN_WR,AN_WR,,yes,AN_WR,Animals — Worm,0.675,AN_IN,Animals — Insect,0.427,AN_SK,Animals — Snake,0.346
PDR1209,*nār-,rope,PA_RC,PA_RC,,yes,PA_RC,"Physical Acts & Materials — Rope, Cord",0.608,CA_WE,Clothing & Adornment — to Weave,0.432,CA_CL,Clothing & Adornment — Cloth,0.410
PDR1210,*nāṬ-,"to fix, settle",PT_RE,LJ_FI,YES,yes,PT_RE,Possession & Trade — to Restore,0.338,LJ_FI,"Law & Judgment — Fine, Settlement",0.319,AV_PL,Agriculture & Vegetation — to Plow; Plow,0.306
PDR1211,*nāt-,husband's sister,MK_SW,MK_SW,,yes,MK_SW,Mankind — Sister-in-Law,0.589,MK_DL,Mankind — Daughter-in-Law,0.532,MK_ML,Mankind — Mother-in-Law,0.522
PDR1212,*ńegg-,"loose, weak, relaxed",PA_SO,BP_WE,YES,yes,PA_SO,"Physical Acts & Materials — to Strew, Spread Out",0.422,PA_TE,Physical Acts & Materials — to Tear,0.408,PA_SR,Physical Acts & Materials — to Stretch,0.396
PDR1213,*neɣ-,good,EM_GD,EM_GD,,yes,EM_GD,Emotion — Good,0.357,EM_BD,Emotion — Bad,0.277,EM_JG,"Emotion — Glad, Joyful",0.251
PDR1214,*nej-,"oil, ghee",FD_OI,FD_OI,,yes,FD_OI,Food & Drink — Oil,0.667,FD_BT,Food & Drink — Butter,0.535,FD_HO,Food & Drink — Honey,0.481
PDR1215,*nej-,to weave,CA_WE,CA_WE,,yes,CA_WE,Clothing & Adornment — to Weave,0.671,CA_SE,Clothing & Adornment — to Sew,0.508,PA_SO,"Physical Acts & Materials — to Strew, Spread Out",0.457
PDR1216,*nej-tor,blood,BP_BL,BP_BL,,yes,BP_BL,Body Parts & Functions — Blood,0.455,EM_PA,Emotion — Passion,0.319,PA_FS,"Physical Acts & Materials — to Flay, Skin",0.300
PDR1217,*nejt_-,forehead,BP_FO,BP_FO,,yes,BP_FO,Body Parts & Functions — Forehead,0.621,BP_SK,Body Parts & Functions — Skull,0.456,BP_HE,Body Parts & Functions — Head,0.451
PDR1218,*neK-,to fill up (as a pit),BP_ED,BP_SP,YES,yes,BP_ED,"Body Parts & Functions — to Void Excrement; Dung, Excrement",0.342,PA_PO,Physical Acts & Materials — to Pour,0.340,SR_HL,Spatial Relations — Hole,0.335
PDR1219,*nel-,moon,PW_MO,PW_MO,,yes,PW_MO,Physical World — Moon,0.551,TI_NG,Time — Night,0.391,TI_NM,Time — Names of the Months,0.370
PDR1220,*nel-,"tamarind, myrobalan",FD_FR,LM_NA,YES,yes,FD_FR,Food & Drink — Fruit,0.424,FD_BY,Food & Drink — Berry,0.385,FD_PC,Food & Drink — Peach,0.343
PDR1221,*nel-,rice,AV_RI,AV_RI,,yes,AV_RI,Agriculture & Vegetation — Rice,0.542,FD_DI,Food & Drink — Dish,0.410,FD_BN,Food & Drink — Bean,0.392
PDR1222,*neḷ-i-,to crawl,MO_CC,MO_CC,,yes,MO_CC,"Motion & Transportation — to Creep, Crawl",0.538,MO_WA,Motion & Transportation — to Walk,0.367,MO_JL,"Motion & Transportation — to Jump, Leap",0.330
PDR1223,*[ń]elV[v]-[k-] (*-i-),silk-cotton tree,CA_CO,CA_CO,,yes,CA_CO,Clothing & Adornment — Cotton,0.533,AV_TR,Agriculture & Vegetation — Tree (generic),0.530,CA_SI,Clothing & Adornment — Silk,0.512
PDR1224,*ńem-,"to squeeze, crush",PA_SR,EM_DA,YES,yes,PA_SR,Physical Acts & Materials — to Stretch,0.418,FD_KD,Food & Drink — to Knead,0.400,PA_RU,Physical Acts & Materials — to Rub,0.387
PDR1225,*ńeṇ-,fat,FD_BT,BP_LI,YES,yes,FD_BT,Food & Drink — Butter,0.351,FD_OI,Food & Drink — Oil,0.312,FD_HU,Food & Drink — Hunger (n),0.265
PDR1226,*nen_-,to think,MT_KN,MT_BE,YES,yes,MT_KN,Mind & Thought — to Know,0.580,MT_TR,"Mind & Thought — to Think, Reflect",0.577,MT_TO,"Mind & Thought — to Think, be of the Opinion",0.572
PDR1227,*nenǯ-,1 pith 2 heart,BP_HR,BP_HR,,yes,BP_HR,Body Parts & Functions — Heart,0.327,EM_PA,Emotion — Passion,0.318,EM_CW,"Emotion — to Cry, Weep",0.317
PDR1228,*neŋ-,"to enter, insert",MO_EN,MO_EN,,yes,MO_EN,Motion & Transportation — to Enter,0.439,PA_CV,Physical Acts & Materials — to Carve,0.310,PA_PO,Physical Acts & Materials — to Pour,0.300
PDR1229,*ńer-,to grind,FD_GR,FD_GR,,yes,FD_GR,Food & Drink — to Grind,0.638,PW_SA,"Physical World — Sand, Grit",0.434,FD_KD,Food & Drink — to Knead,0.371
PDR1230,*ńerv-,1 worm 2 (NDR) snake,AN_WR,AN_WR,,yes,AN_WR,Animals — Worm,0.683,AN_SK,Animals — Snake,0.582,AN_FI,Animals — Fish (n),0.416
PDR1231,*ner_-,"beauty, custom, propriety",CA_WD,CA_MR,YES,yes,CA_WD,Clothing & Adornment — Woman's Dress,0.446,CA_VE,Clothing & Adornment — Veil,0.430,CA_CD,"Clothing & Adornment — to Clothe, Dress",0.424
PDR1232,*ner_-i (*-d_-),fold (n.),PA_FO,PA_FO,,yes,PA_FO,Physical Acts & Materials — to Fold,0.577,CA_HF,Clothing & Adornment — Handkerchief,0.372,CA_WE,Clothing & Adornment — to Weave,0.360
PDR1233,*neṭ-,long,SR_LG,TI_LS,YES,yes,SR_LG,Spatial Relations — Long,0.366,TI_LS,Time — to Last,0.362,TI_FI,Time — to Finish,0.331
PDR1234,*[ń]evuẓ-,spittle,BP_SP,BP_SP,,yes,BP_SP,Body Parts & Functions — to Spit,0.485,FD_SP,Food & Drink — Spoon,0.382,FD_SU,"Food & Drink — to Suck, Suckle",0.368
PDR1235,*ńēd_-,"to rise, sprout",AV_SS,AV_CT,YES,yes,AV_SS,Agriculture & Vegetation — to Sow; Seed,0.484,MO_RI,Motion & Transportation — to Rise,0.443,AV_RO,Agriculture & Vegetation — Root,0.430
PDR1236,*ńēind_-,day,TI_DA,TI_DA,,yes,TI_DA,Time — Day,0.605,TI_YD,Time — Yesterday,0.492,TI_MG,Time — Morning,0.458
PDR1237,*ńēl-,earth,PW_GS,PW_EL,YES,yes,PW_GS,"Physical World — Ground, Soil",0.553,PW_EL,"Physical World — Earth, Land",0.531,PW_SK,"Physical World — Sky, Heavens",0.399
PDR1238,*ńēl-,to hang,MO_JL,TI_FI,YES,yes,MO_JL,"Motion & Transportation — to Jump, Leap",0.335,MO_RL,"Motion & Transportation — to Lift, Raise",0.324,AN_ST,"Animals — Stall, Stable",0.322
PDR1239,*ńēm- (?),to sift; to thresh,SP_SE,AV_TH,YES,yes,SP_SE,Sense Perception — to See,0.377,SP_LO,Sense Perception — to Look,0.374,PA_SW,Physical Acts & Materials — to Sweep,0.373
PDR1240,*nēnǯ-,to breathe,BP_BB,BP_BB,,yes,BP_BB,Body Parts & Functions — to Breathe; Breath,0.523,BP_FB,"Body Parts & Functions — to Fart, Break Wind",0.457,BP_YG,"Body Parts & Functions — to Gape, Yawn",0.402
PDR1241,*ńēŋel-,plough,AV_PL,AV_PL,,yes,AV_PL,Agriculture & Vegetation — to Plow; Plow,0.631,AV_SH,Agriculture & Vegetation — Shovel (n),0.479,AV_SI,"Agriculture & Vegetation — Scythe, Sickle",0.398
PDR1242,*nē-r-,1 time 2 sun,TI_DA,PW_SU,YES,yes,TI_DA,Time — Day,0.487,TI_NG,Time — Night,0.472,TI_CW,"Time — Clock, Watch",0.462
PDR1243,*nēr-,"to assemble, meet; to learn; to resemble",SO_ME,MT_LE,YES,yes,SO_ME,Social Relations — to Meet,0.520,SR_CG,"Spatial Relations — to Gather, Collect",0.499,SO_CN,Social Relations — Common (adj),0.395
PDR1244,*nēr-,thin,SR_NS,SR_NS,,,SR_NS,Spatial Relations — Thin (in Density),0.461,SR_ND,Spatial Relations — Thin (in Dimension),0.429,SR_TS,Spatial Relations — Thick (in Density),0.383
PDR1245,*nēr- (?),dry,SP_WD,PA_WA,YES,yes,SP_WD,"Sense Perception — Wet, Damp",0.523,SP_DR,"Sense Perception — Dry, Arid",0.509,PW_RA,Physical World — Rain (n),0.354
PDR1246,*ńērḍ- (?),jambu tree,AV_TR,PW_TR,YES,yes,AV_TR,Agriculture & Vegetation — Tree (generic),0.452,FD_FR,Food & Drink — Fruit,0.421,FD_PC,Food & Drink — Peach,0.370
PDR1247,*nēr_-,yesterday,TI_YD,TI_YD,,yes,TI_YD,Time — Yesterday,0.568,TI_DA,Time — Day,0.415,TI_TD,Time — Today,0.392
PDR1248,*ńēsir- (?),sun,PW_SU,PW_SU,,yes,PW_SU,Physical World — Sun,0.517,TI_MG,Time — Morning,0.433,TI_SM,Time — Summer,0.396
PDR1249,*nēṬ-,"to seek, obtain",PT_SE,PT_SE,,yes,PT_SE,Possession & Trade — to Seek,0.582,PT_GO,"Possession & Trade — to Get, Obtain",0.518,EM_DE,Emotion — to Desire,0.499
PDR1250,*nig-,"to shine, glitter",SP_SH,CA_DY,YES,yes,SP_SH,"Sense Perception — to Shine, Glisten",0.529,CA_JW,"Clothing & Adornment — Gem, Jewel",0.507,CA_DY,Clothing & Adornment — to Dye,0.401
PDR1251,*niɣd_-,ashes,PW_AS,PW_AS,,yes,PW_AS,Physical World — Ash(es),0.524,PW_DU,"Physical World — Dust, Powder",0.343,BP_ED,"Body Parts & Functions — to Void Excrement; Dung, Excrement",0.327
PDR1252,*nijur,live coal,PW_FI,PW_SM,YES,yes,PW_FI,Physical World — Fire (n),0.404,PW_FL,Physical World — Flame (n),0.391,PW_AS,Physical World — Ash(es),0.384
PDR1253,*ńil-,to stand,SR_ST,WH_SU,YES,yes,SR_ST,Spatial Relations — to Stand,0.493,AN_ST,"Animals — Stall, Stable",0.358,MO_WA,Motion & Transportation — to Walk,0.352
PDR1254,*nil- (*-e-),earth,PW_GS,PW_EL,YES,yes,PW_GS,"Physical World — Ground, Soil",0.568,PW_EL,"Physical World — Earth, Land",0.524,PW_SK,"Physical World — Sky, Heavens",0.400
PDR1255,*nind_-,to be full,QN_FU,QN_FU,,yes,QN_FU,Quantity & Number — Full,0.461,FD_SU,"Food & Drink — to Suck, Suckle",0.384,EM_DE,Emotion — to Desire,0.368
PDR1256,*nip-,shoulder,BP_SD,BP_SD,,yes,BP_SD,Body Parts & Functions — Shoulder,0.657,BP_EL,Body Parts & Functions — Elbow,0.496,BP_NK,Body Parts & Functions — Neck,0.492
PDR1257,*nirḍ-,last year,TI_YR,TI_YR,,yes,TI_YR,Time — Year,0.519,TI_MT,Time — Month,0.371,TI_YD,Time — Yesterday,0.311
PDR1258,*niṭ-,"straight, erect",SR_SG,SR_SG,,yes,SR_SG,Spatial Relations — Straight,0.442,SP_SP,Sense Perception — Sharp,0.299,SR_FL,Spatial Relations — Flat,0.291
PDR1259,*niv-,"straight, erect; to stretch",SR_SG,PA_SR,YES,yes,SR_SG,Spatial Relations — Straight,0.413,SR_LI,"Spatial Relations — to Lie, Recline",0.309,SP_SP,Sense Perception — Sharp,0.303
PDR1260,*nīg-,"to quit, separate; to remove",MO_GA,TI_CE,YES,yes,MO_GA,"Motion & Transportation — to Depart, Go Away",0.444,TI_CE,Time — to Cease,0.427,SR_LE,"Spatial Relations — to Leave, Relinquish",0.411
PDR1261,*nīḷ-,long,TI_LS,TI_LS,,yes,TI_LS,Time — to Last,0.382,TI_FI,Time — to Finish,0.350,SR_LG,Spatial Relations — Long,0.341
PDR1262,*ńīnʒ-,to swim,MO_SW,MO_SW,,yes,MO_SW,Motion & Transportation — to Swim,0.625,MO_FT,Motion & Transportation — to Float,0.385,MO_SA,Motion & Transportation — to Sail,0.343
PDR1263,*ńīr-,water,PW_WA,PW_WA,,yes,PW_WA,Physical World — Water,0.550,FD_TH,Food & Drink — Thirst (n),0.437,PW_RS,"Physical World — Brook, Stream, River",0.406
PDR1264,*nīv-/*nivur-,"to stroke, rub",PA_RU,PA_RU,,yes,PA_RU,Physical Acts & Materials — to Rub,0.566,SP_TV,Sense Perception — to Touch,0.397,CA_BH,Clothing & Adornment — Brush,0.397
PDR1265,*nīẓ-,shadow,PW_SD,PW_SD,,yes,PW_SD,"Physical World — Shade, Shadow",0.511,CA_VE,Clothing & Adornment — Veil,0.395,TI_NG,Time — Night,0.366
PDR1266,*ńjáŋaḷ,tongue; uvula,BP_TG,BP_TG,,yes,BP_TG,Body Parts & Functions — Tongue,0.702,BP_LI,Body Parts & Functions — Lip,0.551,BP_MO,Body Parts & Functions — Mouth,0.549
PDR1267,*njām,we (excl.),MK_RE,AN_EW,YES,yes,MK_RE,Mankind — Relative(s),0.378,MK_MA,Mankind — Man,0.377,MK_MS,Mankind — Male,0.368
PDR1268,*njān (obl. *njan-),I,LM_LA,EM_PD,YES,yes,LM_LA,Language & Music — Letter of the Alphabet,0.278,LM_VO,Language & Music — Voice (n),0.256,LM_PP,Language & Music — Paper,0.252
PDR1269,*ńjeẓed-,crab,AN_FM,AN_FM,,yes,AN_FM,Animals — Fisherman,0.355,AN_WR,Animals — Worm,0.344,FD_DI,Food & Drink — Dish,0.302
PDR1270,*njīm,you (pl.),MK_MA,EM_TH,YES,yes,MK_MA,Mankind — Man,0.297,MK_HB,Mankind — Human Being,0.293,TI_OL,Time — Old,0.272
PDR1271,*njīn,thou,RB_PH,LJ_SW,YES,yes,RB_PH,"Religion & Beliefs — Pagan, Heathen (n)",0.299,RB_HS,"Religion & Beliefs — Holy, Sacred",0.299,PT_OW,Possession & Trade — to Owe,0.298
PDR1272,*noḍ-,"to say, speak",LM_ST,LM_ST,,yes,LM_ST,"Language & Music — to Speak, Talk",0.443,LM_SY,Language & Music — to Say,0.395,SP_HE,Sense Perception — to Hear,0.393
PDR1273,*noḷ-,to bail out,MO_GA,LJ_PJ,YES,yes,MO_GA,"Motion & Transportation — to Depart, Go Away",0.455,MO_FE,Motion & Transportation — to Flee,0.435,MO_JL,"Motion & Transportation — to Jump, Leap",0.311
PDR1274,*noḷ-,to swallow,FD_SU,BP_SP,YES,yes,FD_SU,"Food & Drink — to Suck, Suckle",0.581,BP_SP,Body Parts & Functions — to Spit,0.560,BP_LC,Body Parts & Functions — to Lick,0.481
PDR1275,*ńoṭ-,knuckles; to crack knuckles,BP_TM,PT_RR,YES,yes,BP_TM,Body Parts & Functions — Thumb,0.282,BP_FI,Body Parts & Functions — Finger,0.280,BP_NA,"Body Parts & Functions — Nail, Claw",0.279
PDR1276,*ńō-,"to ache, hurt",EM_PS,EM_PS,,yes,EM_PS,"Emotion — Pain, Suffering",0.551,EM_LO,Emotion — to Love; Love,0.502,EM_DE,Emotion — to Desire,0.488
PDR1277,*nō-,"view, to notice, eye",SP_LO,SP_LO,,yes,SP_LO,Sense Perception — to Look,0.638,SP_SE,Sense Perception — to See,0.592,SP_SG,"Sense Perception — Sight (obj), Look (obj), Appearance",0.539
PDR1278,*ńōḍ-,to wash,PA_WA,PA_WA,,yes,PA_WA,Physical Acts & Materials — to Wash,0.639,CA_SA,Clothing & Adornment — Soap,0.399,CA_TW,Clothing & Adornment — Towel,0.373
PDR1279,*ńōḷ-,saliva,BP_SP,BP_SP,,yes,BP_SP,Body Parts & Functions — to Spit,0.520,FD_SU,"Food & Drink — to Suck, Suckle",0.456,BP_MO,Body Parts & Functions — Mouth,0.438
PDR1280,*nōn-,"to endure, bear, suffer; a religious vow",EM_PS,RB_CU,YES,yes,EM_PS,"Emotion — Pain, Suffering",0.439,EM_CW,"Emotion — to Cry, Weep",0.395,EM_GR,Emotion — to Groan,0.374
PDR1281,*nōnḍ-,to stir,FD_KD,FD_MX,YES,yes,FD_KD,Food & Drink — to Knead,0.460,FD_MX,"Food & Drink — to Mix, Blend",0.399,FD_RF,"Food & Drink — to Roast, Fry",0.396
PDR1282,*nōr- (?),mouth,BP_MO,BP_MO,,yes,BP_MO,Body Parts & Functions — Mouth,0.653,BP_SP,Body Parts & Functions — to Spit,0.580,BP_TG,Body Parts & Functions — Tongue,0.555
PDR1283,*nÙg-,yoke,MO_YO,MO_YO,,yes,MO_YO,Motion & Transportation — Yoke,0.544,MO_CA,"Motion & Transportation — to Bear, Carry",0.281,MO_RL,"Motion & Transportation — to Lift, Raise",0.279
PDR1284,*nuj-,a well,PW_SW,FD_CU,YES,yes,PW_SW,"Physical World — Spring, Well",0.402,PW_LA,"Physical World — Lake, Pond",0.396,PW_RS,"Physical World — Brook, Stream, River",0.340
PDR1285,*nuḷ-,to pinch,PA_SR,BP_NA,YES,yes,PA_SR,Physical Acts & Materials — to Stretch,0.347,CA_HF,Clothing & Adornment — Handkerchief,0.307,CA_NE,Clothing & Adornment — Needle,0.305
PDR1286,*nuḷ-,"to be broken, powdered",PA_BK,PA_BK,,yes,PA_BK,Physical Acts & Materials — to Break,0.550,PA_TE,Physical Acts & Materials — to Tear,0.504,PW_DU,"Physical World — Dust, Powder",0.452
PDR1287,*nuṇ-,soft; fine,SP_SF,SP_SF,,yes,SP_SF,Sense Perception — Soft,0.472,SP_RG,Sense Perception — Rough,0.312,PA_RU,Physical Acts & Materials — to Rub,0.290
PDR1288,*nuŋ-,kernel of unripe fruit,FD_FR,FD_FR,,yes,FD_FR,Food & Drink — Fruit,0.390,FD_NT,Food & Drink — Nut,0.320,FD_FI,Food & Drink — Fig,0.303
PDR1289,*nuŋ- (*-n-?),to swallow,FD_SU,BP_SP,YES,yes,FD_SU,"Food & Drink — to Suck, Suckle",0.560,BP_SP,Body Parts & Functions — to Spit,0.544,BP_LC,Body Parts & Functions — to Lick,0.470
PDR1290,*nu(ŋ)k-,broken rice,AV_RI,AV_RI,,yes,AV_RI,Agriculture & Vegetation — Rice,0.428,FD_GR,Food & Drink — to Grind,0.414,FD_DI,Food & Drink — Dish,0.376
PDR1291,*nur-,"foam, froth",FD_MS,AN_DU,YES,yes,FD_MS,Food & Drink — Milk,0.370,FD_MV,Food & Drink — to Milk,0.357,FD_CU,Food & Drink — Cup,0.351
PDR1292,*nus-,a k. of biting insect,AN_IN,AN_IN,,yes,AN_IN,Animals — Insect,0.540,AN_WR,Animals — Worm,0.382,BP_BI,Body Parts & Functions — to Bite,0.373
PDR1293,*nus-,"small, slender, smooth",SP_SM,CA_SK,YES,yes,SP_SM,Sense Perception — Smooth,0.331,SP_LL,"Sense Perception — Dull, Blunt",0.329,SR_ND,Spatial Relations — Thin (in Dimension),0.326
PDR1294,*nutsur-,forehead,BP_FO,BP_FO,,yes,BP_FO,Body Parts & Functions — Forehead,0.642,BP_SK,Body Parts & Functions — Skull,0.478,BP_HE,Body Parts & Functions — Head,0.458
PDR1295,*nū-,sesamum,AV_SS,FD_MD,YES,yes,AV_SS,Agriculture & Vegetation — to Sow; Seed,0.326,AV_PN,"Agriculture & Vegetation — Plant, Herb",0.286,FD_NT,Food & Drink — Nut,0.280
PDR1296,*nūd_-,hundred,QN_HA,QN_FU,YES,yes,QN_HA,Quantity & Number — Half,0.425,QN_EN,Quantity & Number — Enough,0.406,QN_WH,Quantity & Number — Whole,0.404
PDR1297,*nūd_-,to grind,FD_GR,FD_GR,,yes,FD_GR,Food & Drink — to Grind,0.648,PW_SA,"Physical World — Sand, Grit",0.388,FD_KD,Food & Drink — to Knead,0.379
PDR1298,*nūk-,"to push, shove",MO_PS,MO_PS,,yes,MO_PS,"Motion & Transportation — to Push, Shove",0.684,PA_PR,Physical Acts & Materials — to Press,0.383,PA_SH,"Physical Acts & Materials — to Hit, Strike, Beat",0.376
PDR1299,*nūk-,"to bow, droop",MO_RL,WH_BW,YES,yes,MO_RL,"Motion & Transportation — to Lift, Raise",0.352,EM_GR,Emotion — to Groan,0.328,MO_SH,Motion & Transportation — to Shake,0.324
PDR1300,*nūl-,thread,CA_TH,TI_NW,YES,yes,CA_TH,Clothing & Adornment — Thread,0.535,CA_WE,Clothing & Adornment — to Weave,0.422,CA_CO,Clothing & Adornment — Cotton,0.366
PDR1301,*nūẓ-[ug-],to hide,SR_HC,BP_SH,YES,yes,SR_HC,"Spatial Relations — to Hide, Conceal",0.448,BP_SH,"Body Parts & Functions — Skin, Hide",0.387,MO_FE,Motion & Transportation — to Flee,0.354
PDR1302,*oḍ-,beautiful,EM_BF,EM_BF,,yes,EM_BF,Emotion — Beautiful,0.378,EM_PD,Emotion — Proud,0.274,SP_ST,Sense Perception — Sweet,0.266
PDR1303,*òḍ-,waist; lap,CA_BG,BP_NV,YES,yes,CA_BG,"Clothing & Adornment — Belt, Girdle",0.519,CA_TR,Clothing & Adornment — Trousers,0.459,CA_PO,Clothing & Adornment — Pocket,0.451
PDR1304,*òḍ-,bubo,BP_SS,AN_RA,YES,yes,BP_SS,Body Parts & Functions — Sick; Sickness,0.236,FD_SU,"Food & Drink — to Suck, Suckle",0.235,FD_BN,Food & Drink — Bean,0.235
PDR1305,*òḍ-,"together; to join, agree",SO_ME,SO_ME,,,SO_ME,Social Relations — to Meet,0.346,MK_MW,"Mankind — Wedding, Marriage",0.334,TI_NO,Time — Now,0.315
PDR1306,*oḍ- (?),soot,PW_SM,EM_SA,YES,yes,PW_SM,Physical World — Smoke (n),0.335,PW_AS,Physical World — Ash(es),0.326,PW_BU,"Physical World — to Burn, Scorch",0.323
PDR1307,*oḍal,1 belly 2 body,BP_BS,BP_BS,,yes,BP_BS,"Body Parts & Functions — Belly, Stomach",0.543,BP_BO,Body Parts & Functions — Body,0.446,BP_BB,Body Parts & Functions — to Breathe; Breath,0.412
PDR1308,*oḍḍ-,1 shore 2 slope,PW_SH,PW_SH,,yes,PW_SH,"Physical World — Shore, Beach",0.540,PW_MH,"Physical World — Hill, Mountain",0.440,PW_IS,"Physical World — Isle, Island",0.359
PDR1309,*oḍḍ-,"obstacle, shield",WH_SH,WH_SH,,yes,WH_SH,Warfare & Hunting — Shield,0.440,MO_FE,Motion & Transportation — to Flee,0.329,PA_SH,"Physical Acts & Materials — to Hit, Strike, Beat",0.320
PDR1310,*oḍḍ-/*oṭ-,oath,LJ_OA,LJ_OA,,yes,LJ_OA,Law & Judgment — Oath,0.586,LJ_SW,Law & Judgment — to Swear,0.511,EM_HO,Emotion — Honor (n),0.334
PDR1311,*oḍ-/*oẓ-,"to sew, spin",CA_SN,CA_SN,,yes,CA_SN,Clothing & Adornment — to Spin,0.618,CA_WE,Clothing & Adornment — to Weave,0.584,CA_SE,Clothing & Adornment — to Sew,0.542
PDR1312,*oḍ-uŋ-,"to crush, destroy",PA_TE,PT_DE,YES,yes,PA_TE,Physical Acts & Materials — to Tear,0.454,PT_DE,Possession & Trade — to Destroy,0.445,PA_SH,"Physical Acts & Materials — to Hit, Strike, Beat",0.436
PDR1313,*og-,to set a trap,WH_CP,AN_HU,YES,yes,WH_CP,"Warfare & Hunting — Captive, Prisoner",0.322,AN_HU,Animals — to Hunt,0.318,WH_SU,Warfare & Hunting — to Surrender,0.306
PDR1314,*ògir,"claw, nail",BP_NA,BP_NA,,yes,BP_NA,"Body Parts & Functions — Nail, Claw",0.686,BP_TE,Body Parts & Functions — Toe,0.432,BP_FI,Body Parts & Functions — Finger,0.431
PDR1315,*oj-,to take away,PT_DE,PT_TA,YES,yes,PT_DE,Possession & Trade — to Destroy,0.457,PT_TA,Possession & Trade — to Take,0.452,PT_SG,"Possession & Trade — to Grasp, Seize, Take Hold of",0.433
PDR1316,*ok-,"to remove, carry away",MO_CA,PT_DE,YES,yes,MO_CA,"Motion & Transportation — to Bear, Carry",0.552,MO_BG,Motion & Transportation — to Bring,0.515,MO_GA,"Motion & Transportation — to Depart, Go Away",0.508
PDR1317,*ok-,"one, together",QN_CW,QN_ON,YES,yes,QN_CW,Quantity & Number — Other Collective Words,0.390,MK_FM,Mankind — Family,0.373,QN_AO,"Quantity & Number — Alone, Only",0.340
PDR1318,*ok- (?),to sit,SR_SI,SR_SI,,yes,SR_SI,Spatial Relations — to Sit,0.540,DF_DW,"Dwellings & Furniture — to Live, Dwell",0.400,MO_RW,Motion & Transportation — to Row,0.383
PDR1319,*okal-,relations,SO_CM,SO_CM,,yes,SO_CM,Social Relations — Companion,0.637,SO_CU,"Social Relations — Custom, Usage",0.623,SO_SU,Social Relations — Subject (n),0.606
PDR1320,*òl-,"skin, hide; to skin",BP_SH,BP_SH,,yes,BP_SH,"Body Parts & Functions — Skin, Hide",0.564,PA_FS,"Physical Acts & Materials — to Flay, Skin",0.440,CA_CK,Clothing & Adornment — Cloak,0.359
PDR1321,*ol-,"to flow, gush forth",MO_FL,MO_FL,,yes,MO_FL,Motion & Transportation — to Flow,0.479,PW_RS,"Physical World — Brook, Stream, River",0.471,PW_WA,Physical World — Water,0.360
PDR1322,*ol-,to make sounds,LM_BS,LM_ST,YES,yes,LM_BS,Language & Music — to be Silent,0.449,LM_SC,"Language & Music — to Shout, Cry Out",0.447,EM_GR,Emotion — to Groan,0.438
PDR1323,*oḷ-,to hide,SR_HC,BP_SH,YES,yes,SR_HC,"Spatial Relations — to Hide, Conceal",0.432,MO_FE,Motion & Transportation — to Flee,0.358,BP_SH,"Body Parts & Functions — Skin, Hide",0.352
PDR1324,*ol-,weak,BP_WE,BP_WE,,yes,BP_WE,"Body Parts & Functions — Weak, Infirm",0.311,EM_TC,"Emotion — Timid, Cowardly",0.294,EM_FL,Emotion — Faithful,0.286
PDR1325,*oḷ- (?),good,EM_GD,EM_GD,,yes,EM_GD,Emotion — Good,0.360,EM_PD,Emotion — Proud,0.276,EM_BD,Emotion — Bad,0.266
PDR1326,*ol-/*val-,"to love, desire; smth. possible",EM_DE,EM_DE,,yes,EM_DE,Emotion — to Desire,0.681,EM_LO,Emotion — to Love; Love,0.627,EM_PL,Emotion — to Please,0.532
PDR1327,*oṇ- (?),dry,SP_DR,PA_WA,YES,yes,SP_DR,"Sense Perception — Dry, Arid",0.487,SP_WD,"Sense Perception — Wet, Damp",0.467,SP_DS,"Sense Perception — Dirty, Soiled",0.335
PDR1328,*onḍ-,shelter,DF_TE,DF_TE,,yes,DF_TE,Dwellings & Furniture — Tent,0.468,DF_DW,"Dwellings & Furniture — to Live, Dwell",0.417,DF_HU,Dwellings & Furniture — Hut,0.392
PDR1329,*ond_-,one,QN_ON,QN_ON,,yes,QN_ON,Quantity & Number — One,0.457,QN_TH,Quantity & Number — Three,0.355,QN_AO,"Quantity & Number — Alone, Only",0.341
PDR1330,*onṭ-,earring,CA_FR,BP_EA,YES,yes,CA_FR,Clothing & Adornment — Finger Ring,0.501,CA_NC,Clothing & Adornment — Necklace,0.457,CA_BR,"Clothing & Adornment — Armband, Bracelet",0.412
PDR1331,*op-,to please; to be good,EM_PL,EM_PL,,yes,EM_PL,Emotion — to Please,0.618,EM_DE,Emotion — to Desire,0.423,SO_OB,Social Relations — to Obey,0.423
PDR1332,*op-,to wet,SP_WD,AN_WE,YES,yes,SP_WD,"Sense Perception — Wet, Damp",0.493,PA_WA,Physical Acts & Materials — to Wash,0.439,PW_WA,Physical World — Water,0.410
PDR1333,*or-,one,QN_ON,QN_ON,,yes,QN_ON,Quantity & Number — One,0.431,QN_TH,Quantity & Number — Three,0.334,QN_AO,"Quantity & Number — Alone, Only",0.321
PDR1334,*or_-,1 to bend 2 to fall asleep,SR_LI,BP_SL,YES,yes,SR_LI,"Spatial Relations — to Lie, Recline",0.427,BP_SL,Body Parts & Functions — to Sleep; Sleep,0.422,PA_BN,Physical Acts & Materials — to Bend,0.406
PDR1335,*or_- (*-d_-),steady; to support,EM_FL,EM_PD,YES,yes,EM_FL,Emotion — Faithful,0.437,AN_ST,"Animals — Stall, Stable",0.413,MO_SH,Motion & Transportation — to Shake,0.321
PDR1336,*ot- (?),heavy,SP_HV,SP_HV,,yes,SP_HV,"Sense Perception — Heavy, Weighty",0.477,BP_SM,"Body Parts & Functions — Strong, Mighty, Powerful",0.303,SR_TS,Spatial Relations — Thick (in Density),0.302
PDR1337,*oT- (?),to burn (intr.),PW_BU,PW_BU,,yes,PW_BU,"Physical World — to Burn, Scorch",0.548,PW_FI,Physical World — Fire (n),0.437,PW_FL,Physical World — Flame (n),0.428
PDR1338,*ot_-,"to press, squeeze together",PA_PR,PA_PR,,yes,PA_PR,Physical Acts & Materials — to Press,0.492,PA_SR,Physical Acts & Materials — to Stretch,0.430,MO_PS,"Motion & Transportation — to Push, Shove",0.417
PDR1339,*ot_-,"to step aside, give way",MO_GA,MK_SS,YES,,MO_GA,"Motion & Transportation — to Depart, Go Away",0.455,SR_LE,"Spatial Relations — to Leave, Relinquish",0.429,PT_GB,"Possession & Trade — to Return, Give Back",0.396
PDR1340,*oṭ-,to stick; to smear; to put together,PA_SO,BP_SP,YES,yes,PA_SO,"Physical Acts & Materials — to Strew, Spread Out",0.405,PA_BI,Physical Acts & Materials — to Bind,0.384,MO_PS,"Motion & Transportation — to Push, Shove",0.357
PDR1341,*oẓ-uŋk-,"lane, path",MO_PA,MO_PA,,yes,MO_PA,Motion & Transportation — Path,0.501,MO_RA,Motion & Transportation — Road,0.436,MO_TU,Motion & Transportation — to Turn,0.411
PDR1342,*ōḍ-,to burst; break,PA_BK,PA_BK,,yes,PA_BK,Physical Acts & Materials — to Break,0.461,PA_TE,Physical Acts & Materials — to Tear,0.426,TI_CE,Time — to Cease,0.332
PDR1343,*ōḍ-,to run; to escape,MO_RU,MO_RU,,yes,MO_RU,Motion & Transportation — to Run,0.604,MO_FE,Motion & Transportation — to Flee,0.518,MO_SW,Motion & Transportation — to Swim,0.410
PDR1344,*ōḍ-,boat,MO_BT,MO_BT,,yes,MO_BT,Motion & Transportation — Boat,0.632,MO_SP,Motion & Transportation — Ship,0.524,MO_SA,Motion & Transportation — to Sail,0.500
PDR1345,*ōḍ-,shell; tile,AN_CN,PA_MO,YES,,AN_CN,Animals — Capon,0.331,FD_NT,Food & Drink — Nut,0.304,PW_IS,"Physical World — Isle, Island",0.293
PDR1346,*ōḍ- (?),bird,AN_BI,AN_BI,,yes,AN_BI,Animals — Bird,0.739,AN_CK,"Animals — Cock, Rooster",0.586,AN_DU,Animals — Duck,0.565
PDR1347,*ōg- (*ō-ŋ-),to swim,MO_SW,MO_SW,,yes,MO_SW,Motion & Transportation — to Swim,0.661,MO_FT,Motion & Transportation — to Float,0.487,MO_SI,Motion & Transportation — to Sink,0.411
PDR1348,*ōl-,1 fire 2 to scorch,PW_BU,PW_BU,,yes,PW_BU,"Physical World — to Burn, Scorch",0.538,PW_FI,Physical World — Fire (n),0.520,PW_FL,Physical World — Flame (n),0.451
PDR1349,*ōl- (??),to see,SP_LO,SP_SE,YES,yes,SP_LO,Sense Perception — to Look,0.521,SP_SE,Sense Perception — to See,0.517,SP_SW,Sense Perception — to Show,0.433
PDR1350,*ōḷ1-,to dry (tr.),PA_WA,PA_WA,,yes,PA_WA,Physical Acts & Materials — to Wash,0.475,SP_WD,"Sense Perception — Wet, Damp",0.444,CA_TW,Clothing & Adornment — Towel,0.391
PDR1351,*ōm-,"to protect, preserve",PT_PR,PT_PR,,yes,PT_PR,"Possession & Trade — to Save, Preserve, Keep Safe",0.563,PT_SA,Possession & Trade — Safe (adj),0.476,PT_KR,"Possession & Trade — to Keep, Retain",0.447
PDR1352,*ōm-,bishop's weed,AV_PN,RB_PR,YES,yes,AV_PN,"Agriculture & Vegetation — Plant, Herb",0.413,FD_PO,Food & Drink — Pot,0.343,AV_SS,Agriculture & Vegetation — to Sow; Seed,0.331
PDR1353,*ōṇ-i,"alley, path",MO_PA,MO_PA,,yes,MO_PA,Motion & Transportation — Path,0.453,MO_ST,Motion & Transportation — Street,0.391,MO_WA,Motion & Transportation — to Walk,0.372
PDR1354,*ōr-,"side, border",SR_SD,SO_RT,YES,yes,SR_SD,Spatial Relations — Side,0.428,SR_ED,Spatial Relations — Edge,0.427,PW_SH,"Physical World — Shore, Beach",0.394
PDR1355,*ōr-,"to endure, suffer",EM_PS,EM_PS,,yes,EM_PS,"Emotion — Pain, Suffering",0.452,EM_DE,Emotion — to Desire,0.414,EM_WW,"Emotion — to Will, Wish",0.413
PDR1356,*ōr-,male jackal; to howl,AN_MA,AN_MA,,yes,AN_MA,Animals — Male Animal,0.527,AN_FE,Animals — Female Animal,0.438,AN_SN,Animals — Stallion,0.398
PDR1357,*ōr- (?),"warm, hot",SP_HW,SP_HW,,,SP_HW,"Sense Perception — Hot, Warm",0.685,SP_CD,"Sense Perception — Cold, Frigid",0.439,TI_SM,Time — Summer,0.367
PDR1358,*ōr-ai,"oblique, slant",SR_CN,SR_CN,,yes,SR_CN,"Spatial Relations — Angle, Corner",0.400,SR_SG,Spatial Relations — Straight,0.395,SR_FL,Spatial Relations — Flat,0.342
PDR1359,*paC-,"green, yellow; fresh, raw",SP_YL,SP_GR,YES,yes,SP_YL,Sense Perception — Yellow,0.561,SP_GR,Sense Perception — Green,0.531,SP_CO,Sense Perception — Color,0.465
PDR1360,*pač- (?),"skin, bark",BP_SH,CA_CR,YES,yes,BP_SH,"Body Parts & Functions — Skin, Hide",0.506,PA_FS,"Physical Acts & Materials — to Flay, Skin",0.489,BP_FL,Body Parts & Functions — Flesh,0.452
PDR1361,*pàd-,proper condition,PT_HO,PT_SC,YES,yes,PT_HO,Possession & Trade — to Hold,0.279,LJ_GL,Law & Judgment — General Law,0.266,PT_HA,Possession & Trade — to Have,0.250
PDR1362,*paḍ-,"to get, to be able; to receive; to feel",PT_GO,EM_PL,YES,yes,PT_GO,"Possession & Trade — to Get, Obtain",0.504,EM_DE,Emotion — to Desire,0.486,PT_SE,Possession & Trade — to Seek,0.418
PDR1363,*pàḍ-,"fight, battle; army",WH_BT,WH_BT,,yes,WH_BT,Warfare & Hunting — Battle (n),0.500,WH_FI,Warfare & Hunting — to Fight,0.480,WH_BA,Warfare & Hunting — Battle-Ax,0.469
PDR1364,*pàḍ-,"pond, tank",PW_LA,PW_LA,,,PW_LA,"Physical World — Lake, Pond",0.673,AN_FI,Animals — Fish (n),0.482,AN_FM,Animals — Fisherman,0.433
PDR1365,*paḍ-,"hasty, sudden",EM_TC,TI_HH,YES,yes,EM_TC,"Emotion — Timid, Cowardly",0.438,TI_HH,"Time — to Hurry, Hasten",0.435,TI_SI,"Time — Soon, Immediately",0.426
PDR1366,*padar_-,to hurry; to prattle,TI_HH,TI_HH,,yes,TI_HH,"Time — to Hurry, Hasten",0.626,TI_DE,Time — to Delay,0.539,TI_SL,Time — Slow (adj),0.464
PDR1367,*pàḍav-,boat,MO_BT,MO_BT,,yes,MO_BT,Motion & Transportation — Boat,0.628,MO_SP,Motion & Transportation — Ship,0.514,MO_SA,Motion & Transportation — to Sail,0.481
PDR1368,*padd-,"moist, damp; distended, inflated",SP_WD,SP_WD,,yes,SP_WD,"Sense Perception — Wet, Damp",0.600,SP_DR,"Sense Perception — Dry, Arid",0.500,PW_RA,Physical World — Rain (n),0.402
PDR1369,*paḍḍ-,woman; child,MK_WO,MK_FS,YES,yes,MK_WO,Mankind — Woman,0.518,MK_FS,Mankind — Female,0.509,MK_MO,Mankind — Mother,0.438
PDR1370,*paḍḍ-,perverse; prostitute,SO_WP,SO_WP,,yes,SO_WP,"Social Relations — Whore, Prostitute",0.326,EM_EJ,"Emotion — Envy, Jealousy",0.275,LJ_AD,Law & Judgment — Adultery,0.270
PDR1371,*paḍḍ-/*bar_-,heifer,AN_HG,AN_HG,,yes,AN_HG,Animals — He-Goat,0.485,AN_CF,Animals — Calf,0.472,AN_OX,"Animals — Ox, Steer",0.455
PDR1372,*pàḍ-i,a measure of capacity,QN_MI,QN_EN,YES,yes,QN_MI,Quantity & Number — Miscellaneous,0.460,QN_CW,Quantity & Number — Other Collective Words,0.425,QN_FU,Quantity & Number — Full,0.424
PDR1373,*pad_-,"1 to pick, pluck 2 a piece",PA_CU,PT_SG,YES,yes,PA_CU,Physical Acts & Materials — to Cut,0.419,PA_SS,"Physical Acts & Materials — Shears, Scissors",0.371,PA_KF,Physical Acts & Materials — Knife (tool),0.335
PDR1374,*paɣ-,"to split, break",PA_SP,PA_SP,,yes,PA_SP,Physical Acts & Materials — to Split,0.532,PA_BK,Physical Acts & Materials — to Break,0.489,PA_TE,Physical Acts & Materials — to Tear,0.472
PDR1375,*paɣal-,day; dawn,TI_DA,TI_DW,YES,yes,TI_DA,Time — Day,0.582,TI_MG,Time — Morning,0.493,TI_YD,Time — Yesterday,0.453
PDR1376,*pai-,"1 boy, child 2 calf",AN_CF,AN_CF,,yes,AN_CF,Animals — Calf,0.571,AN_OX,"Animals — Ox, Steer",0.461,AN_CO,Animals — Cow,0.441
PDR1377,*pai-,"easily, gently, slowly",TI_SI,BP_LC,YES,yes,TI_SI,"Time — Soon, Immediately",0.382,EM_TH,Emotion — Thanks (n),0.322,EM_LO,Emotion — to Love; Love,0.318
PDR1378,*pak-,scab,CA_OI,BP_KI,YES,yes,CA_OI,Clothing & Adornment — Ointment,0.316,CA_TW,Clothing & Adornment — Towel,0.314,PA_FS,"Physical Acts & Materials — to Flay, Skin",0.278
PDR1379,*pal,tooth,BP_TO,BP_TO,,yes,BP_TO,Body Parts & Functions — Tooth,0.617,BP_JW,Body Parts & Functions — Jaw,0.460,BP_BI,Body Parts & Functions — to Bite,0.428
PDR1380,*pàl-,many,QN_MM,QN_MM,,yes,QN_MM,"Quantity & Number — Much, Many",0.527,QN_EN,Quantity & Number — Enough,0.407,QN_MC,"Quantity & Number — Crowd, Multitude",0.404
PDR1381,*paḷ-,"plain, valley",PW_PF,PW_VA,YES,yes,PW_PF,"Physical World — Plain, Field",0.461,AV_PL,Agriculture & Vegetation — to Plow; Plow,0.433,PW_MH,"Physical World — Hill, Mountain",0.424
PDR1382,*paḷ-,village,DF_HU,SO_CI,YES,yes,DF_HU,Dwellings & Furniture — Hut,0.429,SO_CI,"Social Relations — Town, City",0.427,DF_HS,Dwellings & Furniture — House,0.400
PDR1383,*paḷ-,"to shine, glitter",SP_SH,CA_DY,YES,yes,SP_SH,"Sense Perception — to Shine, Glisten",0.522,CA_JW,"Clothing & Adornment — Gem, Jewel",0.513,CA_DY,Clothing & Adornment — to Dye,0.404
PDR1384,*paḷ-,"to cower, crouch",WH_SU,AN_CO,YES,yes,WH_SU,Warfare & Hunting — to Surrender,0.360,WH_RT,Warfare & Hunting — Retreat (n),0.324,EM_TC,"Emotion — Timid, Cowardly",0.323
PDR1385,*Pal-,lizard,AN_SK,AN_SK,,yes,AN_SK,Animals — Snake,0.420,AN_AD,"Animals — Ass, Donkey",0.363,AN_AN,Animals — Animal,0.336
PDR1386,*paḷ- (?),peel,PA_FS,FD_KN,YES,yes,PA_FS,"Physical Acts & Materials — to Flay, Skin",0.350,PA_CU,Physical Acts & Materials — to Cut,0.299,BP_SH,"Body Parts & Functions — Skin, Hide",0.294
PDR1387,*palṇ- (?),jack-fruit,FD_FR,FD_FR,,yes,FD_FR,Food & Drink — Fruit,0.438,FD_PR,Food & Drink — Pear,0.396,FD_AP,Food & Drink — Apple,0.385
PDR1388,*paṇ-,"1 to command, speak 2 to send",LM_ST,SO_CR,YES,yes,LM_ST,"Language & Music — to Speak, Talk",0.390,MO_SE,Motion & Transportation — to Send,0.370,LM_CS,"Language & Music — to Call, Summon",0.358
PDR1389,*paṇ-,to do; to work,PA_WV,PA_WV,,yes,PA_WV,"Physical Acts & Materials — to Work, Toil",0.399,PA_MA,"Physical Acts & Materials — to Do, Make",0.390,FD_CO,Food & Drink — to Cook,0.319
PDR1390,*paṇ-,field; level ground,PW_PF,PW_GS,YES,yes,PW_PF,"Physical World — Plain, Field",0.574,AV_FC,Agriculture & Vegetation — Field for Cultivation,0.430,AV_PL,Agriculture & Vegetation — to Plow; Plow,0.425
PDR1391,*pand-,shed,DF_HU,AN_BA,YES,yes,DF_HU,Dwellings & Furniture — Hut,0.366,DF_YR,"Dwellings & Furniture — Yard, Court",0.352,DF_DG,"Dwellings & Furniture — Door, Gate",0.349
PDR1392,*panḍ-,"skin, bark",PA_FS,CA_CR,YES,yes,PA_FS,"Physical Acts & Materials — to Flay, Skin",0.462,BP_SH,"Body Parts & Functions — Skin, Hide",0.453,CA_FU,Clothing & Adornment — Fur,0.431
PDR1393,*panḍ-,to be tired,EM_DE,BP_SL,YES,yes,EM_DE,Emotion — to Desire,0.368,EM_GR,Emotion — to Groan,0.354,BP_SL,Body Parts & Functions — to Sleep; Sleep,0.354
PDR1394,*pand_-,pig,AN_PI,AN_PI,,yes,AN_PI,Animals — Pig,0.675,AN_BO,Animals — Boar,0.547,AN_SW,Animals — Swine,0.507
PDR1395,*pans-,to divide,SR_DI,QN_HA,YES,yes,SR_DI,Spatial Relations — to Divide,0.491,QN_HA,Quantity & Number — Half,0.419,QN_TF,Quantity & Number — a Third (fraction),0.347
PDR1396,*panǯ-,to be replete,EM_PD,TI_FI,YES,yes,EM_PD,Emotion — Proud,0.340,PT_RE,Possession & Trade — to Restore,0.335,PT_GB,"Possession & Trade — to Return, Give Back",0.334
PDR1397,*paŋ-,to divide; bifurcation,SR_DI,SR_DI,,yes,SR_DI,Spatial Relations — to Divide,0.464,PA_SP,Physical Acts & Materials — to Split,0.357,SR_SE,Spatial Relations — to Separate,0.349
PDR1398,*par-,"to cut, split",PA_CU,PA_CU,,yes,PA_CU,Physical Acts & Materials — to Cut,0.571,PA_SP,Physical Acts & Materials — to Split,0.500,PA_TE,Physical Acts & Materials — to Tear,0.481
PDR1399,*par-,to run,MO_RU,MO_RU,,yes,MO_RU,Motion & Transportation — to Run,0.593,MO_FE,Motion & Transportation — to Flee,0.472,MO_WA,Motion & Transportation — to Walk,0.372
PDR1400,*par-,to shine; dawn,SP_SH,TI_DW,YES,yes,SP_SH,"Sense Perception — to Shine, Glisten",0.494,EM_GL,"Emotion — Fame, Glory",0.363,TI_DW,Time — Dawn,0.351
PDR1401,*par-,to love,EM_LO,EM_LO,,yes,EM_LO,Emotion — to Love; Love,0.617,EM_DE,Emotion — to Desire,0.525,EM_PL,Emotion — to Please,0.472
PDR1402,*par-,"pimple, boil, sore",BP_SS,FD_BO,YES,,BP_SS,Body Parts & Functions — Sick; Sickness,0.384,CA_OI,Clothing & Adornment — Ointment,0.369,BP_CK,Body Parts & Functions — Cheek,0.328
PDR1403,*par-,pebble,PW_SR,AN_PI,YES,yes,PW_SR,"Physical World — Rock, Stone",0.336,PA_NA,"Physical Acts & Materials — Nail, Peg",0.316,PW_SA,"Physical World — Sand, Grit",0.302
PDR1404,*par- (*-r_-?),"to seek, grope",EM_DE,PT_SE,YES,yes,EM_DE,Emotion — to Desire,0.428,PT_SE,Possession & Trade — to Seek,0.426,SP_LO,Sense Perception — to Look,0.396
PDR1405,*par- (?),"to drink, eat",FD_EA,FD_EA,,,FD_EA,Food & Drink — to Eat,0.683,FD_DR,Food & Drink — to Drink,0.672,FD_SU,"Food & Drink — to Suck, Suckle",0.657
PDR1406,*par[a]-,"to praise, bless",RB_BL,RB_BL,,yes,RB_BL,Religion & Beliefs — to Bless,0.653,EM_PR,Emotion — Praise (n),0.449,RB_WO,Religion & Beliefs — to Worship,0.384
PDR1407,*par-anḍ-,frog,AN_PI,AN_SK,YES,yes,AN_PI,Animals — Pig,0.387,AN_SK,Animals — Snake,0.366,AN_AN,Animals — Animal,0.360
PDR1408,*part-,cotton,CA_CO,CA_CO,,yes,CA_CO,Clothing & Adornment — Cotton,0.667,CA_FL,"Clothing & Adornment — Flax, Linen",0.503,CA_WO,Clothing & Adornment — Wool,0.498
PDR1409,*par(u)nd-,a k. of bird of prey,AN_BI,AN_BI,,yes,AN_BI,Animals — Bird,0.467,AN_CK,"Animals — Cock, Rooster",0.372,AN_FL,Animals — Fly (n),0.368
PDR1410,*parup-,"pulse, dal; peas",FD_BN,FD_PE,YES,yes,FD_BN,Food & Drink — Bean,0.324,FD_DI,Food & Drink — Dish,0.277,FD_SG,Food & Drink — Sausage,0.266
PDR1411,*par_-,to scratch,PA_RU,PA_NA,YES,yes,PA_RU,Physical Acts & Materials — to Rub,0.421,PA_CV,Physical Acts & Materials — to Carve,0.396,BP_NA,"Body Parts & Functions — Nail, Claw",0.360
PDR1412,*par_-,garden,AV_GA,AV_GA,,yes,AV_GA,"Agriculture & Vegetation — Garden, Orchard",0.637,AV_PN,"Agriculture & Vegetation — Plant, Herb",0.554,AV_DI,"Agriculture & Vegetation — to Dig, Delve",0.553
PDR1413,*par_-,drum; a measure of capacity,LM_LA,QN_EN,YES,yes,LM_LA,Language & Music — Letter of the Alphabet,0.360,LM_DI,"Language & Music — Glossary, Dictionary",0.341,LM_NA,Language & Music — Name,0.326
PDR1414,*par_-,to speak,LM_ST,LM_ST,,yes,LM_ST,"Language & Music — to Speak, Talk",0.396,MT_CP,"Mind & Thought — Clear, Plain (to the Mind)",0.367,SP_HE,Sense Perception — to Hear,0.351
PDR1415,*paT-,ten,QN_TH,QN_NN,YES,yes,QN_TH,Quantity & Number — Three,0.306,QN_EN,Quantity & Number — Enough,0.300,QN_LF,"Quantity & Number — Few, Little",0.294
PDR1416,*paṬ-,1 to fall 2 to lie down,MO_FA,MO_FA,,yes,MO_FA,Motion & Transportation — to Fall,0.472,SR_LI,"Spatial Relations — to Lie, Recline",0.456,MO_DR,Motion & Transportation — to Drop,0.408
PDR1417,*paT-,to hide,SR_HC,BP_SH,YES,yes,SR_HC,"Spatial Relations — to Hide, Conceal",0.428,MO_FE,Motion & Transportation — to Flee,0.389,BP_SH,"Body Parts & Functions — Skin, Hide",0.366
PDR1418,*pat_-,"to catch, hold",PT_SG,PT_HO,YES,yes,PT_SG,"Possession & Trade — to Grasp, Seize, Take Hold of",0.520,PT_HO,Possession & Trade — to Hold,0.471,PT_KR,"Possession & Trade — to Keep, Retain",0.395
PDR1419,*paṭ-,1 flat 2 place,SR_FL,SR_FL,,yes,SR_FL,Spatial Relations — Flat,0.485,DF_HS,Dwellings & Furniture — House,0.413,DF_RO,Dwellings & Furniture — Room,0.409
PDR1420,*paṭ-,1 beam 2 timber,PW_WD,PW_WD,,yes,PW_WD,"Physical World — Wood, Timber",0.461,PW_TR,"Physical World — Tree, Oak",0.361,PA_BE,Physical Acts & Materials — Beam,0.353
PDR1421,*paṭ-,dwelling; yard,DF_DW,DF_YR,YES,,DF_DW,"Dwellings & Furniture — to Live, Dwell",0.653,DF_HO,Dwellings & Furniture — Home,0.558,DF_HS,Dwellings & Furniture — House,0.552
PDR1422,*paṭ-,palm; instep,BP_TM,CA_GL,YES,yes,BP_TM,Body Parts & Functions — Thumb,0.447,BP_HN,Body Parts & Functions — Hand,0.433,CA_GL,Clothing & Adornment — Glove,0.424
PDR1423,*paṭ-ai,stripe,CA_SK,LM_IN,YES,yes,CA_SK,Clothing & Adornment — Skirt,0.289,CA_CL,Clothing & Adornment — Cloth,0.284,CA_BH,Clothing & Adornment — Brush,0.280
PDR1424,*paṭ-ai,bark (of tree),AV_TR,PW_TR,YES,yes,AV_TR,Agriculture & Vegetation — Tree (generic),0.465,PW_TR,"Physical World — Tree, Oak",0.458,PW_WD,"Physical World — Wood, Timber",0.423
PDR1425,*paẓ-,"to scold, blame",EM_BL,EM_BL,,yes,EM_BL,Emotion — Blame (n),0.563,LJ_AC,Law & Judgment — to Accuse,0.519,EM_FA,"Emotion — Fault, Guilt",0.468
PDR1426,*paẓa-,old,TI_OL,TI_OL,,yes,TI_OL,Time — Old,0.619,TI_AG,Time — Age,0.469,TI_YG,Time — Young,0.379
PDR1427,*paẓ-[k-],rib; side,BP_RI,BP_RI,,yes,BP_RI,Body Parts & Functions — Rib,0.622,BP_BN,Body Parts & Functions — Bone,0.386,BP_LV,Body Parts & Functions — Liver,0.381
PDR1428,"*paẓ-, *paẓ-nd-",to ripen,FD_FR,FD_FR,,yes,FD_FR,Food & Drink — Fruit,0.430,FD_PC,Food & Drink — Peach,0.401,FD_KD,Food & Drink — to Knead,0.400
PDR1429,*pāḍ-,to sing,LM_SG,LM_SG,,yes,LM_SG,Language & Music — to Sing,0.595,LM_ST,"Language & Music — to Speak, Talk",0.437,LM_SC,"Language & Music — to Shout, Cry Out",0.437
PDR1430,*pāḍ-,village,SO_CI,SO_CI,,yes,SO_CI,"Social Relations — Town, City",0.430,DF_HU,Dwellings & Furniture — Hut,0.342,DF_HS,Dwellings & Furniture — House,0.328
PDR1431,*pād- (?),root,AV_RO,AV_RO,,yes,AV_RO,Agriculture & Vegetation — Root,0.476,AV_TR,Agriculture & Vegetation — Tree (generic),0.336,PW_TR,"Physical World — Tree, Oak",0.302
PDR1432,*pād_-,to fly,MO_FY,MO_FY,,yes,MO_FY,Motion & Transportation — to Fly,0.623,AN_FL,Animals — Fly (n),0.513,MO_RU,Motion & Transportation — to Run,0.466
PDR1433,*pāɣ-,to strike,PA_SH,PA_SH,,yes,PA_SH,"Physical Acts & Materials — to Hit, Strike, Beat",0.504,EM_RF,"Emotion — Rage, Fury",0.358,WH_FI,Warfare & Hunting — to Fight,0.321
PDR1434,*pāj-,"to separate, part; to comb",PA_SP,CA_CB,YES,yes,PA_SP,Physical Acts & Materials — to Split,0.428,MO_GA,"Motion & Transportation — to Depart, Go Away",0.382,SR_SE,Spatial Relations — to Separate,0.337
PDR1435,*pāj-,to jump,MO_JL,MO_JL,,yes,MO_JL,"Motion & Transportation — to Jump, Leap",0.657,MO_SW,Motion & Transportation — to Swim,0.401,MO_RL,"Motion & Transportation — to Lift, Raise",0.396
PDR1436,*pāl,milk,FD_MS,FD_MS,,yes,FD_MS,Food & Drink — Milk,0.691,FD_MV,Food & Drink — to Milk,0.650,FD_SU,"Food & Drink — to Suck, Suckle",0.466
PDR1437,*pāl-,portion,QN_HA,QN_HA,,yes,QN_HA,Quantity & Number — Half,0.470,QN_PR,Quantity & Number — Part (n),0.412,QN_WH,Quantity & Number — Whole,0.399
PDR1438,*pāl-,a k. of tree or its flower,AV_TR,AV_TR,,yes,AV_TR,Agriculture & Vegetation — Tree (generic),0.501,AV_FL,Agriculture & Vegetation — Flower,0.441,PW_TR,"Physical World — Tree, Oak",0.432
PDR1439,*pāḷ-,"husk, bark",WH_BA,AN_PU,YES,yes,WH_BA,Warfare & Hunting — Battle-Ax,0.293,AV_PL,Agriculture & Vegetation — to Plow; Plow,0.291,AV_TR,Agriculture & Vegetation — Tree (generic),0.290
PDR1440,*pā̆ḷ-,seedling,AV_SS,AV_SS,,yes,AV_SS,Agriculture & Vegetation — to Sow; Seed,0.455,AV_PN,"Agriculture & Vegetation — Plant, Herb",0.355,AV_FL,Agriculture & Vegetation — Flower,0.353
PDR1441,*pām-,snake,AN_SK,AN_SK,,yes,AN_SK,Animals — Snake,0.649,AN_WR,Animals — Worm,0.394,AN_AN,Animals — Animal,0.347
PDR1442,*pāṇ-,to sing,LM_SG,LM_SG,,yes,LM_SG,Language & Music — to Sing,0.636,LM_ST,"Language & Music — to Speak, Talk",0.479,LM_SC,"Language & Music — to Shout, Cry Out",0.471
PDR1443,*pār-,to grow; to swell,SR_GW,AV_SS,YES,yes,SR_GW,Spatial Relations — to Grow,0.432,AV_SS,Agriculture & Vegetation — to Sow; Seed,0.328,PA_SR,Physical Acts & Materials — to Stretch,0.327
PDR1444,*pār-,spade,AV_SP,AV_SP,,yes,AV_SP,Agriculture & Vegetation — Spade (n),0.433,AV_SH,Agriculture & Vegetation — Shovel (n),0.408,WH_BA,Warfare & Hunting — Battle-Ax,0.320
PDR1445,*pār-,to look at; sight,SP_LO,SP_LO,,,SP_LO,Sense Perception — to Look,0.522,SP_SE,Sense Perception — to See,0.387,SP_SG,"Sense Perception — Sight (obj), Look (obj), Appearance",0.325
PDR1446,*pārp-,child; young,MK_CH,TI_YG,YES,yes,MK_CH,Mankind — Child,0.520,MK_IN,Mankind — Infant,0.455,AN_KI,Animals — Kid,0.429
PDR1447,*pā̆r_-,to spread,PA_SO,PT_LO,YES,yes,PA_SO,"Physical Acts & Materials — to Strew, Spread Out",0.488,PA_SR,Physical Acts & Materials — to Stretch,0.373,MO_CC,"Motion & Transportation — to Creep, Crawl",0.370
PDR1448,*pār_-,brahman,RB_HS,MK_WI,YES,yes,RB_HS,"Religion & Beliefs — Holy, Sacred",0.402,RB_GD,Religion & Beliefs — God,0.402,RB_PR,Religion & Beliefs — Priest,0.372
PDR1449,*pās-,to spread,PA_SO,PT_LO,YES,yes,PA_SO,"Physical Acts & Materials — to Strew, Spread Out",0.501,PA_SR,Physical Acts & Materials — to Stretch,0.385,MO_BG,Motion & Transportation — to Bring,0.354
PDR1450,*pās-,to rot; stale,FD_KD,TI_LS,YES,yes,FD_KD,Food & Drink — to Knead,0.327,BP_ED,"Body Parts & Functions — to Void Excrement; Dung, Excrement",0.325,BP_DD,Body Parts & Functions — to Die; Dead; Death,0.321
PDR1451,*pāT-,"field, garden bed",AV_GA,AV_BA,YES,yes,AV_GA,"Agriculture & Vegetation — Garden, Orchard",0.520,PW_PF,"Physical World — Plain, Field",0.517,AV_PL,Agriculture & Vegetation — to Plow; Plow,0.510
PDR1452,*pāṭ-,"size, extent",SR_SZ,SR_SZ,,yes,SR_SZ,Spatial Relations — Size (n),0.472,SR_XL,"Spatial Relations — Big, Large, Great",0.471,SR_GW,Spatial Relations — to Grow,0.410
PDR1453,*pāv-,"way, road",MO_RA,MO_RA,,yes,MO_RA,Motion & Transportation — Road,0.496,MO_PA,Motion & Transportation — Path,0.457,MO_ST,Motion & Transportation — Street,0.422
PDR1454,*pāv-,pupil; image,MT_PU,MT_PU,,yes,MT_PU,Mind & Thought — Pupil,0.592,BP_EY,Body Parts & Functions — Eye,0.434,BP_EB,Body Parts & Functions — Eyebrow,0.344
PDR1455,*pāvaṭ-,a k. of plant,AV_PN,AV_LE,YES,yes,AV_PN,"Agriculture & Vegetation — Plant, Herb",0.462,AV_FL,Agriculture & Vegetation — Flower,0.399,AV_LE,Agriculture & Vegetation — Leaf,0.396
PDR1456,*pāẓ-,"1 old, deserted 2 ruins",DF_HU,MK_OR,YES,yes,DF_HU,Dwellings & Furniture — Hut,0.347,DF_RF,Dwellings & Furniture — Roof,0.345,WH_FT,Warfare & Hunting — Fortress,0.326
PDR1457,*pāẓ-,a k. of sacral building and nearby territory,SR_WE,SO_RT,YES,,SR_WE,Spatial Relations — West,0.573,SR_EA,Spatial Relations — East,0.548,SR_SO,Spatial Relations — South,0.514
PDR1458,*pedav-,lip,BP_LI,BP_LI,,yes,BP_LI,Body Parts & Functions — Lip,0.675,BP_TG,Body Parts & Functions — Tongue,0.465,BP_MO,Body Parts & Functions — Mouth,0.452
PDR1459,*ped_-,"to pick up, collect",PT_SG,PT_GO,YES,yes,PT_SG,"Possession & Trade — to Grasp, Seize, Take Hold of",0.473,MO_RL,"Motion & Transportation — to Lift, Raise",0.446,PT_PU,Possession & Trade — Purse,0.425
PDR1460,*ped_-,"1 to bear, be born 2 to obtain",BP_BP,AN_BR,YES,yes,BP_BP,Body Parts & Functions — to Beget (of Father),0.522,PT_GO,"Possession & Trade — to Get, Obtain",0.452,BP_BM,Body Parts & Functions — to Bear (of Mother),0.437
PDR1461,*ped_-,"to swell; great, abundant",MO_RL,EM_JG,YES,yes,MO_RL,"Motion & Transportation — to Lift, Raise",0.338,PA_SR,Physical Acts & Materials — to Stretch,0.338,MO_RI,Motion & Transportation — to Rise,0.335
PDR1462,*pein-,"cool, cold",SP_CD,TI_WI,YES,yes,SP_CD,"Sense Perception — Cold, Frigid",0.498,PW_IC,"Physical World — Ice, Frost",0.453,SP_HW,"Sense Perception — Hot, Warm",0.447
PDR1463,*peṇ-,female,MK_FS,MK_FS,,yes,MK_FS,Mankind — Female,0.481,AN_FE,Animals — Female Animal,0.479,MK_MS,Mankind — Male,0.393
PDR1464,*pendj-[ar],name,LM_NA,LM_NA,,yes,LM_NA,Language & Music — Name,0.413,LM_CN,"Language & Music — to Call, Name",0.367,TI_NM,Time — Names of the Months,0.261
PDR1465,*Per-,big,SR_XL,SR_SZ,YES,yes,SR_XL,"Spatial Relations — Big, Large, Great",0.457,BP_SM,"Body Parts & Functions — Strong, Mighty, Powerful",0.260,SR_GW,Spatial Relations — to Grow,0.257
PDR1466,*per-,a k. of bee,AN_BE,AN_BE,,yes,AN_BE,Animals — Bee,0.587,AN_IN,Animals — Insect,0.355,FD_HO,Food & Drink — Honey,0.332
PDR1467,*pera-,husked rice,AV_RI,AV_RI,,yes,AV_RI,Agriculture & Vegetation — Rice,0.434,FD_DI,Food & Drink — Dish,0.413,FD_PT,Food & Drink — Potato,0.372
PDR1468,*per_-,curds,FD_SU,AN_PI,YES,yes,FD_SU,"Food & Drink — to Suck, Suckle",0.340,FD_MV,Food & Drink — to Milk,0.338,FD_MS,Food & Drink — Milk,0.336
PDR1469,*pesaL-,green gram,SP_GR,SP_GR,,yes,SP_GR,Sense Perception — Green,0.448,FD_PE,Food & Drink — Pea,0.391,FD_BN,Food & Drink — Bean,0.361
PDR1470,*peṭ-,"female of animals, birds",AN_FE,AN_FE,,yes,AN_FE,Animals — Female Animal,0.695,AN_MA,Animals — Male Animal,0.516,AN_MR,Animals — Mare,0.502
PDR1471,*peṭ-,"box, chest",MO_CA,BP_FC,YES,yes,MO_CA,"Motion & Transportation — to Bear, Carry",0.382,PT_PU,Possession & Trade — Purse,0.369,PT_TR,Possession & Trade — Treasure,0.363
PDR1472,*Peṭ-,"to place, put",SR_PU,SR_PU,,yes,SR_PU,"Spatial Relations — to Put, Place, Set, Lay",0.593,SR_PL,Spatial Relations — Place,0.418,PT_MK,Possession & Trade — Market (place),0.410
PDR1473,*peẓ(n)- (?),bone,BP_BN,BP_BN,,yes,BP_BN,Body Parts & Functions — Bone,0.599,BP_JW,Body Parts & Functions — Jaw,0.420,BP_RI,Body Parts & Functions — Rib,0.408
PDR1474,*pēd-,"1 folly, ignorance; 2 poor",MT_FS,MT_FS,,yes,MT_FS,"Mind & Thought — Stupid, Foolish",0.454,MT_OB,Mind & Thought — Obscure,0.367,MT_IR,"Mind & Thought — Reason, Intelligence",0.365
PDR1475,*pēḍ-,effeminate,MK_MS,MK_SX,YES,yes,MK_MS,Mankind — Male,0.327,MK_FS,Mankind — Female,0.312,EM_TC,"Emotion — Timid, Cowardly",0.304
PDR1476,*pēd_- (*-r_-),"to pile up, load",MO_RL,TI_HH,YES,yes,MO_RL,"Motion & Transportation — to Lift, Raise",0.473,MO_PS,"Motion & Transportation — to Push, Shove",0.472,MO_CA,"Motion & Transportation — to Bear, Carry",0.431
PDR1477,*pēj-[Vn],1 god 2 fervency,RB_GD,RB_GD,,yes,RB_GD,Religion & Beliefs — God,0.467,RB_HS,"Religion & Beliefs — Holy, Sacred",0.461,RB_DE,Religion & Beliefs — Devil,0.451
PDR1478,*pēḷ-,to defecate,BP_ED,BP_ED,,yes,BP_ED,"Body Parts & Functions — to Void Excrement; Dung, Excrement",0.505,BP_UU,Body Parts & Functions — to Urinate; Urine,0.427,BP_FB,"Body Parts & Functions — to Fart, Break Wind",0.372
PDR1479,*pēn,louse,AN_WR,MK_GM,YES,yes,AN_WR,Animals — Worm,0.313,AN_GE,Animals — Gelding,0.310,AN_IN,Animals — Insect,0.300
PDR1480,*pēṇ-,"to foster, protect",PT_PR,PT_PR,,yes,PT_PR,"Possession & Trade — to Save, Preserve, Keep Safe",0.394,PT_SA,Possession & Trade — Safe (adj),0.366,SO_LT,"Social Relations — to Let, Permit",0.347
PDR1481,*pēnḍ-,cowdung,AN_CO,AN_CO,,yes,AN_CO,Animals — Cow,0.469,AN_HE,Animals — Herdsman,0.404,AN_AD,"Animals — Ass, Donkey",0.363
PDR1482,*pēnǯ-,to strain water,PA_PO,PA_BN,YES,yes,PA_PO,Physical Acts & Materials — to Pour,0.402,FD_KD,Food & Drink — to Knead,0.400,FD_BO,Food & Drink — to Boil (trans,0.388
PDR1483,*pēS-,"filth, secretions",BP_SS,MT_SR,YES,yes,BP_SS,Body Parts & Functions — Sick; Sickness,0.460,BP_ED,"Body Parts & Functions — to Void Excrement; Dung, Excrement",0.458,BP_VO,Body Parts & Functions — to Vomit,0.441
PDR1484,*pēẓ-,to fear,EM_FF,EM_FF,,yes,EM_FF,"Emotion — Fear, Fright",0.569,EM_DE,Emotion — to Desire,0.454,EM_TC,"Emotion — Timid, Cowardly",0.448
PDR1485,*pēẓ- (?),to speak,LM_ST,LM_ST,,yes,LM_ST,"Language & Music — to Speak, Talk",0.433,MT_CP,"Mind & Thought — Clear, Plain (to the Mind)",0.370,MT_KN,Mind & Thought — to Know,0.360
PDR1486,*pic-,mad; bile,EM_AG,EM_AG,,yes,EM_AG,Emotion — Anger,0.379,MT_IM,"Mind & Thought — Mad, Crazy, Insane",0.368,EM_RF,"Emotion — Rage, Fury",0.337
PDR1487,*pic-,rheum of the eye,BP_EY,BP_EY,,yes,BP_EY,Body Parts & Functions — Eye,0.371,BP_EB,Body Parts & Functions — Eyebrow,0.279,SP_DS,"Sense Perception — Dirty, Soiled",0.275
PDR1488,*pič-,"sticky, gummy",SP_WD,BP_MO,YES,yes,SP_WD,"Sense Perception — Wet, Damp",0.289,BP_LC,Body Parts & Functions — to Lick,0.288,SP_DS,"Sense Perception — Dirty, Soiled",0.273
PDR1489,*pid-,to squeeze,PA_SR,FD_SU,YES,yes,PA_SR,Physical Acts & Materials — to Stretch,0.439,MO_PS,"Motion & Transportation — to Push, Shove",0.367,FD_SU,"Food & Drink — to Suck, Suckle",0.358
PDR1490,*piḍ-,"to catch, seize",PT_SG,PT_SG,,yes,PT_SG,"Possession & Trade — to Grasp, Seize, Take Hold of",0.613,PT_TA,Possession & Trade — to Take,0.467,PT_ST,Possession & Trade — to Steal,0.455
PDR1491,*pìḍ-,"1 back, behind 2 nape",BP_NK,BP_BA,YES,yes,BP_NK,Body Parts & Functions — Neck,0.427,BP_FC,Body Parts & Functions — Front of Chest,0.409,BP_BA,Body Parts & Functions — Back,0.402
PDR1492,*pìḍ-i,female of animal (elephant),AN_FE,AN_FE,,yes,AN_FE,Animals — Female Animal,0.646,AN_EL,Animals — Elephant,0.512,AN_MA,Animals — Male Animal,0.492
PDR1493,*pid_-,back,BP_BA,BP_BA,,yes,BP_BA,Body Parts & Functions — Back,0.463,BP_FC,Body Parts & Functions — Front of Chest,0.268,PT_GB,"Possession & Trade — to Return, Give Back",0.264
PDR1494,*pid_-,rain,PW_RA,PW_RA,,yes,PW_RA,Physical World — Rain (n),0.638,PW_WE,Physical World — Weather,0.444,SP_WD,"Sense Perception — Wet, Damp",0.403
PDR1495,*pid_-Vk- (?),a k. of small insect,AN_IN,AN_IN,,yes,AN_IN,Animals — Insect,0.501,AN_FL,Animals — Fly (n),0.381,AN_WR,Animals — Worm,0.356
PDR1496,*pig- (?),heavy,SP_HV,SP_HV,,yes,SP_HV,"Sense Perception — Heavy, Weighty",0.422,SR_TS,Spatial Relations — Thick (in Density),0.313,SR_NS,Spatial Relations — Thin (in Density),0.280
PDR1497,*piɣ-,"shoulder, nape of neck",BP_NK,BP_NK,,yes,BP_NK,Body Parts & Functions — Neck,0.622,BP_SD,Body Parts & Functions — Shoulder,0.589,BP_FC,Body Parts & Functions — Front of Chest,0.545
PDR1498,*pik-,calf of leg,BP_LE,AN_CF,YES,yes,BP_LE,Body Parts & Functions — Leg,0.565,BP_KN,Body Parts & Functions — Knee,0.491,AN_CF,Animals — Calf,0.475
PDR1499,*Pil-,cat,AN_CT,AN_CT,,,AN_CT,Animals — Cat,0.735,AN_DO,Animals — Dog,0.517,AN_PU,Animals — Puppy,0.495
PDR1500,*piḷ-,"to crack, burst",PA_BK,TI_HH,YES,yes,PA_BK,Physical Acts & Materials — to Break,0.494,PA_TE,Physical Acts & Materials — to Tear,0.485,PA_SP,Physical Acts & Materials — to Split,0.352
PDR1501,*piḷ-,young girl,TI_YG,TI_YG,,yes,TI_YG,Time — Young,0.388,MK_GI,Mankind — Girl,0.349,AN_FE,Animals — Female Animal,0.337
PDR1502,*piḷ-,to call; to roar,LM_CN,LM_CS,YES,yes,LM_CN,"Language & Music — to Call, Name",0.489,LM_CS,"Language & Music — to Call, Summon",0.467,LM_SC,"Language & Music — to Shout, Cry Out",0.342
PDR1503,*pilpul-,butterfly,AN_IN,AN_BI,YES,yes,AN_IN,Animals — Insect,0.386,AN_FL,Animals — Fly (n),0.366,AN_BE,Animals — Bee,0.336
PDR1504,*pin-,"1 small, young 2 mother's younger sister, etc.",BP_BM,MK_BS,YES,yes,BP_BM,Body Parts & Functions — to Bear (of Mother),0.324,MK_BS,Mankind — Sibling(s),0.293,MK_NI,Mankind — Niece,0.288
PDR1505,*pinc-,peacock's tail,BP_FE,AN_BI,YES,yes,BP_FE,Body Parts & Functions — Feather,0.390,BP_TA,Body Parts & Functions — Tail,0.380,CA_CB,Clothing & Adornment — Comb,0.371
PDR1506,*pinḍ-,flour,FD_MF,FD_MF,,yes,FD_MF,"Food & Drink — Meal, Flour",0.659,FD_DO,Food & Drink — Dough,0.506,FD_BD,Food & Drink — Bread,0.468
PDR1507,*pindj-,young fruit or berry,FD_FR,FD_BY,YES,yes,FD_FR,Food & Drink — Fruit,0.523,FD_BY,Food & Drink — Berry,0.459,FD_PC,Food & Drink — Peach,0.438
PDR1508,*piṇ-/*pīnḍ-,"to entwine, twist",PA_SO,TI_AU,YES,yes,PA_SO,"Physical Acts & Materials — to Strew, Spread Out",0.419,PA_KN,Physical Acts & Materials — Knot (n),0.410,PA_RC,"Physical Acts & Materials — Rope, Cord",0.380
PDR1509,*pir-,"to twist, turn",MO_TA,MO_TU,YES,yes,MO_TA,Motion & Transportation — to Turn Around,0.453,MO_TU,Motion & Transportation — to Turn,0.420,CA_SN,Clothing & Adornment — to Spin,0.405
PDR1510,*PIr-,"skin, bark",PA_FS,CA_CR,YES,yes,PA_FS,"Physical Acts & Materials — to Flay, Skin",0.491,BP_SH,"Body Parts & Functions — Skin, Hide",0.461,BP_FL,Body Parts & Functions — Flesh,0.425
PDR1511,*pir-i-,"to crack, open",PA_TE,TI_NW,YES,yes,PA_TE,Physical Acts & Materials — to Tear,0.529,PA_BK,Physical Acts & Materials — to Break,0.485,PA_FO,Physical Acts & Materials — to Fold,0.399
PDR1512,*pir_-,to tremble,EM_TC,MO_SH,YES,yes,EM_TC,"Emotion — Timid, Cowardly",0.445,EM_DA,Emotion — to Dare,0.412,EM_BR,"Emotion — Brave, Courageous",0.396
PDR1513,*pis-,to sprinkle,PA_PO,FD_KD,YES,yes,PA_PO,Physical Acts & Materials — to Pour,0.402,PA_SO,"Physical Acts & Materials — to Strew, Spread Out",0.389,PW_RA,Physical World — Rain (n),0.367
PDR1514,*piṭ-,small bird,AN_BI,AN_BI,,yes,AN_BI,Animals — Bird,0.497,AN_CK,"Animals — Cock, Rooster",0.428,AN_GS,Animals — Goose,0.405
PDR1515,*piẓ-,to slip; to err,MO_SS,MO_SS,,yes,MO_SS,"Motion & Transportation — to Slip, Slide",0.626,CA_SL,Clothing & Adornment — Slipper,0.470,MO_CC,"Motion & Transportation — to Creep, Crawl",0.427
PDR1516,*piẓc-,sparrow,AN_BI,AN_BI,,yes,AN_BI,Animals — Bird,0.498,AN_CK,"Animals — Cock, Rooster",0.427,AN_DU,Animals — Duck,0.384
PDR1517,*piẓig-,"entrails, bowels",BP_ED,BP_ED,,yes,BP_ED,"Body Parts & Functions — to Void Excrement; Dung, Excrement",0.512,BP_VO,Body Parts & Functions — to Vomit,0.447,BP_BS,"Body Parts & Functions — Belly, Stomach",0.445
PDR1518,"*piẓi-k-, -l-",mango fruit,FD_FR,FD_FR,,yes,FD_FR,Food & Drink — Fruit,0.577,FD_PC,Food & Drink — Peach,0.506,FD_PR,Food & Drink — Pear,0.421
PDR1519,*piẓ-/*pinḍ-,"to squeeze, milk",FD_MV,FD_MV,,yes,FD_MV,Food & Drink — to Milk,0.523,FD_SU,"Food & Drink — to Suck, Suckle",0.496,FD_MS,Food & Drink — Milk,0.470
PDR1520,*piẓuk-,cowdung,AN_CO,AN_CO,,yes,AN_CO,Animals — Cow,0.475,AN_HE,Animals — Herdsman,0.396,AN_AD,"Animals — Ass, Donkey",0.375
PDR1521,*pī-,excrement,BP_ED,BP_ED,,yes,BP_ED,"Body Parts & Functions — to Void Excrement; Dung, Excrement",0.610,BP_UU,Body Parts & Functions — to Urinate; Urine,0.439,BP_VO,Body Parts & Functions — to Vomit,0.421
PDR1522,*pīc-,"to squeeze, milk",FD_MV,FD_MV,,yes,FD_MV,Food & Drink — to Milk,0.532,FD_KD,Food & Drink — to Knead,0.509,FD_SU,"Food & Drink — to Suck, Suckle",0.499
PDR1523,*pīd_-,"to squeeze, milk",FD_MV,FD_MV,,yes,FD_MV,Food & Drink — to Milk,0.568,FD_SU,"Food & Drink — to Suck, Suckle",0.518,FD_MS,Food & Drink — Milk,0.503
PDR1524,*pīK-,to pull out,PA_DP,BP_SP,YES,yes,PA_DP,"Physical Acts & Materials — to Draw, Pull",0.344,MO_PS,"Motion & Transportation — to Push, Shove",0.334,MO_RL,"Motion & Transportation — to Lift, Raise",0.315
PDR1525,*pīl-,weak,BP_WE,BP_WE,,yes,BP_WE,"Body Parts & Functions — Weak, Infirm",0.311,EM_TC,"Emotion — Timid, Cowardly",0.301,EM_FL,Emotion — Faithful,0.271
PDR1526,*pīl-i,peacock's feather,BP_FE,AN_HN,YES,yes,BP_FE,Body Parts & Functions — Feather,0.452,CA_CB,Clothing & Adornment — Comb,0.392,AN_BI,Animals — Bird,0.338
PDR1527,*pīṇV́-,corpse,BP_CS,BP_CS,,yes,BP_CS,"Body Parts & Functions — Corpse, Body",0.581,BP_DD,Body Parts & Functions — to Die; Dead; Death,0.575,BP_BD,Body Parts & Functions — to Bury the Dead,0.563
PDR1528,*pīr-,straw,FD_SP,FD_SP,,yes,FD_SP,Food & Drink — Spoon,0.392,AV_HY,Agriculture & Vegetation — Hay,0.379,AV_PL,Agriculture & Vegetation — to Plow; Plow,0.345
PDR1529,*pīr_- (*-d_-),to be torn,PA_TE,EM_TR,YES,yes,PA_TE,Physical Acts & Materials — to Tear,0.473,EM_TR,Emotion — Tear (n),0.446,EM_CW,"Emotion — to Cry, Weep",0.412
PDR1530,*pīt-,to fart,BP_FB,BP_FB,,yes,BP_FB,"Body Parts & Functions — to Fart, Break Wind",0.509,FD_SU,"Food & Drink — to Suck, Suckle",0.336,BP_ED,"Body Parts & Functions — to Void Excrement; Dung, Excrement",0.332
PDR1531,*poč-,vulva,BP_NV,BP_SI,YES,yes,BP_NV,Body Parts & Functions — Navel,0.418,BP_LC,Body Parts & Functions — to Lick,0.404,BP_PE,Body Parts & Functions — Penis,0.396
PDR1532,*pod-,"to increase, swell",PA_SR,MO_RL,YES,yes,PA_SR,Physical Acts & Materials — to Stretch,0.412,MO_RI,Motion & Transportation — to Rise,0.398,MO_RL,"Motion & Transportation — to Lift, Raise",0.381
PDR1533,*poḍ-,"1 to winnow, beat 2 to fight",WH_FI,WH_DF,YES,yes,WH_FI,Warfare & Hunting — to Fight,0.410,WH_DF,Warfare & Hunting — Defeat (n),0.383,WH_BT,Warfare & Hunting — Battle (n),0.381
PDR1534,*pòḍ-,"1 tall, long 2 slope of hill",PW_MH,PW_MH,,yes,PW_MH,"Physical World — Hill, Mountain",0.563,SR_TL,Spatial Relations — Tall,0.455,AV_CT,"Agriculture & Vegetation — to Tilt, Cultivate",0.355
PDR1535,*poḍ-,to rise,MO_RI,MO_RL,YES,yes,MO_RI,Motion & Transportation — to Rise,0.524,MO_RL,"Motion & Transportation — to Lift, Raise",0.452,BP_BP,Body Parts & Functions — to Beget (of Father),0.343
PDR1536,*podd-,father-in-law,MK_FL,MK_FL,,yes,MK_FL,Mankind — Father-in-Law,0.643,MK_SL,Mankind — Son-in-Law,0.631,MK_ML,Mankind — Mother-in-Law,0.572
PDR1537,*pòḍ-i,"powder, dust",PW_DU,PW_DU,,yes,PW_DU,"Physical World — Dust, Powder",0.707,PW_SA,"Physical World — Sand, Grit",0.451,FD_GR,Food & Drink — to Grind,0.440
PDR1538,*pod-k-,navel,BP_NV,BP_NV,,yes,BP_NV,Body Parts & Functions — Navel,0.682,BP_BS,"Body Parts & Functions — Belly, Stomach",0.382,BP_WO,Body Parts & Functions — Womb,0.364
PDR1539,*podm-,udder,BP_UA,BP_UA,,yes,BP_UA,Body Parts & Functions — Udder of Animals,0.631,AN_CF,Animals — Calf,0.416,BP_BM,Body Parts & Functions — to Bear (of Mother),0.398
PDR1540,*podr_- (?),"1 to soak, get wet 2 to swell",SP_WD,CA_OI,YES,yes,SP_WD,"Sense Perception — Wet, Damp",0.421,PW_WA,Physical World — Water,0.411,PA_WA,Physical Acts & Materials — to Wash,0.370
PDR1541,*poḍVl-,snake-gourd,AN_SK,AN_SK,,yes,AN_SK,Animals — Snake,0.531,FD_DI,Food & Drink — Dish,0.351,FD_ON,Food & Drink — Onion,0.342
PDR1542,*pod_-,top; hill,SR_TO,PW_MH,YES,yes,SR_TO,Spatial Relations — Top,0.364,PW_MH,"Physical World — Hill, Mountain",0.338,CA_SH,Clothing & Adornment — Shirt,0.288
PDR1543,*pod_-,lungs,BP_CO,BP_CO,,yes,BP_CO,Body Parts & Functions — to Cough,0.459,BP_BB,Body Parts & Functions — to Breathe; Breath,0.458,BP_FB,"Body Parts & Functions — to Fart, Break Wind",0.368
PDR1544,*pog-,"to burn, grieve",EM_CW,PW_BU,YES,yes,EM_CW,"Emotion — to Cry, Weep",0.499,EM_GS,"Emotion — Grief, Sorrow",0.472,PW_BU,"Physical World — to Burn, Scorch",0.458
PDR1545,*pog-,to enter,MO_EN,MO_EN,,yes,MO_EN,Motion & Transportation — to Enter,0.614,MO_AR,"Motion & Transportation — to Reach, Arrive",0.382,MO_BG,Motion & Transportation — to Bring,0.352
PDR1546,*pog-aẓ-,"to praise; renown, praise",EM_PR,EM_PR,,yes,EM_PR,Emotion — Praise (n),0.564,RB_BL,Religion & Beliefs — to Bless,0.491,EM_PD,Emotion — Proud,0.368
PDR1547,*pogVn-,green pigeon,AN_BI,AN_BI,,yes,AN_BI,Animals — Bird,0.393,AN_DU,Animals — Duck,0.346,AN_CK,"Animals — Cock, Rooster",0.332
PDR1548,*poɣ-,smoke,PW_SM,PW_SM,,yes,PW_SM,Physical World — Smoke (n),0.571,AV_ST,Agriculture & Vegetation — Smoke (Tobacco),0.518,PW_MI,"Physical World — Mist, Fog, Haze",0.372
PDR1549,*poj-,"to spill, flow",PA_PO,MO_FL,YES,yes,PA_PO,Physical Acts & Materials — to Pour,0.517,MO_FL,Motion & Transportation — to Flow,0.477,PW_RS,"Physical World — Brook, Stream, River",0.446
PDR1550,*pok-,"blister, bubble, boil",FD_BO,FD_BO,,yes,FD_BO,Food & Drink — to Boil (trans,0.334,MO_BO,Motion & Transportation — to Boil (intrans,0.270,BP_SS,Body Parts & Functions — Sick; Sickness,0.264
PDR1551,*pok-,to speak; to cry,LM_ST,EM_CW,YES,yes,LM_ST,"Language & Music — to Speak, Talk",0.459,LM_CS,"Language & Music — to Call, Summon",0.389,LM_SC,"Language & Music — to Shout, Cry Out",0.388
PDR1552,*PoK-,hole,SR_HL,SR_HL,,yes,SR_HL,Spatial Relations — Hole,0.503,PA_CV,Physical Acts & Materials — to Carve,0.335,BP_TO,Body Parts & Functions — Tooth,0.321
PDR1553,*pòl-,"field, rice-field",AV_RI,AV_RI,,yes,AV_RI,Agriculture & Vegetation — Rice,0.527,AV_PL,Agriculture & Vegetation — to Plow; Plow,0.498,PW_PF,"Physical World — Plain, Field",0.485
PDR1554,*pol-,to perish; to be weakened,MO_GA,EM_DG,YES,yes,MO_GA,"Motion & Transportation — to Depart, Go Away",0.354,TI_CE,Time — to Cease,0.339,MK_OR,Mankind — Orphan,0.327
PDR1555,*pol-,"to lament, grieve; speech, sound",EM_GR,EM_GR,,yes,EM_GR,Emotion — to Groan,0.549,EM_CW,"Emotion — to Cry, Weep",0.540,EM_GS,"Emotion — Grief, Sorrow",0.471
PDR1556,*poḷ-,husk; chaff,BP_ED,AN_AD,YES,yes,BP_ED,"Body Parts & Functions — to Void Excrement; Dung, Excrement",0.273,AN_MU,Animals — Mule,0.270,FD_NT,Food & Drink — Nut,0.267
PDR1557,*poḷ-,"hole; to bore, chisel",SR_HL,PA_CS,YES,yes,SR_HL,Spatial Relations — Hole,0.514,PA_TE,Physical Acts & Materials — to Tear,0.299,SR_HW,"Spatial Relations — Hollow, Concave",0.297
PDR1558,*pol-,"bad, mean; dirty, pollution",EM_BD,EM_BD,,yes,EM_BD,Emotion — Bad,0.504,EM_HT,Emotion — Hate (n),0.408,EM_GD,Emotion — Good,0.397
PDR1559,*poḷ-,to pare off (skin),BP_SH,BP_SH,,yes,BP_SH,"Body Parts & Functions — Skin, Hide",0.464,PA_FS,"Physical Acts & Materials — to Flay, Skin",0.457,PA_CU,Physical Acts & Materials — to Cut,0.435
PDR1560,*pol-i-,"to increase; to acquire, gain, prosper",MO_RI,PT_PF,YES,yes,MO_RI,Motion & Transportation — to Rise,0.364,MO_RL,"Motion & Transportation — to Lift, Raise",0.363,SR_GW,Spatial Relations — to Grow,0.340
PDR1561,*pom-,to embrace,EM_KS,EM_LO,YES,yes,EM_KS,Emotion — to Kiss,0.484,EM_LO,Emotion — to Love; Love,0.482,EM_DE,Emotion — to Desire,0.450
PDR1562,*pom-,breast,BP_BW,BP_BW,,yes,BP_BW,Body Parts & Functions — Breast of Woman,0.556,BP_FC,Body Parts & Functions — Front of Chest,0.414,BP_BM,Body Parts & Functions — to Bear (of Mother),0.358
PDR1563,*pon-,metal,PA_CO,PA_CM,YES,yes,PA_CO,"Physical Acts & Materials — Copper, Bronze",0.458,PA_GO,Physical Acts & Materials — Gold,0.445,PA_CM,Physical Acts & Materials — to Cast (metals),0.438
PDR1564,*pon-,mast-wood,PW_WD,PW_WD,,yes,PW_WD,"Physical World — Wood, Timber",0.455,MO_MS,Motion & Transportation — Mast,0.394,AV_BE,Agriculture & Vegetation — Beech,0.365
PDR1565,*Pond-,hole,SR_HL,SR_HL,,yes,SR_HL,Spatial Relations — Hole,0.500,PA_CV,Physical Acts & Materials — to Carve,0.328,SR_HW,"Spatial Relations — Hollow, Concave",0.320
PDR1566,*poŋ-,to swell,FD_BO,BP_BI,YES,yes,FD_BO,Food & Drink — to Boil (trans,0.373,PA_SR,Physical Acts & Materials — to Stretch,0.356,FD_SB,"Food & Drink — Soup, Broth",0.335
PDR1567,*Poŋ-,"to float, flow",MO_FT,MO_FT,,yes,MO_FT,Motion & Transportation — to Float,0.661,MO_FL,Motion & Transportation — to Flow,0.612,MO_SI,Motion & Transportation — to Sink,0.558
PDR1568,*por-,"1 to join, unite 2 to occur",SR_JU,SR_JU,,yes,SR_JU,"Spatial Relations — to Join, Unite",0.458,SR_CG,"Spatial Relations — to Gather, Collect",0.453,SO_CN,Social Relations — Common (adj),0.428
PDR1569,*por-,"to fry, roast",FD_RF,FD_RF,,yes,FD_RF,"Food & Drink — to Roast, Fry",0.766,FD_BO,Food & Drink — to Boil (trans,0.514,FD_CO,Food & Drink — to Cook,0.509
PDR1570,*por-,layer; scale; cataract,CA_VE,SP_SG,YES,,CA_VE,Clothing & Adornment — Veil,0.374,CA_CK,Clothing & Adornment — Cloak,0.358,CA_CT,Clothing & Adornment — Coat,0.343
PDR1571,*por- (*-u-),roof; house,DF_RF,DF_RF,,yes,DF_RF,Dwellings & Furniture — Roof,0.711,DF_TE,Dwellings & Furniture — Tent,0.514,DF_HS,Dwellings & Furniture — House,0.473
PDR1572,*por-[a-],to sell,PT_SL,PT_SL,,yes,PT_SL,Possession & Trade — to Sell,0.531,PT_BU,Possession & Trade — to Buy,0.463,PT_MK,Possession & Trade — Market (place),0.446
PDR1573,*pos-,to lie (cheat),EM_DC,EM_LI,YES,yes,EM_DC,Emotion — Deceit,0.488,EM_LI,"Emotion — Lie, Falsehood",0.431,LJ_PY,Law & Judgment — Perjury,0.383
PDR1574,*pot-,"1 to bury, cover 2 bush",AV_DI,BP_BD,YES,yes,AV_DI,"Agriculture & Vegetation — to Dig, Delve",0.397,AV_SH,Agriculture & Vegetation — Shovel (n),0.388,BP_BD,Body Parts & Functions — to Bury the Dead,0.383
PDR1575,*pot-,"sapling, twig",AV_TR,AN_SO,YES,yes,AV_TR,Agriculture & Vegetation — Tree (generic),0.430,PW_TR,"Physical World — Tree, Oak",0.376,AV_LE,Agriculture & Vegetation — Leaf,0.370
PDR1576,*pot-,common; friendship,SO_CN,SO_CN,,yes,SO_CN,Social Relations — Common (adj),0.576,SO_CU,"Social Relations — Custom, Usage",0.309,SO_GU,Social Relations — Guest,0.300
PDR1577,*pot-,"to pierce, perforate",PA_CV,FD_KN,YES,yes,PA_CV,Physical Acts & Materials — to Carve,0.498,PA_CU,Physical Acts & Materials — to Cut,0.442,PA_KF,Physical Acts & Materials — Knife (tool),0.441
PDR1578,*pot-,to burn,PW_BU,PW_BU,,,PW_BU,"Physical World — to Burn, Scorch",0.547,FD_RF,"Food & Drink — to Roast, Fry",0.398,PW_FL,Physical World — Flame (n),0.382
PDR1579,*poṭ-,blister,CA_OI,CA_PI,YES,yes,CA_OI,Clothing & Adornment — Ointment,0.320,PA_FS,"Physical Acts & Materials — to Flay, Skin",0.301,BP_SS,Body Parts & Functions — Sick; Sickness,0.281
PDR1580,*poṭ-,"husks, chaff",CA_FL,AN_AD,YES,yes,CA_FL,"Clothing & Adornment — Flax, Linen",0.367,AV_GG,"Agriculture & Vegetation — Grain (generic, British Corn)",0.366,AV_HY,Agriculture & Vegetation — Hay,0.356
PDR1581,*poṭ-,1 to burst 2 to clap,EM_GR,TI_MS,YES,yes,EM_GR,Emotion — to Groan,0.345,EM_LS,"Emotion — to Laugh, Smile",0.336,EM_JG,"Emotion — Glad, Joyful",0.313
PDR1582,*poṭ- (*pavṭ-),belly,BP_BS,BP_BS,,yes,BP_BS,"Body Parts & Functions — Belly, Stomach",0.567,BP_NV,Body Parts & Functions — Navel,0.464,BP_LV,Body Parts & Functions — Liver,0.345
PDR1583,*poṭ- (?),bird,AN_BI,AN_BI,,,AN_BI,Animals — Bird,0.738,AN_CK,"Animals — Cock, Rooster",0.571,AN_DU,Animals — Duck,0.568
PDR1584,*poẓ-,to pour,PA_PO,PA_PO,,yes,PA_PO,Physical Acts & Materials — to Pour,0.691,PA_SO,"Physical Acts & Materials — to Strew, Spread Out",0.417,FD_KD,Food & Drink — to Knead,0.387
PDR1585,*poẓd-,sun,PW_SU,PW_SU,,yes,PW_SU,Physical World — Sun,0.527,TI_MG,Time — Morning,0.444,TI_EV,Time — Evening,0.436
PDR1586,*pō-,to go,MO_GA,MO_GO,YES,yes,MO_GA,"Motion & Transportation — to Depart, Go Away",0.544,MO_GO,Motion & Transportation — to Go,0.496,MO_AR,"Motion & Transportation — to Reach, Arrive",0.401
PDR1587,*pōk-,"wicked, mischievous",RB_DM,AN_DU,YES,yes,RB_DM,"Religion & Beliefs — Demon, Evil Spirit",0.327,EM_BR,"Emotion — Brave, Courageous",0.298,EM_TC,"Emotion — Timid, Cowardly",0.290
PDR1588,*pōk-,ant,AN_IN,AN_EL,YES,yes,AN_IN,Animals — Insect,0.509,AN_BE,Animals — Bee,0.475,AN_AN,Animals — Animal,0.425
PDR1589,*pōl-,to resemble,SR_LS,MT_SE,YES,yes,SR_LS,"Spatial Relations — Like, Similar",0.460,SR_EQ,"Spatial Relations — Equal, Alike",0.420,MT_SE,Mind & Thought — to Seem,0.355
PDR1590,*pōr-,to cover,CA_OV,CA_VE,YES,yes,CA_OV,Clothing & Adornment — Overcoat,0.474,CA_CK,Clothing & Adornment — Cloak,0.469,CA_VE,Clothing & Adornment — Veil,0.437
PDR1591,*pōr-,1 to be angry; to abuse 2 to fight,EM_AG,EM_AG,,yes,EM_AG,Emotion — Anger,0.543,EM_RF,"Emotion — Rage, Fury",0.536,EM_HT,Emotion — Hate (n),0.441
PDR1592,*pōr-,heap,PW_AS,AN_RA,YES,yes,PW_AS,Physical World — Ash(es),0.335,AV_SH,Agriculture & Vegetation — Shovel (n),0.303,AN_BA,Animals — Barrow,0.276
PDR1593,*pōr-,to hatch eggs,BP_EG,BP_EG,,yes,BP_EG,Body Parts & Functions — Egg,0.471,AN_HN,Animals — Hen,0.377,BP_BP,Body Parts & Functions — to Beget (of Father),0.352
PDR1594,*Pōr-,bull,AN_BU,AN_BU,,yes,AN_BU,Animals — Bull,0.626,AN_CF,Animals — Calf,0.434,AN_OX,"Animals — Ox, Steer",0.426
PDR1595,*pōr_-,child,MK_CH,AN_KI,YES,yes,MK_CH,Mankind — Child,0.505,AN_KI,Animals — Kid,0.428,MK_IN,Mankind — Infant,0.402
PDR1596,*pōt-,male (of animals); cock,AN_MA,AN_MA,,yes,AN_MA,Animals — Male Animal,0.742,AN_FE,Animals — Female Animal,0.579,AN_CK,"Animals — Cock, Rooster",0.550
PDR1597,*pōt- (?),flesh,BP_FL,BP_FL,,yes,BP_FL,Body Parts & Functions — Flesh,0.624,PA_FS,"Physical Acts & Materials — to Flay, Skin",0.511,FD_ME,Food & Drink — Meat,0.468
PDR1598,*pōẓ-,"to split, cleave",PA_SP,PA_SP,,yes,PA_SP,Physical Acts & Materials — to Split,0.505,PA_TE,Physical Acts & Materials — to Tear,0.470,PA_CU,Physical Acts & Materials — to Cut,0.438
PDR1599,*pucn-,new,TI_NW,TI_NW,,yes,TI_NW,Time — New,0.481,TI_OL,Time — Old,0.417,TI_YG,Time — Young,0.293
PDR1600,*puḍ-,"to touch, feel",SP_TV,SP_TV,,yes,SP_TV,Sense Perception — to Touch,0.681,SP_FO,Sense Perception — to Feel of,0.594,SP_TC,Sense Perception — Touch (n),0.571
PDR1601,*pud_-,dove,AN_BI,AN_GS,YES,yes,AN_BI,Animals — Bird,0.410,AN_HN,Animals — Hen,0.390,AN_DU,Animals — Duck,0.386
PDR1602,*pul,small,QN_LF,QN_LF,,yes,QN_LF,"Quantity & Number — Few, Little",0.388,SR_SM,"Spatial Relations — Small, Little",0.312,QN_CW,Quantity & Number — Other Collective Words,0.259
PDR1603,*pùl-,tiger,AN_LN,AN_LN,,yes,AN_LN,Animals — Lion,0.476,AN_MA,Animals — Male Animal,0.413,AN_CT,Animals — Cat,0.406
PDR1604,*pul-,dawn; to shine,TI_DW,TI_DW,,yes,TI_DW,Time — Dawn,0.533,TI_MG,Time — Morning,0.402,TI_EV,Time — Evening,0.373
PDR1605,*puḷ-,sour,SP_AC,SP_AC,,yes,SP_AC,"Sense Perception — Sour, Acidic",0.511,EM_HT,Emotion — Hate (n),0.351,EM_BD,Emotion — Bad,0.346
PDR1606,*puḷ-,grey,CA_DY,SP_CO,YES,yes,CA_DY,Clothing & Adornment — to Dye,0.398,SP_YL,Sense Perception — Yellow,0.367,SP_CO,Sense Perception — Color,0.338
PDR1607,*puḷ-,bird,AN_BI,AN_BI,,,AN_BI,Animals — Bird,0.738,AN_CK,"Animals — Cock, Rooster",0.571,AN_DU,Animals — Duck,0.568
PDR1608,*puḷ-,small dry sticks,PA_NA,CA_LO,YES,yes,PA_NA,"Physical Acts & Materials — Nail, Peg",0.328,PW_MT,"Physical World — Match, Fire Stick",0.320,FD_SP,Food & Drink — Spoon,0.313
PDR1609,*Pul-,"brown, yellowish",SP_YL,SP_YL,,yes,SP_YL,Sense Perception — Yellow,0.484,SP_CO,Sense Perception — Color,0.385,SP_BL,Sense Perception — Blue,0.355
PDR1610,*pul- (*-i-),grass,AV_GR,AV_GR,,yes,AV_GR,Agriculture & Vegetation — Grass,0.587,AV_PL,Agriculture & Vegetation — to Plow; Plow,0.474,AV_PN,"Agriculture & Vegetation — Plant, Herb",0.425
PDR1611,*Pul- (*-o-),"to sulk, be jealous",EM_EJ,EM_EJ,,yes,EM_EJ,"Emotion — Envy, Jealousy",0.500,EM_PD,Emotion — Proud,0.376,EM_DE,Emotion — to Desire,0.366
PDR1612,*pUṇ-,1 to join 2 to occur,SR_JU,SR_JU,,yes,SR_JU,"Spatial Relations — to Join, Unite",0.360,SR_CG,"Spatial Relations — to Gather, Collect",0.335,PA_SP,Physical Acts & Materials — to Split,0.319
PDR1613,*pun-,to know,MT_KN,MT_KN,,yes,MT_KN,Mind & Thought — to Know,0.523,MT_WI,Mind & Thought — Wise,0.364,MT_UN,Mind & Thought — to Understand,0.362
PDR1614,*puṇ-[d-],"boil, wound",FD_BO,FD_BO,,yes,FD_BO,Food & Drink — to Boil (trans,0.478,BP_SS,Body Parts & Functions — Sick; Sickness,0.370,CA_OI,Clothing & Adornment — Ointment,0.369
PDR1615,*pUr-,"1 to preserve, protect 2 to revere; gift",PT_PR,PT_PR,,yes,PT_PR,"Possession & Trade — to Save, Preserve, Keep Safe",0.518,PT_KR,"Possession & Trade — to Keep, Retain",0.444,PT_HI,"Possession & Trade — to Harm, Injure, Damage",0.409
PDR1616,*pUraḷ-,"to turn, roll over",MO_RO,MO_RO,,yes,MO_RO,Motion & Transportation — to Roll,0.606,MO_TA,Motion & Transportation — to Turn Around,0.587,MO_TU,Motion & Transportation — to Turn,0.552
PDR1617,*pur-i-,"to curl, twist",CA_SN,PA_RC,YES,yes,CA_SN,Clothing & Adornment — to Spin,0.389,PA_SO,"Physical Acts & Materials — to Strew, Spread Out",0.387,PA_BN,Physical Acts & Materials — to Bend,0.384
PDR1618,*purn-,1 bone 2 skull,BP_SK,BP_SK,,yes,BP_SK,Body Parts & Functions — Skull,0.597,BP_BN,Body Parts & Functions — Bone,0.578,BP_JW,Body Parts & Functions — Jaw,0.437
PDR1619,*puruḍ,childbirth; pollution,BP_WO,MK_IN,YES,yes,BP_WO,Body Parts & Functions — Womb,0.435,BP_PR,Body Parts & Functions — Pregnant,0.431,BP_BM,Body Parts & Functions — to Bear (of Mother),0.424
PDR1620,*pur_-/*per_- (*-d_-),"outside, exterior",DF_DG,TI_WI,YES,yes,DF_DG,"Dwellings & Furniture — Door, Gate",0.361,DF_YR,"Dwellings & Furniture — Yard, Court",0.344,PW_SH,"Physical World — Shore, Beach",0.326
PDR1621,*puS-,to take off,MO_GA,PT_TA,YES,yes,MO_GA,"Motion & Transportation — to Depart, Go Away",0.464,MO_DR,Motion & Transportation — to Drop,0.439,MO_RL,"Motion & Transportation — to Lift, Raise",0.389
PDR1622,*put-[Vr-],to vomit,BP_VO,BP_VO,,,BP_VO,Body Parts & Functions — to Vomit,0.620,BP_SP,Body Parts & Functions — to Spit,0.440,FD_SU,"Food & Drink — to Suck, Suckle",0.438
PDR1623,*put_-,anthill,AV_AC,PW_MH,YES,yes,AV_AC,Agriculture & Vegetation — Acorn,0.378,AV_SH,Agriculture & Vegetation — Shovel (n),0.355,AV_SP,Agriculture & Vegetation — Spade (n),0.335
PDR1624,*puṭ-,to be born,BP_BP,MK_IN,YES,yes,BP_BP,Body Parts & Functions — to Beget (of Father),0.453,MK_IN,Mankind — Infant,0.439,TI_BB,Time — to Begin; Beginning,0.390
PDR1625,*pUṭ-,short,TI_SL,SR_SS,YES,yes,TI_SL,Time — Slow (adj),0.312,QN_LF,"Quantity & Number — Few, Little",0.305,TI_FI,Time — to Finish,0.270
PDR1626,*puṭ-,cloth,CA_CL,CA_CL,,yes,CA_CL,Clothing & Adornment — Cloth,0.699,CA_CD,"Clothing & Adornment — to Clothe, Dress",0.590,CA_TW,Clothing & Adornment — Towel,0.570
PDR1627,*puṭ-i,measure of capacity,QN_FU,QN_EN,YES,yes,QN_FU,Quantity & Number — Full,0.461,QN_MI,Quantity & Number — Miscellaneous,0.454,QN_MO,Quantity & Number — More,0.423
PDR1628,*puẓ-,"worm, insect",AN_WR,AN_WR,,yes,AN_WR,Animals — Worm,0.742,AN_IN,Animals — Insect,0.593,AN_SK,Animals — Snake,0.414
PDR1629,*puẓuŋ-,civet cat,AN_CT,AN_CT,,yes,AN_CT,Animals — Cat,0.548,AN_LN,Animals — Lion,0.362,AN_MO,Animals — Mouse,0.346
PDR1630,*pU[ǯ]-,"to twist, wrap",MO_WW,MO_WW,,yes,MO_WW,"Motion & Transportation — to Wind, Wrap",0.487,CA_SN,Clothing & Adornment — to Spin,0.467,PA_RC,"Physical Acts & Materials — Rope, Cord",0.450
PDR1631,*pū-,flower,AV_FL,AV_FL,,yes,AV_FL,Agriculture & Vegetation — Flower,0.586,AV_PN,"Agriculture & Vegetation — Plant, Herb",0.401,AV_RS,Agriculture & Vegetation — Rose,0.390
PDR1632,*pū-,"to be dry, furred (of tongue)",BP_TG,CA_FU,YES,yes,BP_TG,Body Parts & Functions — Tongue,0.419,FD_SU,"Food & Drink — to Suck, Suckle",0.403,CA_FU,Clothing & Adornment — Fur,0.395
PDR1633,*pū-,spark,PW_FI,PW_FL,YES,yes,PW_FI,Physical World — Fire (n),0.359,PW_MT,"Physical World — Match, Fire Stick",0.357,EM_PA,Emotion — Passion,0.353
PDR1634,*pūc-,1 green 2 yellow,SP_YL,SP_GR,YES,yes,SP_YL,Sense Perception — Yellow,0.535,SP_GR,Sense Perception — Green,0.506,SP_BL,Sense Perception — Blue,0.477
PDR1635,*pū[c]-,"to smear, rub",PA_RU,PA_RU,,yes,PA_RU,Physical Acts & Materials — to Rub,0.577,PA_FS,"Physical Acts & Materials — to Flay, Skin",0.429,PA_WA,Physical Acts & Materials — to Wash,0.415
PDR1636,*pūṇ-,yoke,MO_YO,MO_YO,,yes,MO_YO,Motion & Transportation — Yoke,0.511,CA_SP,Clothing & Adornment — Spindle,0.360,CA_WE,Clothing & Adornment — to Weave,0.357
PDR1637,*pūnǯ-,cock,AN_CK,AN_CK,,yes,AN_CK,"Animals — Cock, Rooster",0.565,AN_MA,Animals — Male Animal,0.391,BP_PE,Body Parts & Functions — Penis,0.387
PDR1638,*pūr-,peacock's tail,BP_FE,AN_BI,YES,yes,BP_FE,Body Parts & Functions — Feather,0.493,BP_TA,Body Parts & Functions — Tail,0.461,CA_CB,Clothing & Adornment — Comb,0.445
PDR1639,*pūr_-,anus,BP_ED,AN_EL,YES,yes,BP_ED,"Body Parts & Functions — to Void Excrement; Dung, Excrement",0.422,BP_UU,Body Parts & Functions — to Urinate; Urine,0.416,BP_NV,Body Parts & Functions — Navel,0.401
PDR1640,*pūs-,beads,CA_NC,CA_NC,,yes,CA_NC,Clothing & Adornment — Necklace,0.607,CA_BR,"Clothing & Adornment — Armband, Bracelet",0.495,CA_JW,"Clothing & Adornment — Gem, Jewel",0.486
PDR1641,*pū[-S-],a k. of tree,AV_TR,PW_TR,YES,yes,AV_TR,Agriculture & Vegetation — Tree (generic),0.564,PW_TR,"Physical World — Tree, Oak",0.500,AV_BE,Agriculture & Vegetation — Beech,0.404
PDR1642,*pū[s]-,to fart,BP_FB,BP_FB,,yes,BP_FB,"Body Parts & Functions — to Fart, Break Wind",0.505,EM_GR,Emotion — to Groan,0.342,FD_SU,"Food & Drink — to Suck, Suckle",0.340
PDR1643,*pūẓ-,to bury,BP_BD,BP_BD,,yes,BP_BD,Body Parts & Functions — to Bury the Dead,0.562,BP_GR,"Body Parts & Functions — Grave, Tomb",0.478,AV_DI,"Agriculture & Vegetation — to Dig, Delve",0.409
PDR1644,*pūẓ-,to boil,FD_BO,FD_BO,,yes,FD_BO,Food & Drink — to Boil (trans,0.747,FD_RF,"Food & Drink — to Roast, Fry",0.545,FD_CO,Food & Drink — to Cook,0.544
PDR1645,*rā- (?),to be possessed,RB_DM,RB_DM,,yes,RB_DM,"Religion & Beliefs — Demon, Evil Spirit",0.475,PT_SG,"Possession & Trade — to Grasp, Seize, Take Hold of",0.460,PT_OP,"Possession & Trade — to Own, Possess",0.432
PDR1646,*rēk- (?),leaf,AV_LE,AV_LE,,yes,AV_LE,Agriculture & Vegetation — Leaf,0.507,AV_PN,"Agriculture & Vegetation — Plant, Herb",0.426,AV_AC,Agriculture & Vegetation — Acorn,0.374
PDR1647,*śab-,rotten,SP_DS,SP_BD,YES,yes,SP_DS,"Sense Perception — Dirty, Soiled",0.373,SP_AC,"Sense Perception — Sour, Acidic",0.366,SP_BD,"Sense Perception — Stinking, Bad Smelling",0.340
PDR1648,*saḍ-,sound,SP_HE,SP_SO,YES,yes,SP_HE,Sense Perception — to Hear,0.531,SP_LD,Sense Perception — Loud,0.528,SP_SO,Sense Perception — Sound (n),0.504
PDR1649,*Sad_-,to tear,PA_TE,PA_TE,,yes,PA_TE,Physical Acts & Materials — to Tear,0.621,EM_TR,Emotion — Tear (n),0.551,EM_CW,"Emotion — to Cry, Weep",0.476
PDR1650,*sad_- (?),road,MO_RA,MO_RA,,yes,MO_RA,Motion & Transportation — Road,0.562,MO_ST,Motion & Transportation — Street,0.490,MO_PA,Motion & Transportation — Path,0.456
PDR1651,*śai-,five,QN_TH,QN_LF,YES,yes,QN_TH,Quantity & Number — Three,0.333,QN_CW,Quantity & Number — Other Collective Words,0.303,QN_ON,Quantity & Number — One,0.297
PDR1652,*sal-,to go,MO_GA,MO_GO,YES,yes,MO_GA,"Motion & Transportation — to Depart, Go Away",0.484,MO_GO,Motion & Transportation — to Go,0.444,TI_CE,Time — to Cease,0.375
PDR1653,*śaḷ-,son-in-law,MK_SL,MK_SL,,yes,MK_SL,Mankind — Son-in-Law,0.676,MK_FL,Mankind — Father-in-Law,0.533,MK_BL,Mankind — Brother-in-Law,0.504
PDR1654,*Sal-,"to sprinkle, scatter",PA_SO,PW_RA,YES,yes,PA_SO,"Physical Acts & Materials — to Strew, Spread Out",0.514,PA_PO,Physical Acts & Materials — to Pour,0.427,PW_DU,"Physical World — Dust, Powder",0.388
PDR1655,*Saḷ-,buttermilk,FD_BT,FD_BT,,yes,FD_BT,Food & Drink — Butter,0.565,FD_MS,Food & Drink — Milk,0.503,FD_MV,Food & Drink — to Milk,0.462
PDR1656,*sal- (?),to stand,SR_ST,WH_SU,YES,yes,SR_ST,Spatial Relations — to Stand,0.542,MO_RI,Motion & Transportation — to Rise,0.411,MO_RL,"Motion & Transportation — to Lift, Raise",0.392
PDR1657,*sam-,"to kill, destroy",PT_DE,BP_KI,YES,yes,PT_DE,Possession & Trade — to Destroy,0.506,BP_KI,Body Parts & Functions — to Kill,0.500,WH_FI,Warfare & Hunting — to Fight,0.481
PDR1658,*Samb-,fish,AN_FI,AN_FI,,yes,AN_FI,Animals — Fish (n),0.579,AN_FM,Animals — Fisherman,0.563,AN_AN,Animals — Animal,0.398
PDR1659,*samVṭ- (?),"hammer, sledge-hammer",PA_HA,PA_HA,,yes,PA_HA,Physical Acts & Materials — Hammer (n),0.499,PA_SH,"Physical Acts & Materials — to Hit, Strike, Beat",0.395,WH_SP,Warfare & Hunting — Spear,0.359
PDR1660,*saṇpag-,campaka tree and its flower,AV_FL,AV_FL,,yes,AV_FL,Agriculture & Vegetation — Flower,0.517,AV_TR,Agriculture & Vegetation — Tree (generic),0.512,AV_PN,"Agriculture & Vegetation — Plant, Herb",0.443
PDR1661,*śaŋk-,armpit; to tickle,BP_EL,CA_BR,YES,yes,BP_EL,Body Parts & Functions — Elbow,0.408,BP_AR,Body Parts & Functions — Arm,0.400,BP_FC,Body Parts & Functions — Front of Chest,0.397
PDR1662,*saŋk- (?),neck,BP_NK,BP_NK,,yes,BP_NK,Body Parts & Functions — Neck,0.644,BP_TR,Body Parts & Functions — Throat,0.524,BP_FO,Body Parts & Functions — Forehead,0.441
PDR1663,*sap-,tasteless,SP_TJ,SP_TO,YES,yes,SP_TJ,Sense Perception — to Taste (subj),0.434,SP_SA,Sense Perception — Salty,0.423,SP_TT,Sense Perception — to Taste (obj),0.421
PDR1664,*sap-,1 to chew 2 to suck,FD_SU,FD_SU,,yes,FD_SU,"Food & Drink — to Suck, Suckle",0.609,BP_BI,Body Parts & Functions — to Bite,0.471,BP_SP,Body Parts & Functions — to Spit,0.470
PDR1665,*śàrac-,snake,AN_SK,AN_SK,,yes,AN_SK,Animals — Snake,0.668,AN_WR,Animals — Worm,0.368,AN_AD,"Animals — Ass, Donkey",0.321
PDR1666,*sarak-,"articles, goods",PT_SS,PT_PF,YES,yes,PT_SS,"Possession & Trade — Store, Shop (n)",0.500,PA_CT,"Physical Acts & Materials — Craft, Trade",0.492,PT_PY,Possession & Trade — Property,0.476
PDR1667,*sar_-,neck,BP_NK,BP_NK,,yes,BP_NK,Body Parts & Functions — Neck,0.663,BP_FO,Body Parts & Functions — Forehead,0.466,BP_HE,Body Parts & Functions — Head,0.453
PDR1668,*sas-,"straight, right, correct",SR_SG,SR_SG,,yes,SR_SG,Spatial Relations — Straight,0.464,LM_LI,Language & Music — Line (n),0.329,EM_RI,Emotion — Right (adj),0.327
PDR1669,*Saṭ-,"shoulder, shoulder-blade; wing",BP_SD,BP_WI,YES,yes,BP_SD,Body Parts & Functions — Shoulder,0.638,BP_FE,Body Parts & Functions — Feather,0.517,BP_WI,Body Parts & Functions — Wing,0.504
PDR1670,*saṭuv-,ladle,FD_SP,FD_ML,YES,yes,FD_SP,Food & Drink — Spoon,0.459,PA_PO,Physical Acts & Materials — to Pour,0.405,FD_PJ,"Food & Drink — Jug, Pitcher",0.399
PDR1671,*śav-,1 to pound (rice) 2 mortar,PA_MO,PA_MO,,yes,PA_MO,Physical Acts & Materials — Mortar,0.470,PA_BC,Physical Acts & Materials — Brick,0.359,FD_BW,Food & Drink — Bowl,0.321
PDR1672,*sav-,ready,TI_RE,TI_RE,,yes,TI_RE,Time — Ready (adj),0.479,TI_SI,"Time — Soon, Immediately",0.317,CA_CD,"Clothing & Adornment — to Clothe, Dress",0.279
PDR1673,*Sav-,taste,SP_TJ,SP_TO,YES,yes,SP_TJ,Sense Perception — to Taste (subj),0.691,SP_TT,Sense Perception — to Taste (obj),0.675,SP_TS,"Sense Perception — Taste (n, obj)",0.653
PDR1674,*Sav- (?),"flesh, meat",FD_ME,FD_ME,,yes,FD_ME,Food & Drink — Meat,0.618,BP_FL,Body Parts & Functions — Flesh,0.552,FD_BU,Food & Drink — Butcher (n),0.534
PDR1675,*Savar-,"to rub in, apply oil",PA_RU,PA_RU,,yes,PA_RU,Physical Acts & Materials — to Rub,0.603,PA_FS,"Physical Acts & Materials — to Flay, Skin",0.413,CA_OI,Clothing & Adornment — Ointment,0.392
PDR1676,*saẓ- (?),breast,BP_BW,BP_BW,,yes,BP_BW,Body Parts & Functions — Breast of Woman,0.613,BP_UA,Body Parts & Functions — Udder of Animals,0.432,BP_FC,Body Parts & Functions — Front of Chest,0.424
PDR1677,*saẓap-,cowdung,AN_CO,AN_CO,,yes,AN_CO,Animals — Cow,0.509,AN_HE,Animals — Herdsman,0.425,AN_OX,"Animals — Ox, Steer",0.423
PDR1678,*śād_-,six,QN_TH,QN_EN,YES,yes,QN_TH,Quantity & Number — Three,0.420,QN_TP,Quantity & Number — Three Apiece,0.394,QN_ON,Quantity & Number — One,0.367
PDR1679,*sāj-,to leave; to cease,MO_GA,TI_CE,YES,yes,MO_GA,"Motion & Transportation — to Depart, Go Away",0.536,TI_CE,Time — to Cease,0.448,MO_FE,Motion & Transportation — to Flee,0.428
PDR1680,*sāj- (*c-),"beauty, light",SP_SH,EM_BF,YES,yes,SP_SH,"Sense Perception — to Shine, Glisten",0.447,CA_JW,"Clothing & Adornment — Gem, Jewel",0.418,CA_VE,Clothing & Adornment — Veil,0.397
PDR1681,*śāk-,hunger,FD_HU,FD_HU,,yes,FD_HU,Food & Drink — Hunger (n),0.663,FD_TH,Food & Drink — Thirst (n),0.538,EM_DE,Emotion — to Desire,0.462
PDR1682,*sāl,furrow,AV_FU,AV_FU,,yes,AV_FU,Agriculture & Vegetation — Furrow (n),0.612,AV_PL,Agriculture & Vegetation — to Plow; Plow,0.423,CA_WE,Clothing & Adornment — to Weave,0.381
PDR1683,*sāl-,to be able; sufficient,EM_DE,QN_EN,YES,yes,EM_DE,Emotion — to Desire,0.380,EM_WW,"Emotion — to Will, Wish",0.359,PT_EA,Possession & Trade — to Earn,0.340
PDR1684,*sānḍ-,menstrual discharge; semen,BP_BW,BP_SI,YES,yes,BP_BW,Body Parts & Functions — Breast of Woman,0.240,MK_FS,Mankind — Female,0.223,CA_SA,Clothing & Adornment — Soap,0.220
PDR1685,*sā(ŋ)k-,"to rear, bring up",MO_RL,MO_AR,YES,yes,MO_RL,"Motion & Transportation — to Lift, Raise",0.403,MO_BG,Motion & Transportation — to Bring,0.368,MO_PS,"Motion & Transportation — to Push, Shove",0.354
PDR1686,*sār- (?),"to be left over, in excess",QN_FU,PT_SP,YES,yes,QN_FU,Quantity & Number — Full,0.357,CA_OV,Clothing & Adornment — Overcoat,0.355,TI_CE,Time — to Cease,0.337
PDR1687,*sār-i,"time, turn",TI_NO,TI_CW,YES,yes,TI_NO,Time — Now,0.568,TI_NW,Time — New,0.549,TI_HH,"Time — to Hurry, Hasten",0.549
PDR1688,*śārp-,thorn,WH_SW,WH_SP,YES,yes,WH_SW,Warfare & Hunting — Sword,0.417,WH_BA,Warfare & Hunting — Battle-Ax,0.354,WH_SP,Warfare & Hunting — Spear,0.344
PDR1689,*sā̆r_ŋ-,sāl tree,AV_TR,AV_TR,,yes,AV_TR,Agriculture & Vegetation — Tree (generic),0.437,PW_TR,"Physical World — Tree, Oak",0.360,AV_BE,Agriculture & Vegetation — Beech,0.323
PDR1690,*seḍ-,"rotten, stinking",SP_BD,SP_BD,,yes,SP_BD,"Sense Perception — Stinking, Bad Smelling",0.498,SP_DS,"Sense Perception — Dirty, Soiled",0.470,SP_GS,"Sense Perception — Fragrant, Good Smelling",0.380
PDR1691,*Sei(p)-,1 broom 2 to sweep,PA_SW,PA_BM,YES,yes,PA_SW,Physical Acts & Materials — to Sweep,0.472,PA_BM,Physical Acts & Materials — Broom,0.427,AV_PL,Agriculture & Vegetation — to Plow; Plow,0.381
PDR1692,*Sek- (?),near,SR_NE,SR_NE,,yes,SR_NE,Spatial Relations — Near (adj),0.628,SR_FR,Spatial Relations — Far (adj),0.402,SR_LS,"Spatial Relations — Like, Similar",0.361
PDR1693,*sel- (*c-),"to split, crack",PA_TE,PA_SP,YES,yes,PA_TE,Physical Acts & Materials — to Tear,0.471,PA_BK,Physical Acts & Materials — to Break,0.447,PA_SP,Physical Acts & Materials — to Split,0.442
PDR1694,*Sen-,"to smell, stink",SP_BD,SP_BD,,yes,SP_BD,"Sense Perception — Stinking, Bad Smelling",0.546,SP_VS,Sense Perception — to Smell (subj),0.513,SP_VO,Sense Perception — to Smell (obj),0.512
PDR1695,*Send-,cloth,CA_CL,CA_CL,,,CA_CL,Clothing & Adornment — Cloth,0.770,CA_TW,Clothing & Adornment — Towel,0.671,CA_CO,Clothing & Adornment — Cotton,0.656
PDR1696,*śer_n-,"ear (of corn, paddy)",AV_GG,BP_EA,YES,yes,AV_GG,"Agriculture & Vegetation — Grain (generic, British Corn)",0.499,AV_MA,"Agriculture & Vegetation — Maize, Corn",0.467,BP_EA,Body Parts & Functions — Ear,0.453
PDR1697,*śēd-,porcupine,AN_BU,AN_SW,YES,yes,AN_BU,Animals — Bull,0.389,AN_BO,Animals — Boar,0.384,AN_DU,Animals — Duck,0.381
PDR1698,*sēn-,frost,PW_IC,PW_IC,,yes,PW_IC,"Physical World — Ice, Frost",0.603,PW_SN,Physical World — Snow (n),0.500,TI_WI,Time — Winter,0.497
PDR1699,*sēn- (?),many,QN_MM,QN_MM,,yes,QN_MM,"Quantity & Number — Much, Many",0.559,QN_EN,Quantity & Number — Enough,0.404,QN_LF,"Quantity & Number — Few, Little",0.362
PDR1700,*Sēnd-,"to draw out, remove",PA_DP,BP_SH,YES,yes,PA_DP,"Physical Acts & Materials — to Draw, Pull",0.512,PA_SO,"Physical Acts & Materials — to Strew, Spread Out",0.389,PA_SW,Physical Acts & Materials — to Sweep,0.387
PDR1701,*śē(ŋ)k-,to breathe heavily; asthma,BP_BB,BP_BB,,yes,BP_BB,Body Parts & Functions — to Breathe; Breath,0.418,BP_FB,"Body Parts & Functions — to Fart, Break Wind",0.404,BP_CO,Body Parts & Functions — to Cough,0.390
PDR1702,*śēr-,plough,AV_PL,AV_PL,,yes,AV_PL,Agriculture & Vegetation — to Plow; Plow,0.656,AV_SH,Agriculture & Vegetation — Shovel (n),0.482,AV_MR,"Agriculture & Vegetation — to Mow, Reap",0.450
PDR1703,*sēr-,"1 to join, unite 2 to go",SO_ME,SR_JU,YES,yes,SO_ME,Social Relations — to Meet,0.363,MK_MR,"Mankind — to Wed, Marry",0.338,SR_CG,"Spatial Relations — to Gather, Collect",0.337
PDR1704,*śēr- (*-d_-),husband's brother's wife,MK_BL,MK_BL,,yes,MK_BL,Mankind — Brother-in-Law,0.549,MK_SL,Mankind — Son-in-Law,0.549,MK_SW,Mankind — Sister-in-Law,0.532
PDR1705,*sēr- (?),"neck, shoulder",BP_NK,BP_NK,,yes,BP_NK,Body Parts & Functions — Neck,0.656,BP_SD,Body Parts & Functions — Shoulder,0.572,BP_BA,Body Parts & Functions — Back,0.509
PDR1706,*śig-,"1 to sprout, shoot 2 young leaf",AV_SS,AV_LE,YES,yes,AV_SS,Agriculture & Vegetation — to Sow; Seed,0.419,AV_LE,Agriculture & Vegetation — Leaf,0.389,AV_VI,Agriculture & Vegetation — Vine,0.339
PDR1707,*sigg-,shame,EM_SH,EM_SH,,yes,EM_SH,Emotion — Shame (n),0.500,EM_PD,Emotion — Proud,0.322,EM_PT,Emotion — Pity (n),0.310
PDR1708,*śil-,not to be,TI_CE,TI_NV,YES,yes,TI_CE,Time — to Cease,0.239,MK_SO,Mankind — Son,0.221,MK_MA,Mankind — Man,0.209
PDR1709,*Sil-,to peel off,PA_FS,BP_SH,YES,yes,PA_FS,"Physical Acts & Materials — to Flay, Skin",0.447,BP_SH,"Body Parts & Functions — Skin, Hide",0.355,PA_TE,Physical Acts & Materials — to Tear,0.354
PDR1710,*Siḷ-p-,chip of wood,PW_WD,PW_WD,,yes,PW_WD,"Physical World — Wood, Timber",0.418,PA_CU,Physical Acts & Materials — to Cut,0.360,PA_CV,Physical Acts & Materials — to Carve,0.347
PDR1711,*śim-,"to wink, eyelid",BP_YG,EM_LS,YES,yes,BP_YG,"Body Parts & Functions — to Gape, Yawn",0.458,BP_EB,Body Parts & Functions — Eyebrow,0.452,BP_EY,Body Parts & Functions — Eye,0.437
PDR1712,*sint-,tamarind tree,AV_TR,AV_TR,,yes,AV_TR,Agriculture & Vegetation — Tree (generic),0.529,PW_TR,"Physical World — Tree, Oak",0.428,AV_BE,Agriculture & Vegetation — Beech,0.395
PDR1713,*śip-,shell,FD_DI,AN_PI,YES,yes,FD_DI,Food & Drink — Dish,0.296,FD_NT,Food & Drink — Nut,0.273,AN_CN,Animals — Capon,0.268
PDR1714,*śir-,1 black 2 charcoal 3 night,TI_NG,TI_NG,,yes,TI_NG,Time — Night,0.444,SP_DC,Sense Perception — Dark in Color,0.404,SP_BK,Sense Perception — Black,0.371
PDR1715,*siv-aŋ-,a k. of predator,AN_LN,AN_SK,YES,yes,AN_LN,Animals — Lion,0.371,AN_AN,Animals — Animal,0.367,AN_WO,Animals — Wolf,0.366
PDR1716,*siẓ- (?),"yellow, saffron",SP_YL,SP_YL,,yes,SP_YL,Sense Perception — Yellow,0.492,SP_RD,Sense Perception — Red,0.371,SP_CO,Sense Perception — Color,0.360
PDR1717,*sī-,a k. of small tree or shrub with nuts,AV_TR,AV_TR,,yes,AV_TR,Agriculture & Vegetation — Tree (generic),0.486,FD_NT,Food & Drink — Nut,0.394,AV_FI,Agriculture & Vegetation — Fir,0.388
PDR1718,*śī-,to give,PT_GI,PT_GI,,yes,PT_GI,Possession & Trade — to Give,0.588,PT_LD,Possession & Trade — to Lend,0.488,PT_GB,"Possession & Trade — to Return, Give Back",0.478
PDR1719,*sīk- (??),green,SP_GR,SP_GR,,yes,SP_GR,Sense Perception — Green,0.551,SP_YL,Sense Perception — Yellow,0.461,SP_RD,Sense Perception — Red,0.441
PDR1720,*sīp-,upper belly,BP_NV,BP_BS,YES,yes,BP_NV,Body Parts & Functions — Navel,0.561,BP_BS,"Body Parts & Functions — Belly, Stomach",0.547,BP_FC,Body Parts & Functions — Front of Chest,0.542
PDR1721,*śīr-,a k. of rat,AN_MO,AN_MO,,yes,AN_MO,Animals — Mouse,0.442,AN_SK,Animals — Snake,0.338,AN_WR,Animals — Worm,0.333
PDR1722,*śīr,nit,CA_CB,TI_NG,YES,yes,CA_CB,Clothing & Adornment — Comb,0.281,CA_RA,Clothing & Adornment — Razor,0.280,BP_HA,Body Parts & Functions — Hair,0.243
PDR1723,*sīr- (*ś-),root,AV_RO,AV_RO,,,AV_RO,Agriculture & Vegetation — Root,0.420,AV_TR,Agriculture & Vegetation — Tree (generic),0.248,MK_SM,Mankind — Stepmother,0.232
PDR1724,*Sīr-[ēk-],chironji tree,AV_TR,PW_TR,YES,yes,AV_TR,Agriculture & Vegetation — Tree (generic),0.473,PW_TR,"Physical World — Tree, Oak",0.379,AV_BE,Agriculture & Vegetation — Beech,0.324
PDR1725,*sjēr[_]-,handful,QN_LF,QN_LF,,yes,QN_LF,"Quantity & Number — Few, Little",0.406,QN_EN,Quantity & Number — Enough,0.392,QN_MC,"Quantity & Number — Crowd, Multitude",0.377
PDR1726,*sog-,beauty,EM_BF,EM_BF,,yes,EM_BF,Emotion — Beautiful,0.378,CA_JW,"Clothing & Adornment — Gem, Jewel",0.372,CA_MR,Clothing & Adornment — Mirror,0.352
PDR1727,*śoj-,porcupine,AN_HN,AN_SW,YES,yes,AN_HN,Animals — Hen,0.423,AN_CK,"Animals — Cock, Rooster",0.421,AN_DU,Animals — Duck,0.410
PDR1728,*s(́)ojd-,ant,AN_IN,AN_EL,YES,yes,AN_IN,Animals — Insect,0.436,AN_BE,Animals — Bee,0.400,AN_AN,Animals — Animal,0.373
PDR1729,*so-k-,to climb,MO_RI,MO_RL,YES,yes,MO_RI,Motion & Transportation — to Rise,0.486,MO_RL,"Motion & Transportation — to Lift, Raise",0.440,MO_JL,"Motion & Transportation — to Jump, Leap",0.412
PDR1730,*śol-,fireplace,DF_FP,DF_FP,,yes,DF_FP,"Dwellings & Furniture — Hearth, Fireplace",0.645,DF_CH,Dwellings & Furniture — Chimney,0.594,DF_ST,Dwellings & Furniture — Stove,0.546
PDR1731,*Sol-,mouth (pointed),BP_MO,BP_MO,,yes,BP_MO,Body Parts & Functions — Mouth,0.551,BP_TG,Body Parts & Functions — Tongue,0.481,BP_SP,Body Parts & Functions — to Spit,0.467
PDR1732,*sol-,"to peel, strip (bark)",PA_CU,PA_RU,YES,yes,PA_CU,Physical Acts & Materials — to Cut,0.382,PA_FS,"Physical Acts & Materials — to Flay, Skin",0.369,PA_TE,Physical Acts & Materials — to Tear,0.363
PDR1733,*Soṭ-,"defect, fault",PA_BK,EM_FA,YES,yes,PA_BK,Physical Acts & Materials — to Break,0.382,PA_TE,Physical Acts & Materials — to Tear,0.367,EM_FA,"Emotion — Fault, Guilt",0.344
PDR1734,*śovar,salt,FD_SL,FD_SL,,yes,FD_SL,Food & Drink — Salt,0.617,SP_SA,Sense Perception — Salty,0.492,FD_PP,Food & Drink — Pepper,0.338
PDR1735,*śō-,to get out; to drive away,MO_GA,MO_FE,YES,yes,MO_GA,"Motion & Transportation — to Depart, Go Away",0.494,MO_FE,Motion & Transportation — to Flee,0.463,MO_EN,Motion & Transportation — to Enter,0.359
PDR1736,*sōk-,to be possessed; devil,PT_SG,RB_DE,YES,yes,PT_SG,"Possession & Trade — to Grasp, Seize, Take Hold of",0.468,RB_DM,"Religion & Beliefs — Demon, Evil Spirit",0.463,PT_HI,"Possession & Trade — to Harm, Injure, Damage",0.450
PDR1737,*sōl-,"loose, slack; to faint",PA_SO,BP_YG,YES,yes,PA_SO,"Physical Acts & Materials — to Strew, Spread Out",0.411,CA_BG,"Clothing & Adornment — Belt, Girdle",0.389,PA_RC,"Physical Acts & Materials — Rope, Cord",0.385
PDR1738,*sōn-,"rain, drizzle, rainclouds",PW_RA,PW_RA,,yes,PW_RA,Physical World — Rain (n),0.674,PW_MI,"Physical World — Mist, Fog, Haze",0.555,PW_WE,Physical World — Weather,0.507
PDR1739,*sōr-,mountain,PW_MH,PW_MH,,yes,PW_MH,"Physical World — Hill, Mountain",0.632,AN_BA,Animals — Barrow,0.326,AN_MR,Animals — Mare,0.324
PDR1740,*Suj-,breath,BP_BB,BP_BB,,yes,BP_BB,Body Parts & Functions — to Breathe; Breath,0.528,FD_SU,"Food & Drink — to Suck, Suckle",0.400,EM_LO,Emotion — to Love; Love,0.399
PDR1741,*śup-,salt,FD_SL,FD_SL,,yes,FD_SL,Food & Drink — Salt,0.610,SP_SA,Sense Perception — Salty,0.442,FD_PP,Food & Drink — Pepper,0.389
PDR1742,*sur_-,whirlwind,PW_WI,PW_WI,,yes,PW_WI,"Physical World — Wind, Breeze",0.408,MO_WW,"Motion & Transportation — to Wind, Wrap",0.407,MO_BL,Motion & Transportation — to Blow,0.351
PDR1743,*sut-,hammer,PA_HA,PA_HA,,yes,PA_HA,Physical Acts & Materials — Hammer (n),0.479,PA_SH,"Physical Acts & Materials — to Hit, Strike, Beat",0.381,PA_KF,Physical Acts & Materials — Knife (tool),0.356
PDR1744,*śut-[Vk]-,to wash,PA_WA,PA_WA,,yes,PA_WA,Physical Acts & Materials — to Wash,0.595,CA_TW,Clothing & Adornment — Towel,0.428,CA_SA,Clothing & Adornment — Soap,0.407
PDR1745,*sūd_-,stale,TI_OL,TI_OL,,yes,TI_OL,Time — Old,0.333,FD_BD,Food & Drink — Bread,0.324,SP_SA,Sense Perception — Salty,0.322
PDR1746,*sūr_-ai (*-d_-),"plunder, robbery",PT_RR,PT_RR,,yes,PT_RR,Possession & Trade — to Rob; Robber,0.634,PT_ST,Possession & Trade — to Steal,0.570,PT_TH,Possession & Trade — Thief,0.542
PDR1747,*sūṭ-,to show; to point at,SP_SW,SP_SW,,yes,SP_SW,Sense Perception — to Show,0.416,SP_SE,Sense Perception — to See,0.356,EM_PD,Emotion — Proud,0.341
PDR1748,*sū̆ṭ-,"intelligent, methodical",MT_WI,MT_IR,YES,yes,MT_WI,Mind & Thought — Wise,0.456,MT_IR,"Mind & Thought — Reason, Intelligence",0.411,MK_HB,Mankind — Human Being,0.356
PDR1749,*ta-,to bring; to give to 1st/2nd p.,MO_BG,PT_GI,YES,yes,MO_BG,Motion & Transportation — to Bring,0.563,PT_GI,Possession & Trade — to Give,0.474,PT_GB,"Possession & Trade — to Return, Give Back",0.450
PDR1750,*tabb-,to grope,EM_DE,TI_SP,YES,yes,EM_DE,Emotion — to Desire,0.455,EM_PL,Emotion — to Please,0.439,EM_KS,Emotion — to Kiss,0.399
PDR1751,*taḍap-,"strip of cloth, waistcloth",CA_CL,CA_CL,,yes,CA_CL,Clothing & Adornment — Cloth,0.610,CA_HF,Clothing & Adornment — Handkerchief,0.593,CA_BG,"Clothing & Adornment — Belt, Girdle",0.573
PDR1752,*taḍ-av-,"to grope, feel",SP_TV,EM_EF,YES,yes,SP_TV,Sense Perception — to Touch,0.519,SP_FO,Sense Perception — to Feel of,0.483,EM_DE,Emotion — to Desire,0.473
PDR1753,*tag-,"proper, suitable; to fit",CA_TA,CA_TA,,yes,CA_TA,"Clothing & Adornment — Tailor, Seamstress",0.351,CA_CD,"Clothing & Adornment — to Clothe, Dress",0.339,CA_SE,Clothing & Adornment — to Sew,0.333
PDR1754,*tagar-,ram,AN_RA,AN_RA,,yes,AN_RA,Animals — Ram,0.490,AN_BU,Animals — Bull,0.270,AN_DU,Animals — Duck,0.234
PDR1755,*tagar- (?),tin,PA_TT,PA_TT,,yes,PA_TT,"Physical Acts & Materials — Tin, Tin-Plate",0.555,PA_CO,"Physical Acts & Materials — Copper, Bronze",0.343,PA_CM,Physical Acts & Materials — to Cast (metals),0.326
PDR1756,*taK-,to touch,SP_TV,SP_TV,,yes,SP_TV,Sense Perception — to Touch,0.598,PA_RU,Physical Acts & Materials — to Rub,0.526,SP_TC,Sense Perception — Touch (n),0.509
PDR1757,*tàl-,head,BP_HE,BP_HE,,yes,BP_HE,Body Parts & Functions — Head,0.578,BP_FO,Body Parts & Functions — Forehead,0.522,BP_SK,Body Parts & Functions — Skull,0.499
PDR1758,*taḷ-,"mother, female",MK_MO,MK_FS,YES,yes,MK_MO,Mankind — Mother,0.547,MK_ML,Mankind — Mother-in-Law,0.487,BP_BM,Body Parts & Functions — to Bear (of Mother),0.442
PDR1759,*taḷ-,"to bind, chain",PA_BI,PA_BI,,yes,PA_BI,Physical Acts & Materials — to Bind,0.494,PA_RC,"Physical Acts & Materials — Rope, Cord",0.463,CA_WE,Clothing & Adornment — to Weave,0.365
PDR1760,*taḷ-,"to push off, remove",MO_PS,MO_PS,,,MO_PS,"Motion & Transportation — to Push, Shove",0.474,PA_PR,Physical Acts & Materials — to Press,0.361,MO_GA,"Motion & Transportation — to Depart, Go Away",0.349
PDR1761,*taḷ-,"to bloom, sprout",AV_FL,AV_SS,YES,yes,AV_FL,Agriculture & Vegetation — Flower,0.482,AV_SS,Agriculture & Vegetation — to Sow; Seed,0.460,AV_RS,Agriculture & Vegetation — Rose,0.409
PDR1762,*tal-,"agitation, commotion",EM_AG,SO_SQ,YES,yes,EM_AG,Emotion — Anger,0.509,EM_RF,"Emotion — Rage, Fury",0.500,EM_PA,Emotion — Passion,0.480
PDR1763,*taḷ-,"to move, shake, stagger",MO_SH,MO_SH,,,MO_SH,Motion & Transportation — to Shake,0.668,MO_RL,"Motion & Transportation — to Lift, Raise",0.522,MO_DA,Motion & Transportation — to Dance,0.512
PDR1764,"*taḷ-, *taḷtaḷ-","to shine, shining, glitter",SP_SH,EM_GL,YES,yes,SP_SH,"Sense Perception — to Shine, Glisten",0.511,CA_JW,"Clothing & Adornment — Gem, Jewel",0.506,CA_CD,"Clothing & Adornment — to Clothe, Dress",0.381
PDR1765,*t-amp-,younger brother,MK_NE,MK_BS,YES,yes,MK_NE,Mankind — Nephew,0.436,MK_BL,Mankind — Brother-in-Law,0.430,MK_BS,Mankind — Sibling(s),0.428
PDR1766,*taṇ-,to kick,PA_SH,WH_FI,YES,yes,PA_SH,"Physical Acts & Materials — to Hit, Strike, Beat",0.363,MO_JL,"Motion & Transportation — to Jump, Leap",0.313,MO_PS,"Motion & Transportation — to Push, Shove",0.310
PDR1767,*taṇ-,1 cold 2 satisfied,SP_CD,QN_ON,YES,yes,SP_CD,"Sense Perception — Cold, Frigid",0.470,SP_HW,"Sense Perception — Hot, Warm",0.421,EM_JG,"Emotion — Glad, Joyful",0.380
PDR1768,*taṇ-,"rich, abundant",PT_WR,PT_RC,YES,yes,PT_WR,"Possession & Trade — Wealth, Riches",0.479,PT_RC,Possession & Trade — Rich,0.460,PT_PO,Possession & Trade — Poor,0.381
PDR1769,*tanḍ-,to obstruct; obstruction,SO_HP,SR_HC,YES,yes,SO_HP,"Social Relations — to Hinder, Prevent",0.409,TI_DE,Time — to Delay,0.356,SR_HC,"Spatial Relations — to Hide, Conceal",0.339
PDR1770,*tanḍ-,"mass, herd; troops",AN_HE,WH_AR,YES,yes,AN_HE,Animals — Herdsman,0.438,QN_MC,"Quantity & Number — Crowd, Multitude",0.437,QN_CW,Quantity & Number — Other Collective Words,0.374
PDR1771,*tanḍ-,to collect,PT_PU,PT_GO,YES,,PT_PU,Possession & Trade — Purse,0.486,PT_SE,Possession & Trade — to Seek,0.478,PT_EA,Possession & Trade — to Earn,0.464
PDR1772,*t-and_-,father,MK_FA,MK_FA,,yes,MK_FA,Mankind — Father,0.558,MK_FL,Mankind — Father-in-Law,0.480,MK_SF,Mankind — Stepfather,0.479
PDR1773,*taṇk- (?),liver,BP_LV,BP_LV,,yes,BP_LV,Body Parts & Functions — Liver,0.657,BP_RI,Body Parts & Functions — Rib,0.444,BP_NV,Body Parts & Functions — Navel,0.399
PDR1774,*taŋ-/*tak-,to remain; to stay,SR_RM,PT_KR,YES,yes,SR_RM,"Spatial Relations — to Stay, Wait, Remain",0.448,TI_CE,Time — to Cease,0.438,EM_FL,Emotion — Faithful,0.429
PDR1775,*tap-,to make mistakes,EM_ME,MT_IP,YES,yes,EM_ME,"Emotion — Error, Mistake",0.458,EM_RR,"Emotion — to Regret, Repent",0.382,EM_DC,Emotion — Deceit,0.347
PDR1776,*tap-,to strike,PA_SH,PA_SH,,yes,PA_SH,"Physical Acts & Materials — to Hit, Strike, Beat",0.488,EM_RF,"Emotion — Rage, Fury",0.298,PA_CV,Physical Acts & Materials — to Carve,0.293
PDR1777,*TaP-,"sound of falling; quickly, in a moment",MO_FA,MO_FA,,yes,MO_FA,Motion & Transportation — to Fall,0.468,MO_DR,Motion & Transportation — to Drop,0.412,EM_GR,Emotion — to Groan,0.361
PDR1778,*tap-,to put,SR_PU,SR_PU,,,SR_PU,"Spatial Relations — to Put, Place, Set, Lay",0.427,TI_FI,Time — to Finish,0.348,MT_RM,Mind & Thought — to Remember,0.342
PDR1779,*taR-,"to diminish, decrease; fee",TI_CE,LJ_CN,YES,yes,TI_CE,Time — to Cease,0.310,QN_LF,"Quantity & Number — Few, Little",0.270,PA_SR,Physical Acts & Materials — to Stretch,0.269
PDR1780,*tar_-,bald,BP_HA,BP_HA,,yes,BP_HA,Body Parts & Functions — Hair,0.384,BP_BE,Body Parts & Functions — Beard,0.338,CA_HC,"Clothing & Adornment — Hat, Cap",0.338
PDR1781,*tar_- (*-d_-),"to join, tuck in, fasten; appropriate, opportune",CA_SE,TI_HH,YES,yes,CA_SE,Clothing & Adornment — to Sew,0.501,CA_WE,Clothing & Adornment — to Weave,0.500,CA_CD,"Clothing & Adornment — to Clothe, Dress",0.492
PDR1782,*tar_e-,to cut,PA_CU,PA_CU,,yes,PA_CU,Physical Acts & Materials — to Cut,0.588,PA_SS,"Physical Acts & Materials — Shears, Scissors",0.462,FD_KN,Food & Drink — Knife,0.428
PDR1783,*taṬ-,"to knock, slap",PA_SH,PA_SH,,yes,PA_SH,"Physical Acts & Materials — to Hit, Strike, Beat",0.569,PA_RU,Physical Acts & Materials — to Rub,0.401,PA_HA,Physical Acts & Materials — Hammer (n),0.363
PDR1784,*taṬ-,"door, mat door",DF_DG,DF_DG,,yes,DF_DG,"Dwellings & Furniture — Door, Gate",0.621,DF_FL,Dwellings & Furniture — Floor,0.474,DF_RO,Dwellings & Furniture — Room,0.451
PDR1785,*taṭ-,"flat; wide basket, plate",SR_FL,FD_PL,YES,yes,SR_FL,Spatial Relations — Flat,0.501,FD_BW,Food & Drink — Bowl,0.338,FD_PL,Food & Drink — Plate,0.307
PDR1786,*taṭ- (?),tongue,BP_TG,BP_TG,,,BP_TG,Body Parts & Functions — Tongue,0.668,BP_LC,Body Parts & Functions — to Lick,0.523,BP_LI,Body Parts & Functions — Lip,0.504
PDR1787,*tav-,"much, abundantly",QN_MM,QN_MM,,yes,QN_MM,"Quantity & Number — Much, Many",0.396,EM_JG,"Emotion — Glad, Joyful",0.358,EM_PD,Emotion — Proud,0.349
PDR1788,*tav- (?),1 to destroy 2 to die,PT_DE,BP_KI,YES,yes,PT_DE,Possession & Trade — to Destroy,0.376,BP_DD,Body Parts & Functions — to Die; Dead; Death,0.374,BP_KI,Body Parts & Functions — to Kill,0.360
PDR1789,*taviḍ-,"bran, chaff",CA_FL,AN_BA,YES,yes,CA_FL,"Clothing & Adornment — Flax, Linen",0.402,CA_WO,Clothing & Adornment — Wool,0.360,CA_SI,Clothing & Adornment — Silk,0.351
PDR1790,*tav-iẓ- / *tiv-aẓ-,"to creep, crawl",MO_CC,MO_CC,,yes,MO_CC,"Motion & Transportation — to Creep, Crawl",0.674,MO_SS,"Motion & Transportation — to Slip, Slide",0.433,MO_PS,"Motion & Transportation — to Push, Shove",0.369
PDR1791,*taẓ-,to burn; to glow (of embers),PW_BU,PW_BU,,yes,PW_BU,"Physical World — to Burn, Scorch",0.521,PW_FI,Physical World — Fire (n),0.444,PW_FL,Physical World — Flame (n),0.442
PDR1792,*taẓ-,to embrace,EM_KS,EM_LO,YES,yes,EM_KS,Emotion — to Kiss,0.508,EM_LO,Emotion — to Love; Love,0.487,EM_DE,Emotion — to Desire,0.450
PDR1793,*taẓVv-,to dig,AV_DI,AV_DI,,yes,AV_DI,"Agriculture & Vegetation — to Dig, Delve",0.560,AV_SH,Agriculture & Vegetation — Shovel (n),0.420,AV_PL,Agriculture & Vegetation — to Plow; Plow,0.364
PDR1794,*tāk-,to walk,MO_WA,MO_WA,,yes,MO_WA,Motion & Transportation — to Walk,0.597,MO_RU,Motion & Transportation — to Run,0.460,MO_CA,"Motion & Transportation — to Bear, Carry",0.425
PDR1795,*tāk-,to touch; to hit,SP_TV,SP_TV,,yes,SP_TV,Sense Perception — to Touch,0.629,PA_RU,Physical Acts & Materials — to Rub,0.541,SP_TC,Sense Perception — Touch (n),0.538
PDR1796,*tāk- (?),wind,PW_WI,PW_WI,,yes,PW_WI,"Physical World — Wind, Breeze",0.650,MO_WW,"Motion & Transportation — to Wind, Wrap",0.497,MO_BL,Motion & Transportation — to Blow,0.494
PDR1797,*tāḷ-,to bear; to suffer; patience,AN_BR,AN_BR,,yes,AN_BR,Animals — Bear,0.506,MO_CA,"Motion & Transportation — to Bear, Carry",0.469,BP_BM,Body Parts & Functions — to Bear (of Mother),0.457
PDR1798,*tāḷ-,"to season, seasoning",FD_CO,TI_SN,YES,yes,FD_CO,Food & Drink — to Cook,0.519,FD_RF,"Food & Drink — to Roast, Fry",0.513,FD_KD,Food & Drink — to Knead,0.455
PDR1799,*tāḷ-,"leg, foot, stem",BP_LE,BP_FT,YES,,BP_LE,Body Parts & Functions — Leg,0.709,BP_FT,Body Parts & Functions — Foot,0.677,BP_TE,Body Parts & Functions — Toe,0.610
PDR1800,*tām,"they, themselves",MK_MA,MK_FM,YES,yes,MK_MA,Mankind — Man,0.279,SO_SU,Social Relations — Subject (n),0.277,AN_AN,Animals — Animal,0.277
PDR1801,*tāmar-,lotus,AV_FL,FD_BY,YES,yes,AV_FL,Agriculture & Vegetation — Flower,0.372,AV_PN,"Agriculture & Vegetation — Plant, Herb",0.344,CA_SI,Clothing & Adornment — Silk,0.321
PDR1802,*tān,"he, himself",MK_HB,MK_HU,YES,yes,MK_HB,Mankind — Human Being,0.324,MK_MS,Mankind — Male,0.315,MK_MA,Mankind — Man,0.306
PDR1803,*tā̆nḍ-,a k. of pot,FD_PO,FD_PO,,yes,FD_PO,Food & Drink — Pot,0.550,FD_BO,Food & Drink — to Boil (trans,0.412,FD_RF,"Food & Drink — to Roast, Fry",0.363
PDR1804,*tānd_-,belleric myrobalan,AN_SN,AN_SN,,yes,AN_SN,Animals — Stallion,0.266,AN_MR,Animals — Mare,0.254,FD_PR,Food & Drink — Pear,0.252
PDR1805,*tār_- (*-d_-),"thin, dried",SR_NS,CA_CO,YES,yes,SR_NS,Spatial Relations — Thin (in Density),0.410,SR_ND,Spatial Relations — Thin (in Dimension),0.343,SP_DR,"Sense Perception — Dry, Arid",0.343
PDR1806,*tār_-g-,to gorge,FD_SU,MO_FL,YES,yes,FD_SU,"Food & Drink — to Suck, Suckle",0.509,FD_EA,Food & Drink — to Eat,0.482,FD_CO,Food & Drink — to Cook,0.464
PDR1807,*tāt-,(grand)father,MK_FL,MK_FL,,yes,MK_FL,Mankind — Father-in-Law,0.534,MK_GF,Mankind — Grandfather,0.529,MK_SF,Mankind — Stepfather,0.487
PDR1808,*tāṭ-,bark,AN_DO,AN_DO,,yes,AN_DO,Animals — Dog,0.426,AN_WO,Animals — Wolf,0.403,AN_MA,Animals — Male Animal,0.373
PDR1809,*tāv-,"to jump, leap",MO_JL,MO_JL,,yes,MO_JL,"Motion & Transportation — to Jump, Leap",0.722,MO_DA,Motion & Transportation — to Dance,0.405,MO_RL,"Motion & Transportation — to Lift, Raise",0.387
PDR1810,*tāẓ-,toddy palm,CA_GL,CA_GL,,yes,CA_GL,Clothing & Adornment — Glove,0.354,BP_TM,Body Parts & Functions — Thumb,0.300,CA_HF,Clothing & Adornment — Handkerchief,0.264
PDR1811,*tāẓ-,earring,CA_FR,BP_EA,YES,yes,CA_FR,Clothing & Adornment — Finger Ring,0.521,CA_NC,Clothing & Adornment — Necklace,0.495,CA_PI,"Clothing & Adornment — Pin, Brooch",0.438
PDR1812,*tāẓ-,to fall low; to lower,MO_FA,MO_FA,,yes,MO_FA,Motion & Transportation — to Fall,0.451,MO_SI,Motion & Transportation — to Sink,0.451,MO_DR,Motion & Transportation — to Drop,0.442
PDR1813,*tāẓ-,"bolt, bar, lock; key",DF_LO,DF_LO,,yes,DF_LO,Dwellings & Furniture — Lock (n),0.484,MO_AN,Motion & Transportation — Anchor (n),0.375,PA_NA,"Physical Acts & Materials — Nail, Peg",0.365
PDR1814,*tā̆ǯ- (?),to wipe,PA_WA,PA_WA,,yes,PA_WA,Physical Acts & Materials — to Wash,0.461,PA_SW,Physical Acts & Materials — to Sweep,0.396,BP_ED,"Body Parts & Functions — to Void Excrement; Dung, Excrement",0.331
PDR1815,*ted_-,"to pay, return",PT_OW,PT_GB,YES,yes,PT_OW,Possession & Trade — to Owe,0.478,PT_PA,Possession & Trade — to Pay,0.452,PT_GB,"Possession & Trade — to Return, Give Back",0.449
PDR1816,*ted_-a-,to open,SR_OP,SR_OP,,yes,SR_OP,Spatial Relations — to Open,0.395,DF_DG,"Dwellings & Furniture — Door, Gate",0.392,SR_SH,"Spatial Relations — to Shut, Close",0.319
PDR1817,*teg-,"to be full, finished",TI_FI,TI_FI,,yes,TI_FI,Time — to Finish,0.507,QN_FU,Quantity & Number — Full,0.446,TI_CE,Time — to Cease,0.434
PDR1818,*teK-,1 to extinguish 2 to die,PW_BU,BP_DD,YES,yes,PW_BU,"Physical World — to Burn, Scorch",0.426,PW_FI,Physical World — Fire (n),0.361,BP_DD,Body Parts & Functions — to Die; Dead; Death,0.348
PDR1819,*teḷ-,to be clear; white,MT_CP,SP_WH,YES,yes,MT_CP,"Mind & Thought — Clear, Plain (to the Mind)",0.450,SP_PS,"Sense Perception — to Sense, Perceive; Sense",0.369,SP_SE,Sense Perception — to See,0.352
PDR1820,*teḷ-,"to sift, winnow",PA_SW,SP_PS,YES,yes,PA_SW,Physical Acts & Materials — to Sweep,0.376,PA_SO,"Physical Acts & Materials — to Strew, Spread Out",0.367,AV_PL,Agriculture & Vegetation — to Plow; Plow,0.363
PDR1821,*tel-,"to ask, request, praise",EM_PR,EM_PR,,,EM_PR,Emotion — Praise (n),0.504,LM_AR,"Language & Music — to Ask, Request",0.465,RB_BL,Religion & Beliefs — to Bless,0.435
PDR1822,*teḷ-,"thin, fine",SR_NS,SR_NS,,,SR_NS,Spatial Relations — Thin (in Density),0.519,SR_ND,Spatial Relations — Thin (in Dimension),0.467,SR_TS,Spatial Relations — Thick (in Density),0.431
PDR1823,*tenḍ-,to pull,PA_DP,PA_DP,,yes,PA_DP,"Physical Acts & Materials — to Draw, Pull",0.497,MO_PS,"Motion & Transportation — to Push, Shove",0.441,MO_RL,"Motion & Transportation — to Lift, Raise",0.394
PDR1824,*ter-,wrinkle; fold,PA_FO,PA_FO,,yes,PA_FO,Physical Acts & Materials — to Fold,0.381,PA_SR,Physical Acts & Materials — to Stretch,0.361,PA_FS,"Physical Acts & Materials — to Flay, Skin",0.358
PDR1825,*ter-[aḷ-],to coil; round,PA_SO,SR_RO,YES,yes,PA_SO,"Physical Acts & Materials — to Strew, Spread Out",0.414,MO_TA,Motion & Transportation — to Turn Around,0.371,MO_TU,Motion & Transportation — to Turn,0.369
PDR1826,*ter_-V-,"to cut, severe",PA_CU,PA_CU,,yes,PA_CU,Physical Acts & Materials — to Cut,0.524,PA_TE,Physical Acts & Materials — to Tear,0.431,PA_SS,"Physical Acts & Materials — Shears, Scissors",0.423
PDR1827,*tē̆d_-,to burn (of sun),PW_BU,PW_BU,,yes,PW_BU,"Physical World — to Burn, Scorch",0.561,PW_FL,Physical World — Flame (n),0.441,PW_FI,Physical World — Fire (n),0.438
PDR1828,*tēg-,to belch,BP_VO,RB_BP,YES,yes,BP_VO,Body Parts & Functions — to Vomit,0.422,BP_FB,"Body Parts & Functions — to Fart, Break Wind",0.406,BP_SP,Body Parts & Functions — to Spit,0.382
PDR1829,*tēj-,"to rub, wear off",PA_RU,PA_RU,,yes,PA_RU,Physical Acts & Materials — to Rub,0.627,PA_FS,"Physical Acts & Materials — to Flay, Skin",0.494,PA_WA,Physical Acts & Materials — to Wash,0.491
PDR1830,*tēl-,to float,MO_FT,MO_FT,,yes,MO_FT,Motion & Transportation — to Float,0.692,MO_SI,Motion & Transportation — to Sink,0.566,MO_SW,Motion & Transportation — to Swim,0.495
PDR1831,*tēḷ-,scorpion,AN_IN,AN_SK,YES,yes,AN_IN,Animals — Insect,0.438,AN_SK,Animals — Snake,0.420,AN_BE,Animals — Bee,0.390
PDR1832,*tēn-,honey; bee,FD_HO,AN_BE,YES,yes,FD_HO,Food & Drink — Honey,0.644,AN_BE,Animals — Bee,0.395,FD_BT,Food & Drink — Butter,0.360
PDR1833,*tēnḍ- (?),to rise,MO_RI,MO_RL,YES,yes,MO_RI,Motion & Transportation — to Rise,0.573,MO_RL,"Motion & Transportation — to Lift, Raise",0.528,TI_MG,Time — Morning,0.302
PDR1834,*tēr-,"to be clear, evident",SP_PS,MT_CP,YES,yes,SP_PS,"Sense Perception — to Sense, Perceive; Sense",0.507,MT_CP,"Mind & Thought — Clear, Plain (to the Mind)",0.504,SP_SW,Sense Perception — to Show,0.480
PDR1835,*tēr-,to lie down; cot,BP_SL,BP_SL,,yes,BP_SL,Body Parts & Functions — to Sleep; Sleep,0.413,SR_LI,"Spatial Relations — to Lie, Recline",0.408,BP_WA,Body Parts & Functions — to Wake,0.342
PDR1836,*tēr-,chariot,MO_CW,AN_SN,YES,yes,MO_CW,"Motion & Transportation — Cart, Wagon, Carriage",0.414,MO_BG,Motion & Transportation — to Bring,0.343,MO_RD,Motion & Transportation — to Ride,0.337
PDR1837,*tēr_-,1 to accomplish; to finish 2 to clear,MT_CP,TI_FI,YES,yes,MT_CP,"Mind & Thought — Clear, Plain (to the Mind)",0.390,MT_IP,"Mind & Thought — Purpose, Intention",0.329,TI_FI,Time — to Finish,0.320
PDR1838,*tig-,"to press, oush down",MO_PS,PA_PR,YES,yes,MO_PS,"Motion & Transportation — to Push, Shove",0.432,PA_PR,Physical Acts & Materials — to Press,0.425,PA_SH,"Physical Acts & Materials — to Hit, Strike, Beat",0.365
PDR1839,*Tigil-,teror,CA_SH,MK_SS,YES,yes,CA_SH,Clothing & Adornment — Shirt,0.250,EM_TC,"Emotion — Timid, Cowardly",0.247,WH_EN,Warfare & Hunting — Enemy (in War),0.244
PDR1840,*tiK-,bedbug,DF_BD,DF_BD,,,DF_BD,Dwellings & Furniture — Bed,0.470,AN_IN,Animals — Insect,0.421,AN_WR,Animals — Worm,0.353
PDR1841,*tim-,to smear,PA_RU,BP_SP,YES,yes,PA_RU,Physical Acts & Materials — to Rub,0.405,PA_FS,"Physical Acts & Materials — to Flay, Skin",0.391,PA_WA,Physical Acts & Materials — to Wash,0.382
PDR1842,*tin-,right,EM_RI,EM_RI,,yes,EM_RI,Emotion — Right (adj),0.307,BP_HN,Body Parts & Functions — Hand,0.298,FD_KN,Food & Drink — Knife,0.294
PDR1843,*tin-,to eat,FD_SU,FD_EA,YES,yes,FD_SU,"Food & Drink — to Suck, Suckle",0.543,FD_EA,Food & Drink — to Eat,0.532,FD_CO,Food & Drink — to Cook,0.513
PDR1844,*tiṇ-,a k. of platform,MO_RL,PW_CL,YES,yes,MO_RL,"Motion & Transportation — to Lift, Raise",0.320,DF_RF,Dwellings & Furniture — Roof,0.304,MO_RW,Motion & Transportation — to Row,0.286
PDR1845,*tiṇ-,"to strain; hard, firm",PA_SR,PA_SR,,yes,PA_SR,Physical Acts & Materials — to Stretch,0.525,PA_TE,Physical Acts & Materials — to Tear,0.410,PA_SO,"Physical Acts & Materials — to Strew, Spread Out",0.399
PDR1846,*tiŋaḷ (?),moon,PW_MO,PW_MO,,yes,PW_MO,Physical World — Moon,0.561,TI_NG,Time — Night,0.372,TI_NM,Time — Names of the Months,0.368
PDR1847,*tir-i-,to tremble,MO_SH,MO_SH,,yes,MO_SH,Motion & Transportation — to Shake,0.466,EM_GR,Emotion — to Groan,0.413,EM_FF,"Emotion — Fear, Fright",0.374
PDR1848,*tir-[i]-,to turn,MO_TA,MO_TU,YES,yes,MO_TA,Motion & Transportation — to Turn Around,0.627,MO_TU,Motion & Transportation — to Turn,0.595,MO_RO,Motion & Transportation — to Roll,0.415
PDR1849,*tir-nd-,"correct, right",EM_RI,EM_RI,,yes,EM_RI,Emotion — Right (adj),0.309,MT_SN,"Mind & Thought — Sure, Certain",0.250,EM_WR,Emotion — Wrong (adj),0.243
PDR1850,*tiṭ-,rising ground,MO_RI,PW_GS,YES,yes,MO_RI,Motion & Transportation — to Rise,0.521,PW_GS,"Physical World — Ground, Soil",0.437,PW_MH,"Physical World — Hill, Mountain",0.432
PDR1851,*tiv-,"to take out, remove",MO_GA,MO_GA,,yes,MO_GA,"Motion & Transportation — to Depart, Go Away",0.390,SR_LE,"Spatial Relations — to Leave, Relinquish",0.372,PA_DP,"Physical Acts & Materials — to Draw, Pull",0.368
PDR1852,*tiv-/*tīg-,1 creeper 2 wire 3 thread,CA_TH,CA_TH,,yes,CA_TH,Clothing & Adornment — Thread,0.395,PA_RC,"Physical Acts & Materials — Rope, Cord",0.369,PA_KN,Physical Acts & Materials — Knot (n),0.327
PDR1853,*tīḍ-,to whet,CA_WE,EM_PL,YES,yes,CA_WE,Clothing & Adornment — to Weave,0.332,SP_LL,"Sense Perception — Dull, Blunt",0.328,CA_SE,Clothing & Adornment — to Sew,0.324
PDR1854,*tīr- (?),hair,BP_HA,BP_HA,,yes,BP_HA,Body Parts & Functions — Hair,0.536,CA_CB,Clothing & Adornment — Comb,0.452,CA_FU,Clothing & Adornment — Fur,0.417
PDR1855,*tīr_-,to be finished,TI_FI,TI_FI,,yes,TI_FI,Time — to Finish,0.539,TI_CE,Time — to Cease,0.445,TI_BB,Time — to Begin; Beginning,0.349
PDR1856,*tīt- (?),bird,AN_BI,AN_BI,,,AN_BI,Animals — Bird,0.738,AN_CK,"Animals — Cock, Rooster",0.571,AN_DU,Animals — Duck,0.568
PDR1857,*tjām-,tortoise,AN_SK,AN_SK,,yes,AN_SK,Animals — Snake,0.382,AN_WR,Animals — Worm,0.327,AN_MO,Animals — Mouse,0.304
PDR1858,*tjī-,to burn,PW_BU,PW_BU,,yes,PW_BU,"Physical World — to Burn, Scorch",0.526,PW_FI,Physical World — Fire (n),0.396,PW_FL,Physical World — Flame (n),0.391
PDR1859,*tjī-,sweet,SP_ST,TI_NO,YES,yes,SP_ST,Sense Perception — Sweet,0.293,FD_SS,Food & Drink — Sugar,0.247,FD_HO,Food & Drink — Honey,0.246
PDR1860,*tjoṭ-,beehive,AN_BE,AN_BE,,yes,AN_BE,Animals — Bee,0.552,FD_HO,Food & Drink — Honey,0.397,AN_IN,Animals — Insect,0.333
PDR1861,*toḍ-,"to wear, put on",CA_CD,CA_CD,,yes,CA_CD,"Clothing & Adornment — to Clothe, Dress",0.670,CA_SE,Clothing & Adornment — to Sew,0.626,CA_AD,Clothing & Adornment — Adornment (personal),0.621
PDR1862,*toḍ-,lip,BP_LI,BP_LI,,yes,BP_LI,Body Parts & Functions — Lip,0.618,BP_TG,Body Parts & Functions — Tongue,0.425,BP_MO,Body Parts & Functions — Mouth,0.414
PDR1863,*toḍ-,to begin; to get ready,TI_BB,TI_BB,,yes,TI_BB,Time — to Begin; Beginning,0.570,TI_CE,Time — to Cease,0.336,TI_SI,"Time — Soon, Immediately",0.288
PDR1864,*tod_- (?),feather,BP_FE,BP_FE,,yes,BP_FE,Body Parts & Functions — Feather,0.496,AN_BI,Animals — Bird,0.420,CA_CB,Clothing & Adornment — Comb,0.418
PDR1865,*toɣar-,dhal,AN_WE,PW_ST,YES,yes,AN_WE,Animals — Wether,0.291,AN_GS,Animals — Goose,0.288,AN_HN,Animals — Hen,0.286
PDR1866,*tok-,"bark, rind",CA_FU,AN_BU,YES,yes,CA_FU,Clothing & Adornment — Fur,0.413,AV_TR,Agriculture & Vegetation — Tree (generic),0.390,PA_FS,"Physical Acts & Materials — to Flay, Skin",0.385
PDR1867,*tol-,"to remove; to depart; to die, perish",MO_GA,MO_GA,,yes,MO_GA,"Motion & Transportation — to Depart, Go Away",0.398,TI_CE,Time — to Cease,0.382,SR_LE,"Spatial Relations — to Leave, Relinquish",0.366
PDR1868,*tol-,formerly; early; tomorrow,TI_OL,TI_TM,YES,yes,TI_OL,Time — Old,0.337,TI_YD,Time — Yesterday,0.306,TI_NW,Time — New,0.278
PDR1869,*toḷ-,"to pierce, bore",PA_CV,PA_BR,YES,yes,PA_CV,Physical Acts & Materials — to Carve,0.442,PA_BR,Physical Acts & Materials — to Bore,0.419,PA_CU,Physical Acts & Materials — to Cut,0.408
PDR1870,*toḷ-,to spill; to flow,PA_PO,MO_FL,YES,yes,PA_PO,Physical Acts & Materials — to Pour,0.421,FD_SU,"Food & Drink — to Suck, Suckle",0.351,FD_SP,Food & Drink — Spoon,0.332
PDR1871,*toḷ-pad-,nine,QN_TH,QN_NN,YES,yes,QN_TH,Quantity & Number — Three,0.322,TI_OL,Time — Old,0.296,TI_AG,Time — Age,0.295
PDR1872,*tonḍ-,throat,BP_TR,BP_TR,,yes,BP_TR,Body Parts & Functions — Throat,0.624,BP_CO,Body Parts & Functions — to Cough,0.474,BP_SP,Body Parts & Functions — to Spit,0.444
PDR1873,*tonḍ-,beak; trunk,BP_FE,AN_BI,YES,yes,BP_FE,Body Parts & Functions — Feather,0.446,AN_CK,"Animals — Cock, Rooster",0.419,BP_CK,Body Parts & Functions — Cheek,0.419
PDR1874,*Tonḍ-,creeper,MO_CC,MO_CC,,yes,MO_CC,"Motion & Transportation — to Creep, Crawl",0.283,AV_SH,Agriculture & Vegetation — Shovel (n),0.252,CA_SL,Clothing & Adornment — Slipper,0.251
PDR1875,*tondar-,trouble,SO_SQ,TI_HR,YES,yes,SO_SQ,"Social Relations — Strife, Quarrel",0.452,EM_MF,Emotion — Misfortune,0.376,MT_DB,Mind & Thought — Doubt (n),0.316
PDR1876,*toŋ-,to hang,CA_WE,TI_FI,YES,yes,CA_WE,Clothing & Adornment — to Weave,0.351,CA_SE,Clothing & Adornment — to Sew,0.342,PA_RC,"Physical Acts & Materials — Rope, Cord",0.321
PDR1877,"*tor-, *dor-","to push, shove",MO_PS,MO_PS,,yes,MO_PS,"Motion & Transportation — to Push, Shove",0.715,PA_PR,Physical Acts & Materials — to Press,0.403,PA_SO,"Physical Acts & Materials — to Strew, Spread Out",0.385
PDR1878,*tor_-,kine,AN_CO,PW_MU,YES,yes,AN_CO,Animals — Cow,0.374,AN_HE,Animals — Herdsman,0.354,AN_CF,Animals — Calf,0.331
PDR1879,*toT-,to stammer,EM_GR,PA_SO,YES,yes,EM_GR,Emotion — to Groan,0.364,BP_YG,"Body Parts & Functions — to Gape, Yawn",0.313,LM_BS,Language & Music — to be Silent,0.311
PDR1880,*toṬ-,to touch,SP_TV,SP_TV,,yes,SP_TV,Sense Perception — to Touch,0.584,PA_RU,Physical Acts & Materials — to Rub,0.502,SP_TC,Sense Perception — Touch (n),0.494
PDR1881,*toṭ-i,trough,MO_SI,TI_SP,YES,yes,MO_SI,Motion & Transportation — to Sink,0.288,FD_BW,Food & Drink — Bowl,0.281,PA_PO,Physical Acts & Materials — to Pour,0.276
PDR1882,*toṭil-,cradle,MK_IN,MK_IN,,yes,MK_IN,Mankind — Infant,0.428,BP_BM,Body Parts & Functions — to Bear (of Mother),0.325,BP_WO,Body Parts & Functions — Womb,0.323
PDR1883,*toẓ-,"to tread on, kick",MO_WA,MO_RU,YES,yes,MO_WA,Motion & Transportation — to Walk,0.416,PA_SH,"Physical Acts & Materials — to Hit, Strike, Beat",0.399,BP_FT,Body Parts & Functions — Foot,0.349
PDR1884,*toẓ-,work,PA_WS,TI_FI,YES,yes,PA_WS,"Physical Acts & Materials — Work, Labor",0.468,PA_WV,"Physical Acts & Materials — to Work, Toil",0.439,SO_ST,Social Relations — Servant,0.411
PDR1885,*toẓ-,to worship,RB_WO,RB_WO,,yes,RB_WO,Religion & Beliefs — to Worship,0.658,RB_HS,"Religion & Beliefs — Holy, Sacred",0.497,RB_AL,Religion & Beliefs — Altar,0.496
PDR1886,*tō-,to bathe; to be wet,PA_WA,CA_TW,YES,yes,PA_WA,Physical Acts & Materials — to Wash,0.472,MO_SW,Motion & Transportation — to Swim,0.400,BP_UU,Body Parts & Functions — to Urinate; Urine,0.366
PDR1887,*tōɣ-,"to kick, stamp",PA_SH,PA_SH,,yes,PA_SH,"Physical Acts & Materials — to Hit, Strike, Beat",0.442,MO_PS,"Motion & Transportation — to Push, Shove",0.357,CA_BO,Clothing & Adornment — Boot,0.342
PDR1888,*tōɣ-,a k. of ficus,FD_FI,FD_FI,,yes,FD_FI,Food & Drink — Fig,0.392,AV_TR,Agriculture & Vegetation — Tree (generic),0.325,AV_PN,"Agriculture & Vegetation — Plant, Herb",0.303
PDR1889,*tōk-,tail,BP_TA,BP_TA,,yes,BP_TA,Body Parts & Functions — Tail,0.515,CA_FU,Clothing & Adornment — Fur,0.417,CA_CR,Clothing & Adornment — Collar,0.376
PDR1890,*tōl,"skin, hide",BP_SH,BP_SH,,yes,BP_SH,"Body Parts & Functions — Skin, Hide",0.586,PA_FS,"Physical Acts & Materials — to Flay, Skin",0.423,CA_CK,Clothing & Adornment — Cloak,0.399
PDR1891,*tōl-,egg,BP_EG,BP_EG,,yes,BP_EG,Body Parts & Functions — Egg,0.494,AN_HN,Animals — Hen,0.438,AN_HC,"Animals — Hen, Chicken (generic)",0.426
PDR1892,*tōḷ-,"shoulder, arm",BP_SD,BP_SD,,yes,BP_SD,Body Parts & Functions — Shoulder,0.637,BP_AR,Body Parts & Functions — Arm,0.560,BP_EL,Body Parts & Functions — Elbow,0.554
PDR1893,*tōnḍ-,"to bale out, draw (water); to dig",PA_DP,AV_DI,YES,yes,PA_DP,"Physical Acts & Materials — to Draw, Pull",0.418,PA_PO,Physical Acts & Materials — to Pour,0.362,PA_SO,"Physical Acts & Materials — to Strew, Spread Out",0.332
PDR1894,*tōnḍl-,"wolf, jackal",AN_WO,AN_WO,,yes,AN_WO,Animals — Wolf,0.591,AN_MA,Animals — Male Animal,0.476,AN_FE,Animals — Female Animal,0.437
PDR1895,*tōnd_-,"to appear, be",MT_SE,MT_SE,,yes,MT_SE,Mind & Thought — to Seem,0.483,SP_SH,"Sense Perception — to Shine, Glisten",0.421,SP_SW,Sense Perception — to Show,0.403
PDR1896,*tōp-,"grove, garden",AV_GA,AV_GA,,yes,AV_GA,"Agriculture & Vegetation — Garden, Orchard",0.549,AV_TR,Agriculture & Vegetation — Tree (generic),0.435,AV_RO,Agriculture & Vegetation — Root,0.417
PDR1897,*tōr-,"large, stout, mature",AN_SN,FD_BB,YES,yes,AN_SN,Animals — Stallion,0.297,SR_XL,"Spatial Relations — Big, Large, Great",0.296,AN_MA,Animals — Male Animal,0.287
PDR1898,*tōr-,to flow; blood,MO_FL,MO_FL,,yes,MO_FL,Motion & Transportation — to Flow,0.574,PW_RS,"Physical World — Brook, Stream, River",0.475,PA_SO,"Physical Acts & Materials — to Strew, Spread Out",0.403
PDR1899,*tōr_-,"bushes, shrubbery",AV_BI,AV_PN,YES,yes,AV_BI,Agriculture & Vegetation — Birch,0.496,AV_TR,Agriculture & Vegetation — Tree (generic),0.486,AV_PN,"Agriculture & Vegetation — Plant, Herb",0.478
PDR1900,*tōẓ-,"1 friend; younger brother 2 assistance, help",SO_FR,SO_HA,YES,yes,SO_FR,Social Relations — Friend,0.494,SO_NE,Social Relations — Neighbor,0.420,SO_SG,Social Relations — Stranger,0.369
PDR1901,*tōẓ-,"stable, stall",AN_ST,AN_ST,,,AN_ST,"Animals — Stall, Stable",0.723,MO_SH,Motion & Transportation — to Shake,0.383,MO_FT,Motion & Transportation — to Float,0.343
PDR1902,*tUḍ-,thigh,BP_LE,BP_LE,,yes,BP_LE,Body Parts & Functions — Leg,0.493,BP_KN,Body Parts & Functions — Knee,0.460,BP_NV,Body Parts & Functions — Navel,0.405
PDR1903,*tùd-,"point, edge",SR_ED,SR_ED,,yes,SR_ED,Spatial Relations — Edge,0.512,SR_PO,Spatial Relations — Point,0.473,SR_SG,Spatial Relations — Straight,0.393
PDR1904,*tuḍ-,to wipe,PA_WA,PA_WA,,yes,PA_WA,Physical Acts & Materials — to Wash,0.487,PA_SW,Physical Acts & Materials — to Sweep,0.404,SP_DS,"Sense Perception — Dirty, Soiled",0.332
PDR1905,*tud_-,to leave,MO_GA,MO_GA,,yes,MO_GA,"Motion & Transportation — to Depart, Go Away",0.541,MO_FE,Motion & Transportation — to Flee,0.445,SR_LE,"Spatial Relations — to Leave, Relinquish",0.433
PDR1906,*tud_-,to block up,MO_PS,LM_RF,YES,yes,MO_PS,"Motion & Transportation — to Push, Shove",0.348,SR_SH,"Spatial Relations — to Shut, Close",0.296,PA_BC,Physical Acts & Materials — Brick,0.257
PDR1907,*tud_-,pig,AN_PI,AN_PI,,yes,AN_PI,Animals — Pig,0.685,AN_BO,Animals — Boar,0.546,AN_SW,Animals — Swine,0.490
PDR1908,*tUḷ-,to wash,PA_WA,PA_WA,,yes,PA_WA,Physical Acts & Materials — to Wash,0.617,CA_SA,Clothing & Adornment — Soap,0.377,CA_TW,Clothing & Adornment — Towel,0.349
PDR1909,*tuḷ-,to jump,MO_JL,MO_JL,,yes,MO_JL,"Motion & Transportation — to Jump, Leap",0.640,MO_DA,Motion & Transportation — to Dance,0.379,MO_RL,"Motion & Transportation — to Lift, Raise",0.370
PDR1910,*tuḷ-,to shine,SP_SH,EM_GL,YES,yes,SP_SH,"Sense Perception — to Shine, Glisten",0.528,EM_GL,"Emotion — Fame, Glory",0.400,SP_BR,Sense Perception — Bright,0.355
PDR1911,*Tuḷ-,"to shake, tremble",MO_SH,MO_SH,,yes,MO_SH,Motion & Transportation — to Shake,0.679,PA_SO,"Physical Acts & Materials — to Strew, Spread Out",0.390,MO_RL,"Motion & Transportation — to Lift, Raise",0.384
PDR1912,*tuḷas-,sacred basil,AV_PN,RB_HS,YES,yes,AV_PN,"Agriculture & Vegetation — Plant, Herb",0.410,RB_HS,"Religion & Beliefs — Holy, Sacred",0.395,RB_AL,Religion & Beliefs — Altar,0.344
PDR1913,*tum-,ebony,AV_BE,SP_BK,YES,yes,AV_BE,Agriculture & Vegetation — Beech,0.320,CA_RA,Clothing & Adornment — Razor,0.319,CA_SI,Clothing & Adornment — Silk,0.318
PDR1914,*tum-,quail,AN_BI,AN_BI,,yes,AN_BI,Animals — Bird,0.554,AN_DU,Animals — Duck,0.522,AN_CK,"Animals — Cock, Rooster",0.511
PDR1915,*tum-,to sneeze,BP_SN,BP_SN,,yes,BP_SN,Body Parts & Functions — to Sneeze,0.547,BP_CO,Body Parts & Functions — to Cough,0.368,BP_YG,"Body Parts & Functions — to Gape, Yawn",0.352
PDR1916,*tum-,"to be cut off, piece",PA_CU,PA_CU,,yes,PA_CU,Physical Acts & Materials — to Cut,0.470,BP_DD,Body Parts & Functions — to Die; Dead; Death,0.386,BP_KI,Body Parts & Functions — to Kill,0.362
PDR1917,*tumb-,"bee, beetle",AN_BE,AN_BE,,yes,AN_BE,Animals — Bee,0.658,AN_IN,Animals — Insect,0.566,AN_FL,Animals — Fly (n),0.439
PDR1918,*tumb-,a k. of tree,AV_TR,PW_TR,YES,yes,AV_TR,Agriculture & Vegetation — Tree (generic),0.492,PW_TR,"Physical World — Tree, Oak",0.397,AV_FI,Agriculture & Vegetation — Fir,0.354
PDR1919,*tumb- (?),crowd,QN_MC,QN_MC,,,QN_MC,"Quantity & Number — Crowd, Multitude",0.567,SO_PP,"Social Relations — People, Populace",0.344,QN_CW,Quantity & Number — Other Collective Words,0.331
PDR1920,*tunḍ-,piece (of cloth),CA_CL,CA_CL,,yes,CA_CL,Clothing & Adornment — Cloth,0.530,CA_TW,Clothing & Adornment — Towel,0.470,CA_HF,Clothing & Adornment — Handkerchief,0.465
PDR1921,*tund-,"to pour, spill",PA_PO,PA_PO,,yes,PA_PO,Physical Acts & Materials — to Pour,0.657,PA_SO,"Physical Acts & Materials — to Strew, Spread Out",0.439,PA_WA,Physical Acts & Materials — to Wash,0.382
PDR1922,*tunṭ-,a wicked person,MK_HB,RB_WS,YES,yes,MK_HB,Mankind — Human Being,0.321,RB_DM,"Religion & Beliefs — Demon, Evil Spirit",0.298,RB_DE,Religion & Beliefs — Devil,0.288
PDR1923,*tuŋ-,a k. of grass,AV_GR,AV_GR,,yes,AV_GR,Agriculture & Vegetation — Grass,0.553,AV_PN,"Agriculture & Vegetation — Plant, Herb",0.444,AV_PL,Agriculture & Vegetation — to Plow; Plow,0.437
PDR1924,*tup-,to spit,BP_SP,BP_SP,,yes,BP_SP,Body Parts & Functions — to Spit,0.554,FD_SU,"Food & Drink — to Suck, Suckle",0.486,BP_LC,Body Parts & Functions — to Lick,0.370
PDR1925,*tur-,"rust, verdigris",CA_JW,WH_SW,YES,yes,CA_JW,"Clothing & Adornment — Gem, Jewel",0.321,CA_SI,Clothing & Adornment — Silk,0.315,CA_FL,"Clothing & Adornment — Flax, Linen",0.310
PDR1926,*turŋ-,1 to hang 2 to swing 3 to sleep,BP_SL,BP_SL,,yes,BP_SL,Body Parts & Functions — to Sleep; Sleep,0.450,BP_WA,Body Parts & Functions — to Wake,0.426,MO_JL,"Motion & Transportation — to Jump, Leap",0.354
PDR1927,*tur_-[k-],"weed; rubbish, refuse",FD_PO,LM_RF,YES,yes,FD_PO,Food & Drink — Pot,0.484,AV_PN,"Agriculture & Vegetation — Plant, Herb",0.447,AV_ST,Agriculture & Vegetation — Smoke (Tobacco),0.424
PDR1928,*tuv- (*-o-),"to dip, soak",PA_WA,FD_SL,YES,yes,PA_WA,Physical Acts & Materials — to Wash,0.414,PA_RU,Physical Acts & Materials — to Rub,0.405,PA_PO,Physical Acts & Materials — to Pour,0.400
PDR1929,*tūd_-,"to pierce, penetrate",PA_CV,WH_SP,YES,yes,PA_CV,Physical Acts & Materials — to Carve,0.449,PA_CU,Physical Acts & Materials — to Cut,0.419,PA_KF,Physical Acts & Materials — Knife (tool),0.417
PDR1930,*TūK-,earth,PW_GS,PW_EL,YES,yes,PW_GS,"Physical World — Ground, Soil",0.490,PW_EL,"Physical World — Earth, Land",0.470,PW_SK,"Physical World — Sky, Heavens",0.381
PDR1931,*tūḷ-,to run away,MO_FE,MO_RU,YES,yes,MO_FE,Motion & Transportation — to Flee,0.605,MO_GA,"Motion & Transportation — to Depart, Go Away",0.480,MO_RU,Motion & Transportation — to Run,0.442
PDR1932,*tūm-,tube,MO_CW,AN_BA,YES,yes,MO_CW,"Motion & Transportation — Cart, Wagon, Carriage",0.286,MO_FL,Motion & Transportation — to Flow,0.285,FD_BW,Food & Drink — Bowl,0.272
PDR1933,*tūṇ-,to cut; slice,PA_CU,FD_KN,YES,yes,PA_CU,Physical Acts & Materials — to Cut,0.602,PA_SS,"Physical Acts & Materials — Shears, Scissors",0.474,FD_KN,Food & Drink — Knife,0.439
PDR1934,*tūr_-,to pierce; to dig out,PA_CV,BP_NA,YES,yes,PA_CV,Physical Acts & Materials — to Carve,0.421,PA_CU,Physical Acts & Materials — to Cut,0.368,PA_KF,Physical Acts & Materials — Knife (tool),0.359
PDR1935,*tū[v]-,feather,BP_FE,BP_FE,,yes,BP_FE,Body Parts & Functions — Feather,0.492,CA_CB,Clothing & Adornment — Comb,0.418,AN_BI,Animals — Bird,0.415
PDR1936,*ṭaɣ-,mango stone,PW_SR,FD_PC,YES,yes,PW_SR,"Physical World — Rock, Stone",0.396,FD_PC,Food & Drink — Peach,0.350,FD_FR,Food & Drink — Fruit,0.333
PDR1937,*ṭeŋ-,coconut,FD_NT,FD_PR,YES,yes,FD_NT,Food & Drink — Nut,0.414,FD_FR,Food & Drink — Fruit,0.414,FD_PR,Food & Drink — Pear,0.382
PDR1938,*ṭēk-,teak tree,AV_TR,AV_LE,YES,yes,AV_TR,Agriculture & Vegetation — Tree (generic),0.496,PW_TR,"Physical World — Tree, Oak",0.421,AV_BE,Agriculture & Vegetation — Beech,0.368
PDR1939,*ṭoŋ-,knee (?),BP_KN,BP_KN,,yes,BP_KN,Body Parts & Functions — Knee,0.654,BP_LE,Body Parts & Functions — Leg,0.495,BP_EL,Body Parts & Functions — Elbow,0.471
PDR1940,*ubb- (? *urb-),"to swell, bloat, boil",FD_BO,FD_BO,,yes,FD_BO,Food & Drink — to Boil (trans,0.483,FD_SB,"Food & Drink — Soup, Broth",0.394,MO_BO,Motion & Transportation — to Boil (intrans,0.383
PDR1941,*uc-i,crown of head,CA_HC,BP_FO,YES,yes,CA_HC,"Clothing & Adornment — Hat, Cap",0.475,BP_HE,Body Parts & Functions — Head,0.458,BP_SK,Body Parts & Functions — Skull,0.429
PDR1942,*Ud-,"to give, give a hand; to aid",BP_HN,SO_HA,YES,yes,BP_HN,Body Parts & Functions — Hand,0.453,PT_GI,Possession & Trade — to Give,0.413,PT_LD,Possession & Trade — to Lend,0.413
PDR1943,*Ùḍ-,wealth; possession,PT_WR,PT_WR,,yes,PT_WR,"Possession & Trade — Wealth, Riches",0.609,PT_RC,Possession & Trade — Rich,0.520,PT_TR,Possession & Trade — Treasure,0.504
PDR1944,*uḍ-,"to wear, put on",CA_CD,CA_CD,,yes,CA_CD,"Clothing & Adornment — to Clothe, Dress",0.669,CA_SE,Clothing & Adornment — to Sew,0.616,CA_AD,Clothing & Adornment — Adornment (personal),0.608
PDR1945,*uḍ-,to boil; hot,FD_BO,FD_BO,,yes,FD_BO,Food & Drink — to Boil (trans,0.723,FD_RF,"Food & Drink — to Roast, Fry",0.531,FD_CO,Food & Drink — to Cook,0.529
PDR1946,*ud-,"match, pair?",PW_MT,PW_MT,,yes,PW_MT,"Physical World — Match, Fire Stick",0.392,MK_BS,Mankind — Sibling(s),0.300,SO_CN,Social Relations — Common (adj),0.298
PDR1947,*ud-ar_-,to shake,MO_SH,MO_SH,,yes,MO_SH,Motion & Transportation — to Shake,0.572,EM_DE,Emotion — to Desire,0.354,PA_SO,"Physical Acts & Materials — to Strew, Spread Out",0.347
PDR1948,*udd- (?),long,SR_LG,TI_LS,YES,yes,SR_LG,Spatial Relations — Long,0.410,TI_LS,Time — to Last,0.362,TI_FI,Time — to Finish,0.349
PDR1949,*ùḍ-[u-],iguana,AN_SK,AN_SK,,yes,AN_SK,Animals — Snake,0.485,AN_AN,Animals — Animal,0.412,AN_HG,Animals — He-Goat,0.406
PDR1950,*ud_-,to butt; to crush,AN_AD,AN_AD,,yes,AN_AD,"Animals — Ass, Donkey",0.345,BP_FB,"Body Parts & Functions — to Fart, Break Wind",0.317,BP_ED,"Body Parts & Functions — to Void Excrement; Dung, Excrement",0.306
PDR1951,*ud_-,"1 to happen 2 to fit, agree with",SR_RM,TI_MS,YES,yes,SR_RM,"Spatial Relations — to Stay, Wait, Remain",0.321,EM_WW,"Emotion — to Will, Wish",0.311,TI_SI,"Time — Soon, Immediately",0.309
PDR1952,*ud_-/*ut_-,network,PA_RC,SO_NE,YES,yes,PA_RC,"Physical Acts & Materials — Rope, Cord",0.344,MO_AN,Motion & Transportation — Anchor (n),0.316,PA_SO,"Physical Acts & Materials — to Strew, Spread Out",0.302
PDR1953,*ug-,to shed (hair),BP_HA,BP_HA,,yes,BP_HA,Body Parts & Functions — Hair,0.456,CA_FU,Clothing & Adornment — Fur,0.420,CA_WE,Clothing & Adornment — to Weave,0.383
PDR1954,*Ul-,"to move, shake",MO_SH,MO_SH,,yes,MO_SH,Motion & Transportation — to Shake,0.719,MO_RL,"Motion & Transportation — to Lift, Raise",0.469,MO_DA,Motion & Transportation — to Dance,0.468
PDR1955,*uḷ-,snipe,AN_BI,AN_SO,YES,yes,AN_BI,Animals — Bird,0.293,AN_MA,Animals — Male Animal,0.289,AN_FE,Animals — Female Animal,0.286
PDR1956,*ul- (*o-),pestle,FD_CB,AN_IN,YES,yes,FD_CB,Food & Drink — Cabbage,0.370,FD_DI,Food & Drink — Dish,0.354,FD_CO,Food & Drink — to Cook,0.348
PDR1957,*Ular- (?),dry,SP_DR,PA_WA,YES,yes,SP_DR,"Sense Perception — Dry, Arid",0.493,SP_WD,"Sense Perception — Wet, Damp",0.475,PW_RA,Physical World — Rain (n),0.331
PDR1958,*ùḷ-i,chisel,PA_CS,PA_CS,,yes,PA_CS,Physical Acts & Materials — Chisel (n),0.550,PA_CV,Physical Acts & Materials — to Carve,0.399,PA_KF,Physical Acts & Materials — Knife (tool),0.392
PDR1959,*uḷ-i,onion; garlic,FD_ON,FD_ON,,yes,FD_ON,Food & Drink — Onion,0.639,FD_CB,Food & Drink — Cabbage,0.304,FD_PE,Food & Drink — Pea,0.302
PDR1960,*ùḷo-,inside,DF_RO,DF_RO,,yes,DF_RO,Dwellings & Furniture — Room,0.359,DF_DW,"Dwellings & Furniture — to Live, Dwell",0.333,DF_DG,"Dwellings & Furniture — Door, Gate",0.316
PDR1961,*uḷ-[u-]/[d-],to be,MT_SE,TI_FI,YES,yes,MT_SE,Mind & Thought — to Seem,0.348,MT_KN,Mind & Thought — to Know,0.331,EM_LO,Emotion — to Love; Love,0.320
PDR1962,*uḷum-/*uḷuŋ-,tick,AN_MU,AN_GS,YES,yes,AN_MU,Animals — Mule,0.257,AN_AN,Animals — Animal,0.254,BP_TE,Body Parts & Functions — Toe,0.253
PDR1963,*um-,to spit,BP_SP,BP_SP,,yes,BP_SP,Body Parts & Functions — to Spit,0.599,FD_SU,"Food & Drink — to Suck, Suckle",0.527,BP_LC,Body Parts & Functions — to Lick,0.394
PDR1964,*um(b)-,"insect, mosquito",AN_IN,AN_IN,,yes,AN_IN,Animals — Insect,0.669,AN_WR,Animals — Worm,0.473,AN_FL,Animals — Fly (n),0.467
PDR1965,*umbḷ-,urine; to urinate,BP_UU,BP_UU,,yes,BP_UU,Body Parts & Functions — to Urinate; Urine,0.493,BP_ED,"Body Parts & Functions — to Void Excrement; Dung, Excrement",0.364,FD_BW,Food & Drink — Bowl,0.350
PDR1966,*um-[Vk-],"husk, chaff",AV_PL,AN_AD,YES,yes,AV_PL,Agriculture & Vegetation — to Plow; Plow,0.321,AV_HY,Agriculture & Vegetation — Hay,0.292,FD_SP,Food & Drink — Spoon,0.285
PDR1967,*un-,to think,MT_KN,MT_BE,YES,yes,MT_KN,Mind & Thought — to Know,0.592,MT_TR,"Mind & Thought — to Think, Reflect",0.581,MT_TO,"Mind & Thought — to Think, be of the Opinion",0.571
PDR1968,*uṇ-,1 to drink 2 to eat,FD_SU,FD_EA,YES,yes,FD_SU,"Food & Drink — to Suck, Suckle",0.606,FD_EA,Food & Drink — to Eat,0.573,FD_TH,Food & Drink — Thirst (n),0.553
PDR1969,*unḍ-,1 round 2 wheel,MO_WH,MO_WH,,yes,MO_WH,Motion & Transportation — Wheel,0.531,MO_TA,Motion & Transportation — to Turn Around,0.458,MO_RO,Motion & Transportation — to Roll,0.441
PDR1970,*und_- (?),to sit,SR_SI,SR_SI,,yes,SR_SI,Spatial Relations — to Sit,0.464,MO_RW,Motion & Transportation — to Row,0.361,DF_DW,"Dwellings & Furniture — to Live, Dwell",0.359
PDR1971,*ur-,to burn,PW_BU,PW_BU,,yes,PW_BU,"Physical World — to Burn, Scorch",0.557,PW_FI,Physical World — Fire (n),0.420,PW_FL,Physical World — Flame (n),0.412
PDR1972,*ur-,"noose, knot",PA_KN,PA_KN,,yes,PA_KN,Physical Acts & Materials — Knot (n),0.501,PA_RC,"Physical Acts & Materials — Rope, Cord",0.438,CA_LA,Clothing & Adornment — Lace,0.371
PDR1973,*ur-,to rub,PA_RU,PA_RU,,yes,PA_RU,Physical Acts & Materials — to Rub,0.644,SP_TV,Sense Perception — to Touch,0.399,PA_FS,"Physical Acts & Materials — to Flay, Skin",0.395
PDR1974,*Ùral-,mortar,PA_MO,PA_MO,,yes,PA_MO,Physical Acts & Materials — Mortar,0.655,PA_BC,Physical Acts & Materials — Brick,0.455,PW_SR,"Physical World — Rock, Stone",0.369
PDR1975,*ur-c-,to pierce,PA_CV,FD_KN,YES,yes,PA_CV,Physical Acts & Materials — to Carve,0.399,PA_KF,Physical Acts & Materials — Knife (tool),0.370,PA_CU,Physical Acts & Materials — to Cut,0.366
PDR1976,*ur-[c-],to urinate,BP_UU,BP_UU,,yes,BP_UU,Body Parts & Functions — to Urinate; Urine,0.531,BP_ED,"Body Parts & Functions — to Void Excrement; Dung, Excrement",0.439,FD_SU,"Food & Drink — to Suck, Suckle",0.331
PDR1977,"*ur-, *ur-av-","shape, form, beauty",PA_MD,BP_FA,YES,yes,PA_MD,"Physical Acts & Materials — to Mold, Form",0.501,SR_FS,"Spatial Relations — Form, Shape (n)",0.489,SP_SG,"Sense Perception — Sight (obj), Look (obj), Appearance",0.455
PDR1978,*ur-ug-,"to dissolve, melt; steel",PA_SP,PA_IR,YES,yes,PA_SP,Physical Acts & Materials — to Split,0.424,PA_PO,Physical Acts & Materials — to Pour,0.421,FD_BO,Food & Drink — to Boil (trans,0.414
PDR1979,*urVḷ-,to roll,MO_RO,MO_RO,,yes,MO_RO,Motion & Transportation — to Roll,0.651,MO_TA,Motion & Transportation — to Turn Around,0.496,MO_TU,Motion & Transportation — to Turn,0.474
PDR1980,*ur_-,to jump; to run away,MO_JL,MO_JL,,yes,MO_JL,"Motion & Transportation — to Jump, Leap",0.624,MO_DA,Motion & Transportation — to Dance,0.417,MO_SW,Motion & Transportation — to Swim,0.392
PDR1981,*ur_-,"to throw, fling",MO_TH,MO_TH,,yes,MO_TH,Motion & Transportation — to Throw,0.654,PA_SO,"Physical Acts & Materials — to Strew, Spread Out",0.407,MO_JL,"Motion & Transportation — to Jump, Leap",0.399
PDR1982,*Ur_- (*-d_-),sheath,WH_SW,CA_LE,YES,yes,WH_SW,Warfare & Hunting — Sword,0.509,CA_BG,"Clothing & Adornment — Belt, Girdle",0.449,WH_SP,Warfare & Hunting — Spear,0.423
PDR1983,*ur_- (*-d_-),"numerous, abundant",QN_MM,QN_MM,,yes,QN_MM,"Quantity & Number — Much, Many",0.541,QN_MC,"Quantity & Number — Crowd, Multitude",0.503,QN_EN,Quantity & Number — Enough,0.486
PDR1984,*ur_um-,thunder,PW_TH,PW_TH,,yes,PW_TH,"Physical World — Noise, Thunder",0.514,PW_LT,"Physical World — Thunderbolt, Lightning Strike",0.439,EM_GR,Emotion — to Groan,0.332
PDR1985,*uS-,to husk,AV_PL,EM_PL,YES,yes,AV_PL,Agriculture & Vegetation — to Plow; Plow,0.355,FD_KD,Food & Drink — to Knead,0.331,MO_PS,"Motion & Transportation — to Push, Shove",0.324
PDR1986,*uS-,life; to live,BP_LL,BP_LL,,yes,BP_LL,Body Parts & Functions — to Live; Living; Life,0.445,MK_FM,Mankind — Family,0.360,EM_PS,"Emotion — Pain, Suffering",0.348
PDR1987,*uS-,to wipe; to wash,PA_WA,PA_WA,,yes,PA_WA,Physical Acts & Materials — to Wash,0.439,PA_SW,Physical Acts & Materials — to Sweep,0.388,BP_ED,"Body Parts & Functions — to Void Excrement; Dung, Excrement",0.306
PDR1988,*uSir-,gooseberry,FD_BY,AN_GS,YES,yes,FD_BY,Food & Drink — Berry,0.523,AN_GS,Animals — Goose,0.467,FD_FR,Food & Drink — Fruit,0.379
PDR1989,*uẓ-,to comb; to rub,CA_CB,CA_CB,,yes,CA_CB,Clothing & Adornment — Comb,0.605,BP_HA,Body Parts & Functions — Hair,0.464,CA_BH,Clothing & Adornment — Brush,0.455
PDR1990,*uẓ-,to plough,AV_PL,AV_PL,,yes,AV_PL,Agriculture & Vegetation — to Plow; Plow,0.712,AV_MR,"Agriculture & Vegetation — to Mow, Reap",0.539,AV_SH,Agriculture & Vegetation — Shovel (n),0.516
PDR1991,*uẓ- (*ū-),1 to fall off; to undress 2 to strip off (bark),MO_DR,CA_CR,YES,yes,MO_DR,Motion & Transportation — to Drop,0.376,MO_FA,Motion & Transportation — to Fall,0.320,MO_GA,"Motion & Transportation — to Depart, Go Away",0.287
PDR1992,*uẓund-,black gram,SP_BK,SP_BK,,yes,SP_BK,Sense Perception — Black,0.416,FD_BN,Food & Drink — Bean,0.386,FD_PE,Food & Drink — Pea,0.319
PDR1993,*uẓ-up-,deer,AN_DE,AN_DE,,yes,AN_DE,Animals — Deer,0.657,AN_BO,Animals — Boar,0.496,AN_HE,Animals — Herdsman,0.475
PDR1994,*uẓuv-,tiger,AN_LN,AN_LN,,yes,AN_LN,Animals — Lion,0.519,AN_MA,Animals — Male Animal,0.443,AN_BR,Animals — Bear,0.443
PDR1995,*uǯ-,truth,EM_TE,EM_TE,,yes,EM_TE,Emotion — True,0.369,EM_LI,"Emotion — Lie, Falsehood",0.310,EM_FL,Emotion — Faithful,0.304
PDR1996,*ū-,that (intermediate),SP_LI,TI_FI,YES,yes,SP_LI,"Sense Perception — to Listen, Harken",0.264,EM_RI,Emotion — Right (adj),0.257,SP_HE,Sense Perception — to Hear,0.253
PDR1997,*ū-,"flesh, meat",FD_ME,FD_ME,,yes,FD_ME,Food & Drink — Meat,0.603,BP_FL,Body Parts & Functions — Flesh,0.572,FD_BU,Food & Drink — Butcher (n),0.508
PDR1998,*ūk-,to put forth effort; to endeavour,PA_WV,PA_WV,,yes,PA_WV,"Physical Acts & Materials — to Work, Toil",0.445,PA_WS,"Physical Acts & Materials — Work, Labor",0.417,PA_MA,"Physical Acts & Materials — to Do, Make",0.387
PDR1999,*ūḷ-,to howl,EM_GR,AN_HU,YES,yes,EM_GR,Emotion — to Groan,0.485,AN_WO,Animals — Wolf,0.406,LM_SC,"Language & Music — to Shout, Cry Out",0.375
PDR2000,*ūm-,"to swim, fly",MO_SW,MO_SW,,yes,MO_SW,Motion & Transportation — to Swim,0.630,MO_FY,Motion & Transportation — to Fly,0.544,AN_FL,Animals — Fly (n),0.515
PDR2001,*ūm,dumbness,MT_FS,MT_FS,,yes,MT_FS,"Mind & Thought — Stupid, Foolish",0.372,MT_IR,"Mind & Thought — Reason, Intelligence",0.323,SP_SA,Sense Perception — Salty,0.321
PDR2002,*ū(n)d-,to blow,MO_BL,MO_BL,,yes,MO_BL,Motion & Transportation — to Blow,0.602,BP_FB,"Body Parts & Functions — to Fart, Break Wind",0.435,FD_SU,"Food & Drink — to Suck, Suckle",0.367
PDR2003,*ūnd_-,"to plant, fix",AV_RO,AV_MR,YES,yes,AV_RO,Agriculture & Vegetation — Root,0.459,AV_SS,Agriculture & Vegetation — to Sow; Seed,0.456,AV_DI,"Agriculture & Vegetation — to Dig, Delve",0.444
PDR2004,*ūnǯ- (*-nc-),"lean, withered; to dry up",BP_WE,PA_WA,YES,yes,BP_WE,"Body Parts & Functions — Weak, Infirm",0.318,BP_DD,Body Parts & Functions — to Die; Dead; Death,0.296,SP_DR,"Sense Perception — Dry, Arid",0.281
PDR2005,*ūr-,to wash (face),PA_WA,PA_WA,,yes,PA_WA,Physical Acts & Materials — to Wash,0.515,BP_FA,Body Parts & Functions — Face,0.400,CA_SA,Clothing & Adornment — Soap,0.373
PDR2006,*ūr-,to blow,MO_BL,MO_BL,,yes,MO_BL,Motion & Transportation — to Blow,0.600,BP_FB,"Body Parts & Functions — to Fart, Break Wind",0.419,PW_SM,Physical World — Smoke (n),0.367
PDR2007,*ūr-,village,SO_CI,SO_CI,,yes,SO_CI,"Social Relations — Town, City",0.419,DF_HS,Dwellings & Furniture — House,0.361,DF_DW,"Dwellings & Furniture — to Live, Dwell",0.352
PDR2008,*ū̆r-,"to rise, boil over, swell",FD_BO,FD_BO,,yes,FD_BO,Food & Drink — to Boil (trans,0.575,MO_BO,Motion & Transportation — to Boil (intrans,0.464,FD_SB,"Food & Drink — Soup, Broth",0.406
PDR2009,*ū̆r- (*-d_-),"to leak, ooze",PA_PO,CA_OI,YES,yes,PA_PO,Physical Acts & Materials — to Pour,0.388,BP_ED,"Body Parts & Functions — to Void Excrement; Dung, Excrement",0.370,BP_UU,Body Parts & Functions — to Urinate; Urine,0.365
PDR2010,*ūs-[c-],to spit,BP_SP,BP_SP,,yes,BP_SP,Body Parts & Functions — to Spit,0.607,FD_SU,"Food & Drink — to Suck, Suckle",0.521,BP_LC,Body Parts & Functions — to Lick,0.395
PDR2011,"*ūs-, *ūs-ŋ-",to swing,MO_JL,MO_TH,YES,yes,MO_JL,"Motion & Transportation — to Jump, Leap",0.340,PA_SH,"Physical Acts & Materials — to Hit, Strike, Beat",0.325,MO_TH,Motion & Transportation — to Throw,0.308
PDR2012,*ūẓ-,"to sweep up, heap up",PA_SW,PA_SW,,yes,PA_SW,Physical Acts & Materials — to Sweep,0.519,PA_WA,Physical Acts & Materials — to Wash,0.392,PA_BM,Physical Acts & Materials — Broom,0.381
PDR2013,*ūẓ-i-,service; to serve,SO_ST,SO_ST,,yes,SO_ST,Social Relations — Servant,0.520,SO_SL,Social Relations — Slave,0.355,RB_SO,"Religion & Beliefs — Sacrifice, Offering",0.336
PDR2014,*vaḍ-,"1 to fade, diminish 2 to dry up",SP_DR,SP_WD,YES,yes,SP_DR,"Sense Perception — Dry, Arid",0.357,PW_MI,"Physical World — Mist, Fog, Haze",0.351,SP_WD,"Sense Perception — Wet, Damp",0.324
PDR2015,*vàḍ-,north,SR_NO,SR_NO,,,SR_NO,Spatial Relations — North,0.634,SR_SO,Spatial Relations — South,0.448,SR_EA,Spatial Relations — East,0.439
PDR2016,*vadar_-,"to chatter, prattle",LM_ST,LM_ST,,yes,LM_ST,"Language & Music — to Speak, Talk",0.396,LM_BS,Language & Music — to be Silent,0.391,EM_GR,Emotion — to Groan,0.364
PDR2017,*vaḍḍ-,to flow; to pour; to strain,MO_FL,PA_PO,YES,yes,MO_FL,Motion & Transportation — to Flow,0.594,PW_RS,"Physical World — Brook, Stream, River",0.470,PA_PO,Physical Acts & Materials — to Pour,0.442
PDR2018,*vaḍ[i]- (*b-),"form, shape, beauty",PA_MD,BP_FA,YES,yes,PA_MD,"Physical Acts & Materials — to Mold, Form",0.497,SR_FS,"Spatial Relations — Form, Shape (n)",0.458,SP_SG,"Sense Perception — Sight (obj), Look (obj), Appearance",0.454
PDR2019,*vad_-,to fry,FD_RF,FD_RF,,yes,FD_RF,"Food & Drink — to Roast, Fry",0.573,FD_CO,Food & Drink — to Cook,0.418,FD_BA,Food & Drink — to Bake,0.389
PDR2020,*vad_-/*vat_-,to dry; to wither,SP_WD,PA_WA,YES,yes,SP_WD,"Sense Perception — Wet, Damp",0.417,SP_DR,"Sense Perception — Dry, Arid",0.403,PA_WA,Physical Acts & Materials — to Wash,0.385
PDR2021,*vag-,to think,MT_KN,MT_BE,YES,yes,MT_KN,Mind & Thought — to Know,0.576,MT_TR,"Mind & Thought — to Think, Reflect",0.565,MT_TO,"Mind & Thought — to Think, be of the Opinion",0.563
PDR2022,*vagg-,a k. of fish,AN_FI,AN_FI,,yes,AN_FI,Animals — Fish (n),0.588,AN_FM,Animals — Fisherman,0.500,AN_AN,Animals — Animal,0.350
PDR2023,*vagg-/*vaŋ-,to bend,PA_BN,PA_BN,,yes,PA_BN,Physical Acts & Materials — to Bend,0.601,PA_SR,Physical Acts & Materials — to Stretch,0.437,PA_FO,Physical Acts & Materials — to Fold,0.425
PDR2024,*vai-,"1 to put, place 2 to bear",SR_PU,AN_BR,YES,yes,SR_PU,"Spatial Relations — to Put, Place, Set, Lay",0.452,MO_CA,"Motion & Transportation — to Bear, Carry",0.387,PT_PR,"Possession & Trade — to Save, Preserve, Keep Safe",0.362
PDR2025,*vai-[ɣ-],dawn,TI_DW,TI_DW,,yes,TI_DW,Time — Dawn,0.527,TI_EV,Time — Evening,0.413,TI_MG,Time — Morning,0.411
PDR2026,*vaj-,straw [of paddy],AV_HY,FD_SP,YES,yes,AV_HY,Agriculture & Vegetation — Hay,0.518,AV_GG,"Agriculture & Vegetation — Grain (generic, British Corn)",0.462,AV_GR,Agriculture & Vegetation — Grass,0.456
PDR2027,*va(j)-,"desire, longing",EM_DE,EM_DE,,yes,EM_DE,Emotion — to Desire,0.736,EM_WW,"Emotion — to Will, Wish",0.579,EM_EJ,"Emotion — Envy, Jealousy",0.545
PDR2028,*vaj-,to snatch away,PT_SG,PT_ST,YES,yes,PT_SG,"Possession & Trade — to Grasp, Seize, Take Hold of",0.534,PT_ST,Possession & Trade — to Steal,0.502,PT_TA,Possession & Trade — to Take,0.453
PDR2029,*vaj-,to revile,PT_RE,MO_TU,YES,,PT_RE,Possession & Trade — to Restore,0.419,EM_RR,"Emotion — to Regret, Repent",0.399,PT_GB,"Possession & Trade — to Return, Give Back",0.371
PDR2030,*vajnder_-,"tongue, palate",BP_TG,BP_TG,,yes,BP_TG,Body Parts & Functions — Tongue,0.721,BP_MO,Body Parts & Functions — Mouth,0.610,BP_LI,Body Parts & Functions — Lip,0.572
PDR2031,*vajt-,finger ring,CA_FR,CA_FR,,yes,CA_FR,Clothing & Adornment — Finger Ring,0.642,BP_FI,Body Parts & Functions — Finger,0.411,CA_GL,Clothing & Adornment — Glove,0.401
PDR2032,*vaK-,"division; kind; manner, mode",SR_DI,QN_CW,YES,yes,SR_DI,Spatial Relations — to Divide,0.454,QN_HA,Quantity & Number — Half,0.392,QN_TF,Quantity & Number — a Third (fraction),0.363
PDR2033,*vàl-,net,AN_FM,MT_MI,YES,yes,AN_FM,Animals — Fisherman,0.291,AN_SK,Animals — Snake,0.289,CA_SE,Clothing & Adornment — to Sew,0.282
PDR2034,*val-,"big; much, very",SR_XL,QN_MM,YES,yes,SR_XL,"Spatial Relations — Big, Large, Great",0.412,BP_SM,"Body Parts & Functions — Strong, Mighty, Powerful",0.282,EM_PD,Emotion — Proud,0.280
PDR2035,*val-,tired; attenuate,EM_SA,BP_SL,YES,yes,EM_SA,Emotion — Sad,0.314,EM_GR,Emotion — to Groan,0.313,EM_TC,"Emotion — Timid, Cowardly",0.299
PDR2036,*vaḷ-,to cut; to be sharp,PA_CU,PA_CU,,yes,PA_CU,Physical Acts & Materials — to Cut,0.527,FD_KN,Food & Drink — Knife,0.430,PA_SS,"Physical Acts & Materials — Shears, Scissors",0.417
PDR2037,*val- (?),stone,PW_SR,PW_SR,,,PW_SR,"Physical World — Rock, Stone",0.609,PA_MO,Physical Acts & Materials — Mortar,0.357,FD_GR,Food & Drink — to Grind,0.340
PDR2038,*vaḷ-ai-,to turn; to surround,MO_TA,MO_TA,,yes,MO_TA,Motion & Transportation — to Turn Around,0.633,MO_TU,Motion & Transportation — to Turn,0.600,MO_RO,Motion & Transportation — to Roll,0.416
PDR2039,*vaḷ-i,creeper,MO_CC,MO_CC,,yes,MO_CC,"Motion & Transportation — to Creep, Crawl",0.299,CA_SL,Clothing & Adornment — Slipper,0.261,AV_VI,Agriculture & Vegetation — Vine,0.250
PDR2040,*vàḷi-,wind,PW_WI,PW_WI,,yes,PW_WI,"Physical World — Wind, Breeze",0.585,MO_BL,Motion & Transportation — to Blow,0.452,MO_WW,"Motion & Transportation — to Wind, Wrap",0.445
PDR2041,*valt_-,paddy,FD_DI,FD_PT,YES,yes,FD_DI,Food & Drink — Dish,0.379,FD_PT,Food & Drink — Potato,0.370,AV_GG,"Agriculture & Vegetation — Grain (generic, British Corn)",0.369
PDR2042,*vaṇ-,to tremble,MO_SH,MO_SH,,yes,MO_SH,Motion & Transportation — to Shake,0.494,EM_GR,Emotion — to Groan,0.387,EM_FF,"Emotion — Fear, Fright",0.355
PDR2043,*van- (?),elder brother's wife,MK_SW,MK_SW,,yes,MK_SW,Mankind — Sister-in-Law,0.514,MK_DL,Mankind — Daughter-in-Law,0.504,MK_SL,Mankind — Son-in-Law,0.484
PDR2044,*vanḍ-,"mud, dirt",PW_MU,PW_MU,,yes,PW_MU,"Physical World — Mud, Mire",0.574,PW_SA,"Physical World — Sand, Grit",0.442,SP_DS,"Sense Perception — Dirty, Soiled",0.418
PDR2045,*vand_-,to cook,FD_CO,FD_CO,,yes,FD_CO,Food & Drink — to Cook,0.615,FD_RF,"Food & Drink — to Roast, Fry",0.531,FD_BO,Food & Drink — to Boil (trans,0.496
PDR2046,*van-i,a k. of prickly tree,AV_TR,PW_TR,YES,yes,AV_TR,Agriculture & Vegetation — Tree (generic),0.441,AV_PN,"Agriculture & Vegetation — Plant, Herb",0.347,AV_FI,Agriculture & Vegetation — Fir,0.335
PDR2047,*vans-,1 intestines 2 stomach,BP_BS,BP_BS,,yes,BP_BS,"Body Parts & Functions — Belly, Stomach",0.633,BP_NV,Body Parts & Functions — Navel,0.514,BP_VO,Body Parts & Functions — to Vomit,0.486
PDR2048,*vaŋ- (?),calf of leg,BP_LE,AN_CF,YES,yes,BP_LE,Body Parts & Functions — Leg,0.589,BP_KN,Body Parts & Functions — Knee,0.538,BP_FT,Body Parts & Functions — Foot,0.488
PDR2049,*vaŋk-,hook; a k. of curved ornament,CA_PI,SR_HK,YES,yes,CA_PI,"Clothing & Adornment — Pin, Brooch",0.332,CA_HF,Clothing & Adornment — Handkerchief,0.329,CA_NC,Clothing & Adornment — Necklace,0.328
PDR2050,*va(ŋ)k-,"stork, crane",AN_CK,AN_BA,YES,yes,AN_CK,"Animals — Cock, Rooster",0.331,AN_BI,Animals — Bird,0.327,AN_SK,Animals — Snake,0.326
PDR2051,*vaŋk-,rat hole,SR_HL,AN_MO,YES,yes,SR_HL,Spatial Relations — Hole,0.404,AN_SK,Animals — Snake,0.297,AN_MO,Animals — Mouse,0.289
PDR2052,*var-,paddy,AV_GG,FD_PT,YES,yes,AV_GG,"Agriculture & Vegetation — Grain (generic, British Corn)",0.354,AV_RI,Agriculture & Vegetation — Rice,0.330,FD_PT,Food & Drink — Potato,0.324
PDR2053,*var-,boundary; ridge,PW_SH,SR_ED,YES,yes,PW_SH,"Physical World — Shore, Beach",0.365,PW_RS,"Physical World — Brook, Stream, River",0.306,SR_ED,Spatial Relations — Edge,0.296
PDR2054,*var-a-,"to scratch, write",PA_CV,LM_WE,YES,yes,PA_CV,Physical Acts & Materials — to Carve,0.491,LM_WE,Language & Music — to Write,0.449,LM_IN,Language & Music — Ink,0.423
PDR2055,*var-ai,mountain; steep slope,PW_MH,PW_MH,,yes,PW_MH,"Physical World — Hill, Mountain",0.582,MO_RI,Motion & Transportation — to Rise,0.288,AN_SN,Animals — Stallion,0.284
PDR2056,*var_-,flood,PW_RA,PW_RS,YES,yes,PW_RA,Physical World — Rain (n),0.416,PW_RS,"Physical World — Brook, Stream, River",0.397,PW_WA,Physical World — Water,0.346
PDR2057,*vas-,sharp,SP_SP,SP_SP,,yes,SP_SP,Sense Perception — Sharp,0.583,SP_LL,"Sense Perception — Dull, Blunt",0.432,FD_KN,Food & Drink — Knife,0.371
PDR2058,*vaṭ-,unmarried,MK_MR,MK_MR,,yes,MK_MR,"Mankind — to Wed, Marry",0.378,MK_MW,"Mankind — Wedding, Marriage",0.364,MK_HU,Mankind — Husband,0.356
PDR2059,*vaṭ-i,belly; rupture,BP_BS,BP_BS,,yes,BP_BS,"Body Parts & Functions — Belly, Stomach",0.607,BP_NV,Body Parts & Functions — Navel,0.530,BP_RI,Body Parts & Functions — Rib,0.414
PDR2060,*vaẓ-,road,MO_RA,MO_RA,,yes,MO_RA,Motion & Transportation — Road,0.574,MO_ST,Motion & Transportation — Street,0.493,MO_PA,Motion & Transportation — Path,0.456
PDR2061,*vaẓ-,to scrape; to wipe,PA_SW,PA_WA,YES,yes,PA_SW,Physical Acts & Materials — to Sweep,0.372,PA_RU,Physical Acts & Materials — to Rub,0.366,FD_KD,Food & Drink — to Knead,0.364
PDR2062,*vaẓ-,to act; action; manner; movement,PA_MA,MO_MO,YES,yes,PA_MA,"Physical Acts & Materials — to Do, Make",0.449,EM_PV,Emotion — to Play,0.422,PA_WV,"Physical Acts & Materials — to Work, Toil",0.406
PDR2063,*vaẓ-,to flow,MO_FL,MO_FL,,yes,MO_FL,Motion & Transportation — to Flow,0.568,PW_RS,"Physical World — Brook, Stream, River",0.428,PA_PO,Physical Acts & Materials — to Pour,0.402
PDR2064,*vaẓdaŋ-,brinjal,FD_ON,AV_FO,YES,yes,FD_ON,Food & Drink — Onion,0.318,FD_BN,Food & Drink — Bean,0.304,AV_PN,"Agriculture & Vegetation — Plant, Herb",0.278
PDR2065,*vaẓt-,a snare,AN_SK,BP_SP,YES,yes,AN_SK,Animals — Snake,0.334,AN_BE,Animals — Bee,0.318,AN_DU,Animals — Duck,0.316
PDR2066,*vāḍ-,to shrivel,PA_TE,AN_CA,YES,yes,PA_TE,Physical Acts & Materials — to Tear,0.377,PA_FS,"Physical Acts & Materials — to Flay, Skin",0.349,TI_CE,Time — to Cease,0.336
PDR2067,*vāḍ-,scent; to smell,SP_GS,SP_GS,,yes,SP_GS,"Sense Perception — Fragrant, Good Smelling",0.628,SP_VS,Sense Perception — to Smell (subj),0.611,SP_VO,Sense Perception — to Smell (obj),0.597
PDR2068,*vāḍ-,"habit; to use, employ",TI_OF,PT_HR,YES,,TI_OF,Time — Often,0.417,TI_AL,Time — Always,0.385,MT_FR,Mind & Thought — to Forget,0.373
PDR2069,*vāḍ- (?),"flesh, roast meat",FD_RF,FD_ME,YES,yes,FD_RF,"Food & Drink — to Roast, Fry",0.586,FD_ME,Food & Drink — Meat,0.577,FD_BE,Food & Drink — Beef,0.507
PDR2070,*vāɣil,1 outside 2 door,DF_DG,DF_DG,,yes,DF_DG,"Dwellings & Furniture — Door, Gate",0.517,DF_YR,"Dwellings & Furniture — Yard, Court",0.359,DF_WN,Dwellings & Furniture — Window,0.349
PDR2071,*vāj-,field,PW_PF,PW_PF,,yes,PW_PF,"Physical World — Plain, Field",0.536,AV_PL,Agriculture & Vegetation — to Plow; Plow,0.436,AV_FC,Agriculture & Vegetation — Field for Cultivation,0.435
PDR2072,*vāj,mouth; edge,BP_MO,BP_MO,,yes,BP_MO,Body Parts & Functions — Mouth,0.617,BP_SP,Body Parts & Functions — to Spit,0.532,BP_TG,Body Parts & Functions — Tongue,0.524
PDR2073,*vāj-,to swell,PA_SR,BP_BI,YES,yes,PA_SR,Physical Acts & Materials — to Stretch,0.349,BP_SS,Body Parts & Functions — Sick; Sickness,0.302,MO_RI,Motion & Transportation — to Rise,0.298
PDR2074,*vāl-,to perch,MO_JL,AN_BI,YES,yes,MO_JL,"Motion & Transportation — to Jump, Leap",0.361,MO_RL,"Motion & Transportation — to Lift, Raise",0.356,MO_RI,Motion & Transportation — to Rise,0.356
PDR2075,*vāḷ-,to peel; to slice,PA_CU,FD_KN,YES,yes,PA_CU,Physical Acts & Materials — to Cut,0.366,PA_FS,"Physical Acts & Materials — to Flay, Skin",0.332,PA_CV,Physical Acts & Materials — to Carve,0.322
PDR2076,*vāḷ-,a k. of fish,AN_FI,AN_FI,,yes,AN_FI,Animals — Fish (n),0.547,AN_FM,Animals — Fisherman,0.498,FD_DI,Food & Drink — Dish,0.324
PDR2077,*vāḷ-,sword,WH_SW,WH_SW,,yes,WH_SW,Warfare & Hunting — Sword,0.641,WH_SP,Warfare & Hunting — Spear,0.532,WH_BA,Warfare & Hunting — Battle-Ax,0.430
PDR2078,*vāl- (?),yellow,SP_YL,SP_YL,,yes,SP_YL,Sense Perception — Yellow,0.594,SP_CO,Sense Perception — Color,0.404,SP_RD,Sense Perception — Red,0.402
PDR2079,*vān-,1 sky 2 rain,PW_RA,PW_RA,,yes,PW_RA,Physical World — Rain (n),0.551,PW_MI,"Physical World — Mist, Fog, Haze",0.489,PW_SK,"Physical World — Sky, Heavens",0.459
PDR2080,*vān-,to make smth.,FD_CO,PA_SI,YES,,FD_CO,Food & Drink — to Cook,0.416,FD_BA,Food & Drink — to Bake,0.407,FD_KD,Food & Drink — to Knead,0.373
PDR2081,*vāŋ-,to leak; to pour,PA_PO,PA_PO,,yes,PA_PO,Physical Acts & Materials — to Pour,0.379,PA_TE,Physical Acts & Materials — to Tear,0.314,BP_ED,"Body Parts & Functions — to Void Excrement; Dung, Excrement",0.313
PDR2082,*vāpal-,bat,AN_FL,FD_PJ,YES,yes,AN_FL,Animals — Fly (n),0.388,AN_BI,Animals — Bird,0.360,AN_IN,Animals — Insect,0.357
PDR2083,*vā-[r]-,to come,TI_SI,TI_FI,YES,yes,TI_SI,"Time — Soon, Immediately",0.360,MO_AR,"Motion & Transportation — to Reach, Arrive",0.305,EM_WW,"Emotion — to Will, Wish",0.299
PDR2084,*vār-,to flow; to strain,MO_FL,MO_FL,,yes,MO_FL,Motion & Transportation — to Flow,0.595,PW_RS,"Physical World — Brook, Stream, River",0.508,PW_WA,Physical World — Water,0.398
PDR2085,*vār-,"to split, cut open",PA_CU,PA_SP,YES,yes,PA_CU,Physical Acts & Materials — to Cut,0.507,PA_SP,Physical Acts & Materials — to Split,0.445,PA_TE,Physical Acts & Materials — to Tear,0.427
PDR2086,*vār-,a sum of money,PT_MO,QN_QN,YES,yes,PT_MO,Possession & Trade — Money,0.517,PT_DB,Possession & Trade — Debt,0.447,PT_PA,Possession & Trade — to Pay,0.446
PDR2087,*vār-,to scoop,FD_KD,BP_SP,YES,yes,FD_KD,Food & Drink — to Knead,0.492,FD_GR,Food & Drink — to Grind,0.441,PA_SW,Physical Acts & Materials — to Sweep,0.435
PDR2088,"*vār-, *vār-nd-",to suffer; pain,EM_PS,EM_PS,,yes,EM_PS,"Emotion — Pain, Suffering",0.479,EM_MF,Emotion — Misfortune,0.457,EM_PT,Emotion — Pity (n),0.411
PDR2089,*ved-,to search,PT_SE,PT_FI,YES,yes,PT_SE,Possession & Trade — to Seek,0.386,EM_DE,Emotion — to Desire,0.381,SP_LO,Sense Perception — to Look,0.378
PDR2090,*veḍ-,to shine; clear,SP_SH,MT_CP,YES,yes,SP_SH,"Sense Perception — to Shine, Glisten",0.502,EM_GL,"Emotion — Fame, Glory",0.367,SP_BR,Sense Perception — Bright,0.355
PDR2091,*veḍ-[aŋ-] (?),beauty,EM_BF,EM_BF,,yes,EM_BF,Emotion — Beautiful,0.398,CA_JW,"Clothing & Adornment — Gem, Jewel",0.377,CA_MR,Clothing & Adornment — Mirror,0.359
PDR2092,*vedir,bamboo,AV_TR,AN_MK,YES,yes,AV_TR,Agriculture & Vegetation — Tree (generic),0.484,AV_PN,"Agriculture & Vegetation — Plant, Herb",0.438,AV_LE,Agriculture & Vegetation — Leaf,0.423
PDR2093,*ved_- / *ver- (?),to fear,EM_FF,EM_FF,,yes,EM_FF,"Emotion — Fear, Fright",0.565,EM_DE,Emotion — to Desire,0.461,EM_DG,"Emotion — Peril, Danger",0.436
PDR2094,*ved_ag-,firewood,PW_WD,PW_WD,,yes,PW_WD,"Physical World — Wood, Timber",0.500,PW_FI,Physical World — Fire (n),0.425,PW_MT,"Physical World — Match, Fire Stick",0.410
PDR2095,*vej-,to hit (with a throwing motion),PA_SH,MO_TH,YES,yes,PA_SH,"Physical Acts & Materials — to Hit, Strike, Beat",0.600,MO_TH,Motion & Transportation — to Throw,0.505,PA_SW,Physical Acts & Materials — to Sweep,0.339
PDR2096,*vejr_- (?),"empty, alone",QN_EM,QN_EM,,yes,QN_EM,Quantity & Number — Empty,0.448,TI_CE,Time — to Cease,0.337,DF_DW,"Dwellings & Furniture — to Live, Dwell",0.333
PDR2097,*vek-,to hiccough,EM_GR,TI_MS,YES,yes,EM_GR,Emotion — to Groan,0.389,BP_YG,"Body Parts & Functions — to Gape, Yawn",0.384,BP_CO,Body Parts & Functions — to Cough,0.366
PDR2098,*veḷ-,to lie on one's back,SR_LI,EM_LI,YES,yes,SR_LI,"Spatial Relations — to Lie, Recline",0.437,BP_BA,Body Parts & Functions — Back,0.295,BP_SL,Body Parts & Functions — to Sleep; Sleep,0.255
PDR2099,*veḷ-,"to go out, expel; outside",MO_GA,MO_EN,YES,yes,MO_GA,"Motion & Transportation — to Depart, Go Away",0.519,MO_FE,Motion & Transportation — to Flee,0.375,MO_BG,Motion & Transportation — to Bring,0.338
PDR2100,*veḷ-,white,SP_WH,SP_WH,,yes,SP_WH,Sense Perception — White,0.523,SP_CO,Sense Perception — Color,0.392,SP_YL,Sense Perception — Yellow,0.362
PDR2101,*veḷ-,flood,PW_RS,PW_RS,,yes,PW_RS,"Physical World — Brook, Stream, River",0.383,PW_RA,Physical World — Rain (n),0.347,PW_WA,Physical World — Water,0.325
PDR2102,*veḷ-,wood apple,FD_AP,FD_AP,,yes,FD_AP,Food & Drink — Apple,0.541,AV_TR,Agriculture & Vegetation — Tree (generic),0.533,AV_BE,Agriculture & Vegetation — Beech,0.480
PDR2103,*veḷ-,"to be ashamed, afraid",EM_SH,EM_SH,,yes,EM_SH,Emotion — Shame (n),0.559,EM_TC,"Emotion — Timid, Cowardly",0.519,EM_DA,Emotion — to Dare,0.508
PDR2104,*velg-,fence,AN_PS,DF_YR,YES,yes,AN_PS,Animals — Pasture,0.408,DF_DG,"Dwellings & Furniture — Door, Gate",0.371,WH_FT,Warfare & Hunting — Fortress,0.367
PDR2105,*vel-V́k- (?),thin strip of bamboo,SR_NS,PW_WD,YES,yes,SR_NS,Spatial Relations — Thin (in Density),0.263,PW_WD,"Physical World — Wood, Timber",0.245,SR_ND,Spatial Relations — Thin (in Dimension),0.239
PDR2106,*ven-,to hear,SP_HE,SP_HE,,yes,SP_HE,Sense Perception — to Hear,0.557,SP_LI,"Sense Perception — to Listen, Harken",0.505,SP_LD,Sense Perception — Loud,0.399
PDR2107,*venḍ-,to return; again,PT_GB,PT_GB,,yes,PT_GB,"Possession & Trade — to Return, Give Back",0.438,PT_RE,Possession & Trade — to Restore,0.369,MO_GA,"Motion & Transportation — to Depart, Go Away",0.365
PDR2108,*venḍ- (?),hair,BP_HA,BP_HA,,yes,BP_HA,Body Parts & Functions — Hair,0.599,CA_CB,Clothing & Adornment — Comb,0.472,CA_FU,Clothing & Adornment — Fur,0.462
PDR2109,*ve[ń]s-,to thatch,DF_RF,TI_LS,YES,yes,DF_RF,Dwellings & Furniture — Roof,0.355,CA_WE,Clothing & Adornment — to Weave,0.353,CA_DY,Clothing & Adornment — to Dye,0.341
PDR2110,*veral_-,finger,BP_FI,BP_FI,,yes,BP_FI,Body Parts & Functions — Finger,0.594,BP_TM,Body Parts & Functions — Thumb,0.524,BP_HN,Body Parts & Functions — Hand,0.457
PDR2111,*verin-,back,BP_BA,BP_BA,,yes,BP_BA,Body Parts & Functions — Back,0.514,BP_FC,Body Parts & Functions — Front of Chest,0.353,BP_SD,Body Parts & Functions — Shoulder,0.319
PDR2112,*verl-,large tree root,AV_TR,AV_RO,YES,yes,AV_TR,Agriculture & Vegetation — Tree (generic),0.439,AV_RO,Agriculture & Vegetation — Root,0.434,PW_TR,"Physical World — Tree, Oak",0.390
PDR2113,*verVg-,wild cat,AN_CT,AN_CT,,yes,AN_CT,Animals — Cat,0.515,AN_LN,Animals — Lion,0.422,AN_MA,Animals — Male Animal,0.399
PDR2114,*ver_-,mad,EM_AG,EM_AG,,yes,EM_AG,Emotion — Anger,0.421,EM_RF,"Emotion — Rage, Fury",0.379,MT_IM,"Mind & Thought — Mad, Crazy, Insane",0.377
PDR2115,*ver_- (*-d_-),"to hate, detest",EM_HT,EM_HT,,yes,EM_HT,Emotion — Hate (n),0.583,RB_CU,Religion & Beliefs — to Curse,0.451,EM_EJ,"Emotion — Envy, Jealousy",0.433
PDR2116,*vet_-,betel pepper,FD_PP,FD_PP,,yes,FD_PP,Food & Drink — Pepper,0.540,FD_PE,Food & Drink — Pea,0.407,FD_BN,Food & Drink — Bean,0.406
PDR2117,*veṭ-,1 mountain 2 shore,PW_MH,PW_SH,YES,yes,PW_MH,"Physical World — Hill, Mountain",0.530,PW_SH,"Physical World — Shore, Beach",0.462,PW_GB,"Physical World — Gulf, Bay",0.338
PDR2118,*veṭ-,"hot, heat",SP_HW,SP_HW,,yes,SP_HW,"Sense Perception — Hot, Warm",0.525,EM_PA,Emotion — Passion,0.375,TI_SM,Time — Summer,0.356
PDR2119,*veṭ-,to cut,PA_CU,PA_CU,,yes,PA_CU,Physical Acts & Materials — to Cut,0.601,PA_SS,"Physical Acts & Materials — Shears, Scissors",0.464,FD_KN,Food & Drink — Knife,0.422
PDR2120,*vē-,to be hot,EM_DE,EM_DE,,yes,EM_DE,Emotion — to Desire,0.389,PW_BU,"Physical World — to Burn, Scorch",0.369,SP_HW,"Sense Perception — Hot, Warm",0.359
PDR2121,*vēɣ- (*b-),"to spy, peep",SP_LO,BP_UU,YES,yes,SP_LO,Sense Perception — to Look,0.359,SP_SE,Sense Perception — to See,0.306,MT_SU,Mind & Thought — Suspicion,0.303
PDR2122,*vēḷ-,to sacrifice,RB_SO,RB_SO,,yes,RB_SO,"Religion & Beliefs — Sacrifice, Offering",0.615,RB_AL,Religion & Beliefs — Altar,0.385,RB_WO,Religion & Beliefs — to Worship,0.374
PDR2123,*vēḷ-,"throat, neck",BP_TR,BP_NK,YES,yes,BP_TR,Body Parts & Functions — Throat,0.643,BP_NK,Body Parts & Functions — Neck,0.596,BP_TG,Body Parts & Functions — Tongue,0.498
PDR2124,*vēḷ-,petty chief,WH_AD,WH_AD,,yes,WH_AD,Warfare & Hunting — Admiral,0.344,SO_NN,Social Relations — Other Titles of Nobility,0.327,SO_EM,Social Relations — Emperor,0.295
PDR2125,*vēl-,"dart, spear",WH_SP,WH_SP,,yes,WH_SP,Warfare & Hunting — Spear,0.681,WH_AW,Warfare & Hunting — Arrow,0.609,WH_SW,Warfare & Hunting — Sword,0.605
PDR2126,*vēl-ai,work,PA_WS,TI_FI,YES,yes,PA_WS,"Physical Acts & Materials — Work, Labor",0.489,PA_WV,"Physical Acts & Materials — to Work, Toil",0.470,SO_ST,Social Relations — Servant,0.343
PDR2127,*vēḷai,a k. of herb (black vailay),AV_PN,AV_PN,,yes,AV_PN,"Agriculture & Vegetation — Plant, Herb",0.484,AV_FL,Agriculture & Vegetation — Flower,0.350,AV_LE,Agriculture & Vegetation — Leaf,0.344
PDR2128,*vēlẓ- (?),to desire (physically),EM_DE,EM_DE,,yes,EM_DE,Emotion — to Desire,0.714,EM_PL,Emotion — to Please,0.497,EM_WW,"Emotion — to Will, Wish",0.487
PDR2129,*vēmp-,the neem tree,AV_TR,AV_TR,,yes,AV_TR,Agriculture & Vegetation — Tree (generic),0.517,AV_RO,Agriculture & Vegetation — Root,0.410,PW_TR,"Physical World — Tree, Oak",0.401
PDR2130,*vēnd-,king; god,SO_KK,SO_KK,,yes,SO_KK,Social Relations — King,0.361,SO_NN,Social Relations — Other Titles of Nobility,0.269,SO_EM,Social Relations — Emperor,0.266
PDR2131,*vēnḍ-,"to want, desire",EM_DE,EM_DE,,yes,EM_DE,Emotion — to Desire,0.673,EM_WW,"Emotion — to Will, Wish",0.511,EM_PL,Emotion — to Please,0.503
PDR2132,*vē[ń]s-,to wear (a piece of cloth),CA_CD,CA_CD,,yes,CA_CD,"Clothing & Adornment — to Clothe, Dress",0.698,CA_CL,Clothing & Adornment — Cloth,0.667,CA_CK,Clothing & Adornment — Cloak,0.630
PDR2133,*vēnṭ-,to hunt,AN_HU,AN_HU,,yes,AN_HU,Animals — to Hunt,0.691,WH_FI,Warfare & Hunting — to Fight,0.551,WH_VI,Warfare & Hunting — Victory,0.497
PDR2134,*vēnǯ-,to unpack,MO_CA,MO_FE,YES,yes,MO_CA,"Motion & Transportation — to Bear, Carry",0.429,MO_BG,Motion & Transportation — to Bring,0.416,PA_FO,Physical Acts & Materials — to Fold,0.413
PDR2135,*vēŋ-,"tiger, leopard",AN_LN,AN_LN,,yes,AN_LN,Animals — Lion,0.641,AN_CT,Animals — Cat,0.545,AN_EL,Animals — Elephant,0.517
PDR2136,*vēŋ-,a k. of tree (Pterocarpus marsupium),AV_TR,AV_TR,,yes,AV_TR,Agriculture & Vegetation — Tree (generic),0.556,PW_TR,"Physical World — Tree, Oak",0.401,AV_BE,Agriculture & Vegetation — Beech,0.370
PDR2137,*vēs-,weariness,EM_GS,CA_FE,YES,yes,EM_GS,"Emotion — Grief, Sorrow",0.448,EM_GR,Emotion — to Groan,0.448,EM_EF,"Emotion — Feeling, Emotion",0.436
PDR2138,*vēt_-/*vēd_-,to separate,SR_SE,PA_SP,YES,yes,SR_SE,Spatial Relations — to Separate,0.424,PA_SP,Physical Acts & Materials — to Split,0.412,MO_GA,"Motion & Transportation — to Depart, Go Away",0.407
PDR2139,*vid-,"to expand, open; to flap",PA_SR,SR_OP,YES,yes,PA_SR,Physical Acts & Materials — to Stretch,0.460,SR_OP,Spatial Relations — to Open,0.426,PA_SO,"Physical Acts & Materials — to Strew, Spread Out",0.348
PDR2140,*vìd-,"desire, lust; rutting",EM_DE,EM_DE,,yes,EM_DE,Emotion — to Desire,0.688,EM_PA,Emotion — Passion,0.507,EM_EJ,"Emotion — Envy, Jealousy",0.503
PDR2141,*viḍ- (*-e-),"to open, burst, crack",PA_TE,PA_BK,YES,yes,PA_TE,Physical Acts & Materials — to Tear,0.532,PA_BK,Physical Acts & Materials — to Break,0.502,PA_SR,Physical Acts & Materials — to Stretch,0.374
PDR2142,*vid-[al_-],"to scatter, disperse",PA_SO,PW_DU,YES,yes,PA_SO,"Physical Acts & Materials — to Strew, Spread Out",0.531,PA_SW,Physical Acts & Materials — to Sweep,0.380,PA_PO,Physical Acts & Materials — to Pour,0.359
PDR2143,*viḍ[i]-,to leave,MO_GA,MO_GA,,yes,MO_GA,"Motion & Transportation — to Depart, Go Away",0.558,TI_CE,Time — to Cease,0.429,MO_FE,Motion & Transportation — to Flee,0.427
PDR2144,*vig-,tight,PA_SR,CA_TR,YES,yes,PA_SR,Physical Acts & Materials — to Stretch,0.277,PT_SA,Possession & Trade — Safe (adj),0.248,PA_BI,Physical Acts & Materials — to Bind,0.248
PDR2145,*vig- (?),"surprise, amazement",EM_WA,EM_SU,YES,yes,EM_WA,"Emotion — Wonder, Astonishment",0.738,EM_SU,Emotion — Surprise,0.643,EM_TH,Emotion — Thanks (n),0.474
PDR2146,*vil-,to sell,PT_SL,PT_SL,,yes,PT_SL,Possession & Trade — to Sell,0.554,PT_BU,Possession & Trade — to Buy,0.472,PT_MK,Possession & Trade — Market (place),0.437
PDR2147,*viḷ-,"to split, crack",PA_TE,PA_SP,YES,yes,PA_TE,Physical Acts & Materials — to Tear,0.510,PA_SP,Physical Acts & Materials — to Split,0.472,PA_BK,Physical Acts & Materials — to Break,0.465
PDR2148,*vIḷ-aj-,to thrive; to grow,AV_SS,AV_CT,YES,yes,AV_SS,Agriculture & Vegetation — to Sow; Seed,0.374,FD_CO,Food & Drink — to Cook,0.362,FD_EA,Food & Drink — to Eat,0.353
PDR2149,*vil1,bow,WH_BW,WH_BW,,yes,WH_BW,Warfare & Hunting — Bow,0.599,WH_AW,Warfare & Hunting — Arrow,0.511,WH_SP,Warfare & Hunting — Spear,0.407
PDR2150,*viṇ,sky,PW_SK,PW_SK,,yes,PW_SK,"Physical World — Sky, Heavens",0.406,TI_NG,Time — Night,0.285,TI_MG,Time — Morning,0.284
PDR2151,*viṇ-,"to swell; stout, heavy",PA_SR,FD_BB,YES,yes,PA_SR,Physical Acts & Materials — to Stretch,0.395,MO_RL,"Motion & Transportation — to Lift, Raise",0.316,MO_RI,Motion & Transportation — to Rise,0.312
PDR2152,*vir-,to collapse; to be loosened,PA_FO,PA_FO,,yes,PA_FO,Physical Acts & Materials — to Fold,0.454,PA_TE,Physical Acts & Materials — to Tear,0.405,PA_SR,Physical Acts & Materials — to Stretch,0.392
PDR2153,*vir-,a k. of tree (sebesten),AV_TR,AV_TR,,yes,AV_TR,Agriculture & Vegetation — Tree (generic),0.504,PW_TR,"Physical World — Tree, Oak",0.421,PW_WF,"Physical World — Woods, Forest",0.370
PDR2154,*vir-,to beg for,EM_PL,PT_BG,YES,yes,EM_PL,Emotion — to Please,0.455,EM_DE,Emotion — to Desire,0.450,PT_BG,Possession & Trade — Beggar,0.422
PDR2155,*vir-nd-,feast; entertainment,FD_AM,FD_SR,YES,yes,FD_AM,Food & Drink — a Meal,0.518,FD_DN,Food & Drink — Dinner,0.508,FD_SR,Food & Drink — Supper,0.498
PDR2156,*virs-,to thresh,AV_TH,AV_TH,,yes,AV_TH,Agriculture & Vegetation — to Thresh,0.465,AV_TF,Agriculture & Vegetation — Threshing-Floor,0.460,FD_KD,Food & Drink — to Knead,0.357
PDR2157,*vir_- (*-d_-),"bewildered, surprised",EM_WA,EM_SU,YES,yes,EM_WA,"Emotion — Wonder, Astonishment",0.642,EM_SU,Emotion — Surprise,0.560,EM_JG,"Emotion — Glad, Joyful",0.425
PDR2158,*vis-,to cook; to heat on the sun,FD_CO,FD_RF,YES,yes,FD_CO,Food & Drink — to Cook,0.592,FD_RF,"Food & Drink — to Roast, Fry",0.545,FD_BO,Food & Drink — to Boil (trans,0.527
PDR2159,*viS-,"1 all 2 big, great",SR_XL,QN_WH,YES,yes,SR_XL,"Spatial Relations — Big, Large, Great",0.442,QN_CW,Quantity & Number — Other Collective Words,0.385,QN_MM,"Quantity & Number — Much, Many",0.369
PDR2160,*vistar-,leaf plate,AV_LE,FD_PL,YES,yes,AV_LE,Agriculture & Vegetation — Leaf,0.437,FD_PL,Food & Drink — Plate,0.431,AV_FO,Agriculture & Vegetation — Fork (tool),0.391
PDR2161,*viẓ(i)-,to fall,MO_FA,MO_FA,,yes,MO_FA,Motion & Transportation — to Fall,0.606,MO_DR,Motion & Transportation — to Drop,0.526,MO_SI,Motion & Transportation — to Sink,0.407
PDR2162,*vī-,to throw; to blow,MO_TH,MO_TH,,yes,MO_TH,Motion & Transportation — to Throw,0.600,PA_SO,"Physical Acts & Materials — to Strew, Spread Out",0.394,PA_SH,"Physical Acts & Materials — to Hit, Strike, Beat",0.367
PDR2163,*vī-,"to die; to pass, go away",BP_DD,BP_DD,,yes,BP_DD,Body Parts & Functions — to Die; Dead; Death,0.421,TI_CE,Time — to Cease,0.393,MO_GA,"Motion & Transportation — to Depart, Go Away",0.348
PDR2164,*vīc-,one sixteenth,QN_HA,TI_MS,YES,yes,QN_HA,Quantity & Number — Half,0.415,QN_TF,Quantity & Number — a Third (fraction),0.338,TI_MS,"Time — Minute, Second",0.295
PDR2165,*vīŋ-,to stand up; to grow,SR_ST,EM_GL,YES,yes,SR_ST,Spatial Relations — to Stand,0.454,MO_RL,"Motion & Transportation — to Lift, Raise",0.382,MO_RI,Motion & Transportation — to Rise,0.356
PDR2166,*vī̆r_- (*-d_-),"to grow, overflow; proud, arrogant",SR_GW,EM_PD,YES,yes,SR_GW,Spatial Relations — to Grow,0.396,SR_XL,"Spatial Relations — Big, Large, Great",0.333,MO_OV,Motion & Transportation — to Overtake,0.310
PDR2167,*vī̆t-,to sow,AV_SS,AN_SO,YES,yes,AV_SS,Agriculture & Vegetation — to Sow; Seed,0.636,AN_SO,Animals — Sow,0.636,AV_MR,"Agriculture & Vegetation — to Mow, Reap",0.495
PDR2168,*vīẓ-,to sell,PT_SL,PT_SL,,yes,PT_SL,Possession & Trade — to Sell,0.590,PT_BU,Possession & Trade — to Buy,0.520,PT_MK,Possession & Trade — Market (place),0.489
PDR2169,*źaḷ-,pangolin,AN_LN,AN_CN,YES,yes,AN_LN,Animals — Lion,0.377,AN_SK,Animals — Snake,0.375,AN_MK,Animals — Monkey,0.370
PDR2170,*zaŋk-,to scold; to fear,SO_CO,EM_FF,YES,yes,SO_CO,Social Relations — to Compel,0.392,EM_BL,Emotion — Blame (n),0.375,EM_FG,Emotion — to Forgive,0.342
PDR2171,*zēr_-,a k. of snake (dhaman),AN_SK,AN_SK,,yes,AN_SK,Animals — Snake,0.525,AN_FI,Animals — Fish (n),0.350,AN_WR,Animals — Worm,0.322
PDR2172,*zol-,1 to speak 2 to order,SO_CR,SO_CR,,yes,SO_CR,"Social Relations — to Order, Command",0.407,LM_ST,"Language & Music — to Speak, Talk",0.406,LM_CS,"Language & Music — to Call, Summon",0.350
PDR2173,*zoḷ-,decayed; empty,BP_DD,QN_EM,YES,yes,BP_DD,Body Parts & Functions — to Die; Dead; Death,0.327,BP_ED,"Body Parts & Functions — to Void Excrement; Dung, Excrement",0.314,MK_OR,Mankind — Orphan,0.292
PDR2174,*zōk-,to wash,PA_WA,PA_WA,,yes,PA_WA,Physical Acts & Materials — to Wash,0.588,CA_SA,Clothing & Adornment — Soap,0.412,CA_TW,Clothing & Adornment — Towel,0.396
PDR2175,*zōl-,"to shake, swing, oscillate",MO_SH,MO_SH,,yes,MO_SH,Motion & Transportation — to Shake,0.559,PA_SO,"Physical Acts & Materials — to Strew, Spread Out",0.370,MO_DA,Motion & Transportation — to Dance,0.354
PDR2176,*zōmb-,"drowsy, lazy, idle; swoon",SP_DR,EM_UG,YES,yes,SP_DR,"Sense Perception — Dry, Arid",0.303,SP_DS,"Sense Perception — Dirty, Soiled",0.301,BP_SS,Body Parts & Functions — Sick; Sickness,0.292
PDR2177,*ʒak-,"to deride, jeer",RB_CU,PT_MS,YES,yes,RB_CU,Religion & Beliefs — to Curse,0.387,EM_HT,Emotion — Hate (n),0.346,EM_GR,Emotion — to Groan,0.341
PDR2178,*ʒal-,"to sift, sieve",SP_PS,QN_PR,YES,yes,SP_PS,"Sense Perception — to Sense, Perceive; Sense",0.345,PA_SW,Physical Acts & Materials — to Sweep,0.329,SP_SE,Sense Perception — to See,0.304
PDR2179,*ʒaŋ-,"step, stride",MO_WA,MO_WA,,yes,MO_WA,Motion & Transportation — to Walk,0.495,MO_RU,Motion & Transportation — to Run,0.406,MO_JL,"Motion & Transportation — to Jump, Leap",0.386
PDR2180,*ʒēg- (?),far,SR_FR,SR_FR,,yes,SR_FR,Spatial Relations — Far (adj),0.442,SR_NE,Spatial Relations — Near (adj),0.389,MO_GA,"Motion & Transportation — to Depart, Go Away",0.346
PDR2181,*ǯabb-,"weak, ill",BP_WE,BP_WE,,yes,BP_WE,"Body Parts & Functions — Weak, Infirm",0.384,BP_SS,Body Parts & Functions — Sick; Sickness,0.333,FD_HU,Food & Drink — Hunger (n),0.265
PDR2182,*ǯabb-,shoulder blade,BP_SD,BP_SD,,yes,BP_SD,Body Parts & Functions — Shoulder,0.564,BP_EL,Body Parts & Functions — Elbow,0.421,BP_RI,Body Parts & Functions — Rib,0.419
PDR2183,*ǯaḍḍ-,blockhead,BP_HE,BP_FO,YES,yes,BP_HE,Body Parts & Functions — Head,0.344,BP_FO,Body Parts & Functions — Forehead,0.314,BP_SK,Body Parts & Functions — Skull,0.295
PDR2184,*ǯaḍ-i-,to fear; to frighten,EM_FF,EM_FF,,yes,EM_FF,"Emotion — Fear, Fright",0.531,EM_DE,Emotion — to Desire,0.445,EM_TC,"Emotion — Timid, Cowardly",0.419
PDR2185,*ǯak- (?),to pierce,PA_CV,FD_KN,YES,yes,PA_CV,Physical Acts & Materials — to Carve,0.359,PA_KF,Physical Acts & Materials — Knife (tool),0.350,PA_CU,Physical Acts & Materials — to Cut,0.349
PDR2186,*ǯal-,"1 to strain, sprinkle 2 spring",PA_SO,PA_BN,YES,yes,PA_SO,"Physical Acts & Materials — to Strew, Spread Out",0.400,PW_SW,"Physical World — Spring, Well",0.397,PA_PO,Physical Acts & Materials — to Pour,0.373
PDR2187,*ǯal-,broken stone,PW_SR,PW_SR,,yes,PW_SR,"Physical World — Rock, Stone",0.509,PA_BK,Physical Acts & Materials — to Break,0.395,PA_TE,Physical Acts & Materials — to Tear,0.331
PDR2188,*ǯal-,spring; to leak,TI_SP,PW_SW,YES,yes,TI_SP,Time — Spring,0.634,PW_SW,"Physical World — Spring, Well",0.571,TI_AU,Time — Autumn,0.468
PDR2189,*ǯamb-,elephant grass,AV_GR,AN_EL,YES,yes,AV_GR,Agriculture & Vegetation — Grass,0.519,AN_EL,Animals — Elephant,0.499,AV_PN,"Agriculture & Vegetation — Plant, Herb",0.425
PDR2190,*ǯaŋ- (?),moon,PW_MO,PW_MO,,yes,PW_MO,Physical World — Moon,0.588,TI_NG,Time — Night,0.343,PW_SU,Physical World — Sun,0.306
PDR2191,*ǯar-,"to slip, fall",MO_SS,MO_SS,,yes,MO_SS,"Motion & Transportation — to Slip, Slide",0.685,MO_FA,Motion & Transportation — to Fall,0.563,MO_DR,Motion & Transportation — to Drop,0.540
PDR2192,*ǯav-,"swampy, shaky, soft",SP_WD,PW_SA,YES,yes,SP_WD,"Sense Perception — Wet, Damp",0.420,SP_DR,"Sense Perception — Dry, Arid",0.407,SP_DS,"Sense Perception — Dirty, Soiled",0.386
PDR2193,*ǯavaḷ-i,a k. of cloth,CA_CL,CA_CL,,yes,CA_CL,Clothing & Adornment — Cloth,0.680,CA_CD,"Clothing & Adornment — to Clothe, Dress",0.593,CA_CO,Clothing & Adornment — Cotton,0.586
PDR2194,*ǯāḍ-,"sign, trace",SR_SN,SR_SN,,yes,SR_SN,Spatial Relations — Sign (n),0.371,MO_PA,Motion & Transportation — Path,0.295,SP_RD,Sense Perception — Red,0.288
PDR2195,*ǯā̆ḍ-,to strike; to trample,PA_SH,PA_SH,,yes,PA_SH,"Physical Acts & Materials — to Hit, Strike, Beat",0.561,PA_CV,Physical Acts & Materials — to Carve,0.352,EM_RF,"Emotion — Rage, Fury",0.342
PDR2196,*ǯār_-,"to slip, slide",MO_SS,MO_SS,,yes,MO_SS,"Motion & Transportation — to Slip, Slide",0.752,MO_CC,"Motion & Transportation — to Creep, Crawl",0.520,PA_SO,"Physical Acts & Materials — to Strew, Spread Out",0.503
PDR2197,*ǯā[v]il-,dog,AN_DO,AN_DO,,yes,AN_DO,Animals — Dog,0.624,AN_PU,Animals — Puppy,0.548,AN_WO,Animals — Wolf,0.490
PDR2198,*ǯer_-,centipede,AN_WR,AN_IN,YES,yes,AN_WR,Animals — Worm,0.393,AN_IN,Animals — Insect,0.334,AN_SK,Animals — Snake,0.313
PDR2199,*ǯē[v]-,child,MK_CH,AN_KI,YES,yes,MK_CH,Mankind — Child,0.527,MK_IN,Mankind — Infant,0.436,MK_BO,Mankind — Boy,0.415
PDR2200,*ǯig-,"thick, sticky, viscid, gum",SR_TS,AN_GE,YES,yes,SR_TS,Spatial Relations — Thick (in Density),0.388,CA_CO,Clothing & Adornment — Cotton,0.354,SR_TD,Spatial Relations — Thick (in Dimension),0.335
PDR2201,*ǯil-,"cold, chill",SP_CD,TI_WI,YES,yes,SP_CD,"Sense Perception — Cold, Frigid",0.518,TI_WI,Time — Winter,0.415,SP_HW,"Sense Perception — Hot, Warm",0.402
PDR2202,*ǯiŋk-,antelope,AN_DE,AN_BE,YES,,AN_DE,Animals — Deer,0.571,AN_HO,Animals — Horse (generic),0.552,AN_EL,Animals — Elephant,0.545
PDR2203,*ǯī̆nṭ- (?),to stick to; gum,PA_BI,BP_BI,YES,yes,PA_BI,Physical Acts & Materials — to Bind,0.319,EM_FL,Emotion — Faithful,0.309,PA_SO,"Physical Acts & Materials — to Strew, Spread Out",0.301
PDR2204,*ǯol-,"bundle, tress at the back of the head; back",BP_HE,BP_FO,YES,yes,BP_HE,Body Parts & Functions — Head,0.407,BP_FO,Body Parts & Functions — Forehead,0.399,BP_HA,Body Parts & Functions — Hair,0.398
PDR2205,*ǯon-[aḷ]-,maize,AV_MA,AV_MA,,yes,AV_MA,"Agriculture & Vegetation — Maize, Corn",0.648,AV_GG,"Agriculture & Vegetation — Grain (generic, British Corn)",0.587,AV_BR,Agriculture & Vegetation — Barley,0.462
PDR2206,*ǯō̆k-,care,EM_CA,EM_CA,,yes,EM_CA,Emotion — Care (n),0.523,EM_PA,Emotion — Passion,0.313,EM_LO,Emotion — to Love; Love,0.310
PDR2207,*ǯōr-,to leak,FD_SU,BP_SP,YES,yes,FD_SU,"Food & Drink — to Suck, Suckle",0.330,PA_PO,Physical Acts & Materials — to Pour,0.327,PA_TE,Physical Acts & Materials — to Tear,0.326
PDR2208,*ǯuḷ-,pungent; to prick,SP_AC,CA_NE,YES,yes,SP_AC,"Sense Perception — Sour, Acidic",0.400,SP_LL,"Sense Perception — Dull, Blunt",0.399,SP_BD,"Sense Perception — Stinking, Bad Smelling",0.384
PDR2209,*ǯur_(p)-,"to sip, suck",FD_SU,FD_SU,,yes,FD_SU,"Food & Drink — to Suck, Suckle",0.652,BP_SP,Body Parts & Functions — to Spit,0.463,FD_SP,Food & Drink — Spoon,0.403
PDR2210,*ǯuṭ-,tuft of hair,BP_HA,BP_HA,,yes,BP_HA,Body Parts & Functions — Hair,0.522,CA_CB,Clothing & Adornment — Comb,0.466,BP_BE,Body Parts & Functions — Beard,0.459
PDR2211,*ǯuv-,fig tree,FD_FI,FD_FI,,yes,FD_FI,Food & Drink — Fig,0.522,AV_TR,Agriculture & Vegetation — Tree (generic),0.439,PW_TR,"Physical World — Tree, Oak",0.374
