Starling ID,Headwords,Gloss,chosen_abbr,llm_second,v1_choice,v2_choice,agrees_v1,agrees_v2
PDR001,*ac-,mould (n.),PA_MD,PA_MA,PA_MD,PA_MD,YES,YES
PDR002,*ac-,thorn; to cut,PA_CU,PW_SR,WH_SP,WH_SW,,
PDR003,*aḍái,to hide; to press down,SR_HC,SR_SH,BP_SH,SR_HC,,YES
PDR004,*aḍái,green plants (leaves),AV_LE,AV_PN,AV_LE,AV_LE,YES,YES
PDR005,*aḍái ~ *aḍí,"to compact, gather together; lump, clot",SR_CG,PA_SO,SR_CG,SR_CG,YES,YES
PDR006,*aḍái[j]āḷ- (?),"mark, token",SR_SN,LM_WR,CA_BU,WH_SP,,
PDR007,*aḍái[-kāj/-kat-],areca nut (betel nut),FD_VE,AV_PN,FD_NT,FD_NT,,
PDR008,*adáḷ-,"to start, be alarmed",EM_FF,EM_AG,TI_BB,EM_FF,,YES
PDR009,*aḍál- ~ *aḍáv-,a k. of marine fish,AN_FI,AN_AN,AN_FI,AN_FI,YES,YES
PDR010,*aḌ[Ḍ]- (?),thirst; hunger,FD_TH,FD_HU,FD_TH,FD_TH,YES,YES
PDR011,*ádda- [?],mirror,CA_MR,PA_GL,CA_MR,CA_MR,YES,YES
PDR012,*áḍḍa- ~ *aḍái-,to hinder; obstacle,SO_HP,SR_SH,MO_PU,SO_HP,,YES
PDR013,*áḍḍi-,"necklace, ornament",CA_NC,CA_AD,CA_NC,CA_NC,YES,YES
PDR014,*aḍí,"foot; lower, below",BP_FT,SR_BO,BP_FT,BP_FT,YES,YES
PDR015,*aḍí-,"to flap, throb",MO_SH,BP_BB,BP_YG,PA_SO,,
PDR016,*adír-,"to shake, tremble; to be troubled",MO_SH,EM_FF,MO_SH,MO_SH,YES,YES
PDR017,*aḍú-,"fit, appropriate",EM_GD,SR_EQ,CA_TA,CA_TR,,
PDR018,*aḍ-[úg-],"to ask, request",LM_AR,LM_AQ,LM_AR,LM_AR,YES,YES
PDR019,*adúm-,"to squeeze, press",PA_PR,PA_CU,PA_PR,PA_PR,YES,YES
PDR020,*aḍ-[úŋ]-,"to be piled up, arranged",PA_SO,,PT_SP,PA_SO,,YES
PDR021,*aḍV́-,to strike,PA_SH,WH_FI,PA_SH,PA_SH,YES,YES
PDR022,*aḍV́-,to be near; to happen,SR_NE,MO_AP,SR_NE,SR_NE,YES,YES
PDR023,*aḍV́-,bad,EM_BD,MT_FS,EM_BD,EM_BD,YES,YES
PDR024,*agá-,1 to appear 2 inside,SR_PL,BP_FC,QN_ON,DF_RO,,
PDR025,*agá-,"to press, hold firmly",PA_PR,PT_HO,PA_PR,PA_PR,YES,YES
PDR026,*agáḍ-,viciousness; fault,EM_BD,EM_FA,EM_FA,EM_RF,,
PDR027,*agái,"to be broken, torn",PA_BK,PA_TE,EM_TR,PA_TE,,
PDR028,*agál-,"1 wide, broad 2 to leave, depart",SR_WB,MO_GA,SR_RO,MO_GA,,
PDR029,*agál-,pot (earthen),FD_PO,PA_MD,FD_PO,FD_PO,YES,YES
PDR030,*agápai,ladle,FD_SP,FD_BW,FD_ML,FD_SP,,YES
PDR031,*agásaj-,common flax,CA_FL,AV_PN,CA_FL,CA_FL,YES,YES
PDR032,*agásti,a k. of tree (pea-tree),AV_TR,FD_FR,AV_TR,AV_TR,YES,YES
PDR033,*agáẓ-,to dig,AV_DI,PA_CU,AV_DI,AV_DI,YES,YES
PDR034,*ággai,"sprout, shoot",AV_PN,SR_GW,AV_SS,AV_SS,,
PDR035,*agí-,"to fear, tremble",EM_FF,MO_SH,EM_FF,EM_FF,YES,YES
PDR036,*agíl,eagle-wood,AV_TR,PA_GO,PW_WD,PW_WD,,
PDR037,*aj-,mother,MK_MO,MK_GM,MK_ML,MK_MO,,YES
PDR038,*ája-,an elder relative (father's brother; grandfather; father),MK_UN,MK_FA,MK_BS,MK_FL,,
PDR039,*ája- ~ *ajír-,"to doubt, suspect",MT_DB,MT_SU,MT_SU,MT_SU,,
PDR040,*ak-,an elder relative,MK_SI,MK_GM,MK_GM,MK_GM,,
PDR041,*a-/*ā,that (over there),SR_PL,SR_HI,SR_NE,EM_PD,,
PDR042,*al-,"to weave, plait",CA_WE,PA_PL,CA_WE,CA_WE,YES,YES
PDR043,*al-,negative morpheme,LM_ST,MT_TR,EM_HT,EM_HT,,
PDR044,*aḷ-,"to sprinkle, bail out",PA_SO,FD_CO,FD_SU,PA_SO,,YES
PDR045,*àḷ-,fat; strength,BP_SM,BP_FL,BP_SM,FD_BT,YES,
PDR046,*àḷ-,"cave, hole",SR_HL,PW_WF,SR_HL,SR_HL,YES,YES
PDR047,*aḷ-,"to fear, be afraid",EM_FF,EM_TC,EM_FF,EM_FF,YES,YES
PDR048,*al-,"to spread, cover",PA_SO,SR_CO,PA_SO,PA_SO,YES,YES
PDR049,*al- (?),dog,AN_DO,AN_AN,AN_DO,AN_DO,YES,YES
PDR050,*alá-,to suffer (= to be weary),EM_PS,BP_WE,EM_PS,EM_PS,YES,YES
PDR051,*aḷ-a-,to measure,SR_MS,QN_QN,SR_MS,SR_MS,YES,YES
PDR052,*aḷ-a-,"to mix; to join, approach",,SR_JU,FD_MX,FD_MX,,
PDR053,*alá-,to make verbal noise,LM_VC,LM_SC,LM_BS,LM_BS,,
PDR054,*alág-,blade; splint,PA_TO,WH_WA,PA_KF,WH_SW,,
PDR055,*alág-,parched rice,FD_FD,AV_GG,AV_RI,AV_RI,,
PDR056,*alái-,"to wave, move from side to side, wander",MO_SH,MO_MO,MO_FE,MO_SH,,YES
PDR057,*alái-,to rinse,PA_WA,FD_CO,PA_WA,PA_WA,YES,YES
PDR058,*alár-,to blossom,AV_FL,SR_GW,AV_FL,AV_FL,YES,YES
PDR059,*alé,vocative interjection,LM_VC,LM_CS,SR_SE,LM_VO,,
PDR060,*áli,iron-wood tree,AV_TR,PA_GL,PW_TR,PW_WD,,
PDR061,*áli,waterlily,AV_FL,AN_BI,AN_WE,PW_WA,,
PDR062,*am-,to press down,PA_PR,MO_SI,PA_PR,PA_PR,YES,YES
PDR063,*áma-,mother (hon.),MK_MO,MK_PA,MK_ML,MK_MO,,YES
PDR064,*amái-,to fit together; to be useful; to prepare,SR_JU,PA_BI,SO_ME,SR_JU,,YES
PDR065,*amai-,"to be calm, settled",SR_QU,EM_PA,EM_LS,EM_PL,,
PDR066,*amb-,arrow,WH_AW,PA_TO,WH_AW,WH_AW,YES,YES
PDR067,*ámbai-,to crawl [walk on hands and feet],MO_CC,MO_WA,BP_FT,MO_CC,,YES
PDR068,*ámbali,rice-water; rice gruel,FD_FD,FD_CO,AV_RI,FD_DI,,
PDR069,*an-,"fit, convenient",SR_FS,EM_GD,CA_PO,CA_SO,,
PDR070,*aṇ-,"upper part, up; to lift up (the head)",SR_HI,SR_TO,BP_HE,BP_EL,,
PDR071,*áṇa-,elder brother,MK_BR,MK_UN,MK_BL,MK_BL,,
PDR072,*aṇái,"bank, dam",AV_FC,PW_RS,PT_BA,PW_RS,,
PDR073,*aṇái- ~ *anḍ-,"to join, unite",SR_JU,MO_CO,SR_JU,SO_ME,YES,
PDR074,*aṇá-ŋ-,to suffer; to suppress,EM_PS,BP_SM,EM_PS,EM_PS,YES,YES
PDR075,*aṇáŋ- (?),lower part of mouth; neck,BP_JW,BP_NK,BP_MO,BP_MO,,
PDR076,*anc-,"edge, border",SR_ED,PW_WA,SR_ED,SR_ED,YES,YES
PDR077,*áncV,relay post,AV_PN,FD_VE,MO_SE,MO_SE,,
PDR078,*and-,to be within reach,MO_AR,PT_GO,MO_AR,MO_AR,YES,YES
PDR079,*ánḍi,mango stone,FD_NT,BP_TS,FD_PC,PW_SR,,
PDR080,*and-/*čand-,beauty,EM_BF,SP_SG,EM_BF,EM_BF,YES,YES
PDR081,*ándug-,clearing nut plant,AV_PN,FD_VE,FD_NT,FD_NT,,
PDR082,*aṇí-,to wear (ornaments); beauty,CA_AD,EM_BF,CA_NC,CA_NC,,
PDR083,*an-p-,1 to load 2 to send away,MO_CA,MO_SE,MO_SE,MO_SE,,
PDR084,*anṭ-,to stick,PA_BI,PA_RU,PW_MT,PA_SO,,
PDR085,*aṇV́-,to mock,EM_AG,SO_SQ,BP_TS,EM_DA,,
PDR086,*anǯ-,to fear,EM_FF,EM_WW,EM_FF,EM_FF,YES,YES
PDR087,*aŋ-,a k. of relative (brother/sister),MK_SI,MK_BS,MK_BS,MK_SW,,
PDR088,*áŋal-,"to weep, to grieve",EM_CW,EM_GS,EM_CW,EM_CW,YES,YES
PDR089,*aŋā́ḍi,market,PT_SS,PT_MK,PT_MK,PT_MK,,
PDR090,*áŋāl-,"to yawn, gape",BP_YG,MO_BL,BP_YG,BP_YG,YES,YES
PDR091,*áŋka-,"fight, quarrel",WH_FI,SO_SQ,SO_SQ,SO_SQ,,
PDR092,*áŋkaṇa-,space between two pillars,DF_WL,PA_BE,SR_SI,SR_ST,,
PDR093,*ápa-,father (hon.),MK_FA,MK_PA,MK_FA,MK_FA,YES,YES
PDR094,*ápa-,cake (of rice flour; of special interest to children),FD_CA,FD_BD,FD_CA,FD_CA,YES,YES
PDR095,"*ap-, *áp-aḷi-","to stick (with hand), plaster",PA_RU,PA_SH,PA_RU,PA_MO,YES,
PDR096,*ar-,rare,SR_SM,SR_XL,QN_LF,QN_LF,,
PDR097,*arái-,to rub two things against each other (> to grind; to launder),FD_GR,PA_RU,PA_RU,PA_RU,,
PDR098,*arai,half,QN_HA,QN_PR,QN_HA,QN_HA,YES,YES
PDR099,*arajái,Ficus religiosa,AV_TR,PW_TR,RB_HS,RB_HS,,
PDR100,*argil-,chest (of body),BP_FC,BP_BO,BP_FC,BP_FC,YES,YES
PDR101,*arí-,"to cut, chip",PA_CU,PA_SH,FD_KN,PA_CU,,YES
PDR102,*ari,rice,AV_RI,FD_FD,AV_RI,AV_RI,YES,YES
PDR103,*arí-,"to sift, strain",PA_WA,SP_TV,PA_SR,SP_SP,,
PDR104,*ari,"tax, tribute",PT_TX,PT_PA,PT_TX,PT_TX,YES,YES
PDR105,*arí- ~ *arál-,to fall,MO_FA,MO_DR,MO_FA,MO_FA,YES,YES
PDR106,*arisana- (?),saffron; yellow,FD_VE,SP_YL,SP_YL,SP_YL,,
PDR107,*á[r]ti,a k. of tree (Ficus glomerata = Ficus racemosa),AV_TR,FD_FR,AV_TR,AV_TR,YES,YES
PDR108,*arú-,to approach; neighbour,MO_AP,SR_NE,SO_NE,MO_AP,,YES
PDR109,*arúḷ-,to be gracious to; to favour,SO_HA,EM_LO,EM_PL,EM_PR,,
PDR110,*ar[V]-,to climb,MO_RI,MO_GO,MO_RL,MO_RI,,YES
PDR111,*aṟ-,"palm of hand, sole of foot",BP_HN,BP_FT,BP_FT,BP_HN,,YES
PDR112,*aṟ-,to be digested,FD_CO,BP_LL,BP_ED,FD_KD,,
PDR113,*aṟ- (*-ḏ-),to cut,PA_CU,PA_TE,PA_CU,PA_CU,YES,YES
PDR114,*aṟ-a-,"to speak, sound",LM_ST,LM_SY,LM_ST,SP_HE,YES,
PDR115,*aṟ-ai,"room, apartment",DF_RO,DF_HS,DF_RO,DF_RO,YES,YES
PDR116,*àṟ-ai (*-ḏ-),rock,PW_SR,PW_GS,PW_SR,PW_SR,YES,YES
PDR117,*asái,"to shake, stir, tremble; (to sweep)",MO_SH,MO_MO,MO_SH,MO_SH,YES,YES
PDR118,*asái,"faint, weary",BP_WE,EM_PS,TI_HH,EM_TC,,
PDR119,*asái,"to join two things together (> ""to take, buy"")",PT_BU,SR_JU,PT_BU,PT_SG,YES,
PDR120,*asáṟ-,"mud, mire",PW_MU,PW_GS,PW_MU,PW_MU,YES,YES
PDR121,*at-,"to join, attach, wear",SR_JU,PA_BI,CA_SE,CA_CD,,
PDR122,*aṬ-,earthen pot,FD_PO,DF_FR,FD_PO,FD_PO,YES,YES
PDR123,*átai,female relative (father's sister; grandmother),MK_AU,MK_MO,MK_SW,MK_SW,,
PDR124,*aṭ- ~ *aḍú-,"to evaporate, dry up; to cook, boil",FD_CO,SP_DR,FD_BO,FD_BO,,
PDR125,*áṭa-,"inner side of roof (loft, attic, supporting bamboo framework etc.)",DF_RO,DF_RF,DF_RF,DF_RF,,
PDR126,*áṭai,"sole of shoe; leather, cardboard",CA_LE,PA_GL,CA_SO,CA_SO,,
PDR127,*áṭai,leech,AN_IN,AN_WR,AN_MK,AN_WR,,
PDR128,*ávai,elder female relation (grandmother; elder brother's wife),MK_GM,MK_MO,MK_SW,MK_GM,,YES
PDR129,*aval-,trouble; confusion,EM_PS,EM_GS,TI_TI,SO_SQ,,
PDR130,*ávarai,field bean,FD_BN,FD_VE,FD_BN,FD_BN,YES,YES
PDR131,*aví-,to destroy; to extinguish; to be tired,PT_DE,BP_KI,BP_KI,PT_DE,,YES
PDR132,*aví-,to heat,SP_HW,PW_FI,PW_BU,SP_HW,,YES
PDR133,*áviri,indigo plant (Indigofera tinctoria),AV_PN,FD_VE,AV_FL,AV_PN,,YES
PDR134,*avúẓ-,"to become loose, unfastened",PA_BI,PA_BK,BP_WE,PA_TE,,
PDR135,*aẓ- (?),to pervade (as taste),SP_TS,SP_TJ,SP_TJ,SP_TJ,,
PDR136,*aẓál-,to burn; (> to grieve),PW_BU,PW_FI,PW_BU,PW_BU,YES,YES
PDR137,*aẓí-,"to perish, be destroyed",BP_DD,PT_DE,LJ_PY,PT_DE,,
PDR138,*aẓí-,"love, desire",EM_LO,EM_DE,EM_DE,EM_DE,,
PDR139,*aẓ[ú]-,"to rot, spoil",PA_SP,PT_DE,PT_SP,PT_SP,,
PDR140,*aẓ[ú]nd- (caus.*aẓ[ú]t-),"to press down; to dip, immerse",PA_PR,PA_BO,PA_PR,PA_PR,YES,YES
PDR141,*áǯǯ-,grandparent(s),MK_GF,MK_FA,MK_GM,MK_GF,,YES
PDR142,*āC-,"to choose, select; to sift",PT_SE,SR_CG,QN_ON,LJ_DE,,
PDR143,*āḍ-,"to play; to dance, move",EM_PV,MO_DA,MO_DA,EM_PV,,YES
PDR144,*āḏ-,to be cool; to be dry,SP_CD,EM_PL,BP_SW,EM_PL,,
PDR145,*āɣ-,to ripen,AV_CH,AV_GR,FD_FR,FD_FR,,
PDR146,*āj-,"private, secret; private parts of body",MT_SR,SR_HI,BP_SH,MT_SR,,YES
PDR147,*āk- (?),to know,MT_KN,MT_UN,MT_KN,MT_KN,YES,YES
PDR148,*ā-/*an-,to be,BP_LL,MO_GO,TI_FI,MT_SE,,
PDR149,*āl-,pipal tree,AV_TR,PW_WF,PW_TR,AV_TR,,YES
PDR150,*āḷ-,man,MK_MA,SO_PP,MK_MA,MK_HB,YES,
PDR151,*āl-,"to hear, listen",SP_HE,LM_LI,LM_ST,SP_LI,,
PDR152,*āḷd-,woman,MK_WO,MK_FS,MK_FS,MK_WO,,YES
PDR153,*ālḏ-,hail,PW_RA,PW_WE,EM_PR,PW_RA,,YES
PDR154,*ā̆m-,water,PW_WA,BP_BB,PW_WA,PW_WA,YES,YES
PDR155,*āmaṇd-/*āmaṇVg-,castor-oil plant,AV_PN,FD_VE,FD_OI,FD_OI,,
PDR156,*āṇ-,1 to press against 2 to support,PA_PR,MO_RL,PA_PR,MO_PS,YES,
PDR157,*ān-,"to seize, grab, catch",PT_SG,PT_TA,PT_SG,PT_SG,YES,YES
PDR158,*āṇ-,male,MK_MS,MK_MA,MK_MS,MK_MS,YES,YES
PDR159,*āŋ-,"to stop, obstruct",PA_SH,SR_SH,TI_CE,TI_CE,,
PDR160,*ār-,to shout,LM_SC,LM_ST,LM_SC,LM_SC,YES,YES
PDR161,*ār-,"to put on, wear",CA_CD,CA_CC,CA_CD,CA_CD,YES,YES
PDR162,*ār-,"love, affection",EM_LO,EM_EF,EM_LO,EM_LO,YES,YES
PDR163,*ār-,"full, satiated",FD_FD,QN_FU,QN_FU,FD_HU,,
PDR164,*ār-,sharp(ness),SP_SP,PW_SR,SP_SP,SP_SP,YES,YES
PDR165,*ārāj-,"to think, observe, search for",MT_TR,MT_SE,MT_KN,MT_KN,,
PDR166,*ārig-,millet,AV_GG,FD_VE,FD_ML,FD_ML,,
PDR167,*āṟ- (*-ḏ-),"way, road, path",MO_RA,MO_PA,MO_RA,MO_PA,YES,
PDR168,*ās-,"slender, thin",SR_ND,SR_NS,SR_ND,SR_NS,YES,
PDR169,*ā(t)k-,leaf,AV_LE,AV_PN,AV_LE,AV_LE,YES,YES
PDR170,*āṯ-,"powerful, capable",BP_SM,MT_IR,BP_SM,BP_SM,YES,YES
PDR171,*āv-,cow,AN_CO,AN_CB,AN_CO,AN_CO,YES,YES
PDR172,*āv-,to yawn,BP_YG,BP_BB,BP_YG,BP_YG,YES,YES
PDR173,*āv-,1 to breathe 2 steam,BP_BB,PW_SM,BP_BB,BP_BB,YES,YES
PDR174,*āv-,to desire,EM_DE,FD_HU,EM_DE,EM_DE,YES,YES
PDR175,*bacaḷ-,spinach,FD_VE,AV_PN,FD_ON,FD_VE,,YES
PDR176,*baḍ-i,"club, stick",WH_WA,PA_SH,WH_CL,PW_MT,,
PDR177,*bagVḍ- (*v-),"shank, calf",BP_LE,BP_AR,AN_CF,AN_CF,,
PDR178,*bajal,open space,SR_PL,PW_PF,SR_OP,SR_OP,,
PDR179,*bak- (*v-) (?),claws,BP_NA,AN_AN,BP_NA,BP_NA,YES,YES
PDR180,*baḷ-,"fertile, abundant; to grow",SR_GW,QN_MM,AV_SS,AV_FL,,
PDR181,*baḷ-,a k. of measure,FD_PO,QN_NU,SR_MS,QN_MI,,
PDR182,*balap-,"chalk, slate",PW_SR,PA_GL,LM_PC,PA_CL,,
PDR183,*banḍ-,"rock, boulder",PW_SR,PA_TO,PW_SR,PW_SR,YES,YES
PDR184,*banḍ-,"rude, obscene",EM_SH,EM_BD,EM_PP,EM_UG,,
PDR185,*banḍ-,belly,BP_BS,BP_BO,BP_BS,BP_BS,YES,YES
PDR186,*baŋk-,"gum, resin",AV_PN,PA_GL,AN_GE,CA_FE,,
PDR187,*bar-,rough,SP_RG,SP_HA,SP_RG,SP_RG,YES,YES
PDR188,*baẓ-al-,"tired, fatigued",BP_SW,EM_PS,BP_SS,EM_TC,,
PDR189,*bāg-,"good, beautiful",EM_GD,EM_BF,EM_BF,EM_BF,,
PDR190,*bān- (*-ṇ-),pot,FD_PO,FD_DI,FD_PO,FD_PO,YES,YES
PDR191,*bāv-,cat,AN_CT,AN_AN,AN_CT,AN_CT,YES,YES
PDR192,*bāẓ-d-,to live (happily),BP_LL,EM_HH,EM_HH,DF_DW,,
PDR193,*bāǯ- (?),many,QN_MM,QN_EA,QN_MM,QN_MM,YES,YES
PDR194,*bedaṟ-,"to fear, be afraid",EM_FF,EM_AN,EM_FF,EM_FF,YES,YES
PDR195,*beil-,spleen,BP_LV,BP_BO,BP_BL,BP_NV,,
PDR196,*bej- (*v-),to be,BP_LL,SR_ST,TI_FI,MT_SE,,
PDR197,*bel-,"jaggery, unrefined sugar",FD_SS,FD_FD,FD_SS,FD_SS,YES,YES
PDR198,*benḍ-,pith; a k. of frail plant,BP_BN,AV_PN,AV_PN,EM_GR,,
PDR199,*ber-,"to crack, fall in ruins",PA_BK,PA_TE,PA_BK,PA_TE,YES,
PDR200,*bēk- (*v-) (?),salt,FD_SL,FD_FD,FD_SL,FD_SL,YES,YES
PDR201,*bēḷ-,split pulse,FD_VE,FD_FD,PW_WV,PW_WV,,
PDR202,*bir-,to join,SR_JU,,SO_ME,FD_MX,,
PDR203,*biṟ-,"dense, tight",SR_TD,SR_TS,SR_TS,SR_TS,,
PDR204,*bīr-,gourd,FD_VE,AV_PN,AN_SO,AV_PN,,
PDR205,*boc-,1 wool 2 hair,BP_HA,CA_WO,CA_WO,CA_WO,,
PDR206,*boḍ-,navel,BP_NV,BP_BO,BP_NV,BP_NV,YES,YES
PDR207,*bog- (*posaŋ-?),charcoal,PW_AS,PW_SM,DF_CH,PW_SM,,
PDR208,*bom-,1 eyeball 2 effigy,BP_EY,PA_ST,BP_EY,BP_EY,YES,YES
PDR209,*bom-ik-,bone,BP_BN,PW_WD,BP_BN,BP_BN,YES,YES
PDR210,*bonck- (?),foam,PW_WV,MO_FL,AN_DU,PA_PO,,
PDR211,*boŋ-,to run,MO_RU,MO_GA,MO_RU,MO_RU,YES,YES
PDR212,*boŋk-,to lie (tell untruth),EM_LI,EM_DC,EM_LI,EM_LI,YES,YES
PDR213,*boṟ-,hole (in tree),SR_HL,BP_WO,PW_TR,SR_HL,,YES
PDR214,*boṭ-,spot; drop,SP_SG,QN_PR,MO_DR,SR_PO,,
PDR215,*boṭ-,finger; thumb,BP_FI,BP_TM,BP_TM,BP_FI,,YES
PDR216,*bōd-,"young (of animals, plants)",TI_YG,AV_PN,AN_KI,TI_YG,,YES
PDR217,*bōr-,"chest, breast; upon the chest, upside down",BP_FC,BP_BO,BP_FC,BP_FC,YES,YES
PDR218,*bōẓ-,bald; to shave,BP_HA,PA_CU,BP_HA,BP_HA,YES,YES
PDR219,*buḍ-,testicles,BP_TS,BP_BO,BP_TS,BP_TS,YES,YES
PDR220,"*buḏ- (*p-, *-ṯ-)",gourd,FD_VE,PW_SR,AN_SO,FD_PJ,,
PDR221,*bug-i,dust,PW_DU,PW_AS,PW_DU,PW_DU,YES,YES
PDR222,*buk-,"cheek; fat, plump",BP_CK,BP_FA,BP_CK,BP_CK,YES,YES
PDR223,*bul-,male organ,BP_PE,BP_TS,BP_PE,BP_PE,YES,YES
PDR224,*burk-,small basket,PA_BA,FD_PO,PA_BA,PA_BA,YES,YES
PDR225,*buṟad-,mud,PW_MU,PW_GS,PW_MU,PW_MU,YES,YES
PDR226,*buṭ-,basket,PA_BA,PA_MA,PA_BA,PA_BA,YES,YES
PDR227,*buẓC-,"down, feather; hair",BP_FE,BP_HA,BP_FE,BP_FE,YES,YES
PDR228,*buẓud-,"dust, ashes",PW_DU,PW_AS,PW_DU,PW_DU,YES,YES
PDR229,*bū-,mould; to be mouldy,PW_MI,PW_DU,PA_MD,PA_MD,,
PDR230,*būr-,silk-cotton tree,AV_TR,PA_MA,CA_CO,CA_CO,,
PDR231,*caḏ-,"to slap, strike",PA_SH,PA_BK,PA_SH,PA_SH,YES,YES
PDR232,*cat-/*cad-V-,to crush; to kick,PA_BK,BP_KI,EM_PL,PA_SH,,
PDR233,*cā-,to stretch,PA_SR,MO_RL,PA_SR,PA_SR,YES,YES
PDR234,*cāc- (?),stone,PW_SR,PA_MA,PW_SR,PW_SR,YES,YES
PDR235,*Cāḏ- (*k̂-?),"juice, sap; broth",FD_ME,FD_CO,FD_SB,FD_SB,,
PDR236,*cānd-,to rub into paste; substance,CA_OI,PA_RU,PA_RU,PA_RU,,
PDR237,*Cār-,"to reach, approach",MO_AP,SR_NE,MO_AR,MO_AR,,
PDR238,*cāṯ-,"to declare, announce",LM_AN,LM_ST,LM_AN,LM_AN,YES,YES
PDR239,*cel-,1 companion 2 sister,MK_SI,SO_CM,MK_SW,MK_SW,,
PDR240,"*cel-, *celand- (*-i-)",spider,AN_IN,AN_AN,AN_IN,AN_SK,YES,
PDR241,"*cer- (*k̂-?, *k-?)","to insert, put in",PA_BI,MO_PS,MO_EN,CA_SE,,
PDR242,*ceṟ-aŋ- (*-i-),"end of cloth, hem",CA_CL,SR_ED,CA_CL,CA_CL,YES,YES
PDR243,*ceṟVk-,sugarcane; sugar juice,FD_VE,AV_PN,FD_SS,FD_SS,,
PDR244,*cet-,"dirt, rubbish",PW_DU,AV_CH,PW_MU,SP_DS,,
PDR245,*ciḷ-,"branch, bifurcation",AV_BN,SR_CN,AV_BN,AV_FO,YES,
PDR246,*cilk-,to hang; to be entangled,MO_RI,SR_HC,SR_HK,PA_RC,,
PDR247,*Cim-,"point, tip, summit",SR_PO,PW_MH,PW_MH,PW_MH,,
PDR248,*cin-,gold,PA_GO,PT_MO,PA_GO,PA_GO,YES,YES
PDR249,*ciṇ- (*č-),"to drop, drizzle",PW_RA,MO_FL,MO_DR,PW_RA,,YES
PDR250,*cint- (??),evening,TI_EV,TI_NG,TI_EV,TI_EV,YES,YES
PDR251,*cir-,1 day 2 yesterday,TI_DA,TI_YD,TI_YD,TI_DA,,YES
PDR252,*cī-,to tear,PA_TE,PA_CU,PA_TE,PA_TE,YES,YES
PDR253,*cīkaṭ-,darkness,PW_DA,PW_SK,PW_DA,PW_DA,YES,YES
PDR254,*cīp-,leaf-cup,FD_DI,FD_PL,FD_CU,FD_CU,,
PDR255,*cīp-,to suck,FD_SU,FD_DR,FD_SU,FD_SU,YES,YES
PDR256,*cīp-,chicken,AN_HC,AN_AN,AN_CH,AN_CH,,
PDR257,*Cīr-,to scratch,PA_SH,BP_NA,PA_NA,PA_RU,,
PDR258,*cīr-nd-,to blow the nose,BP_SN,BP_BB,BP_NO,BP_NO,,
PDR259,*cīṟ-,to hiss,EM_AG,EM_RF,EM_GR,EM_GR,,
PDR260,*Coḏ-,to itch,BP_SS,PA_RU,BP_SN,SP_DS,,
PDR261,*Coṇṭ-,"loins, hip",BP_BA,BP_BO,AN_AD,BP_BS,,
PDR262,*cop-,straw,AV_GR,AV_PN,FD_SP,FD_SP,,
PDR263,*cor-,to flow,MO_FL,PW_RS,MO_FL,MO_FL,YES,YES
PDR264,*cor- (*-u-),bottle gourd,FD_VE,FD_FR,FD_WI,FD_PJ,,
PDR265,*cork- (*s-),"1 drunk, intoxicated 2 pride, ecstasy",EM_PD,EM_AG,EM_PD,EM_PD,YES,YES
PDR266,*coṭ-,lame,BP_WE,SR_CR,EM_SA,EM_UG,,
PDR267,*Coṭ-,"to drop, drop",MO_DR,PW_RA,MO_DR,MO_DR,YES,YES
PDR268,*cōg-,leaf of palm; peacock tail,AV_LE,AV_VI,AV_LE,AV_LE,YES,YES
PDR269,*cōṭ-,span,SR_MS,BP_HN,CA_LE,CA_SC,,
PDR270,*cub- (?),to suck,FD_SU,EM_KS,FD_SU,FD_SU,YES,YES
PDR271,*Cu[g]-,"shoulder, nape of the neck",BP_SD,BP_NK,BP_NK,BP_NK,,
PDR272,*Cuk-,star,PW_ST,PW_LG,PW_ST,PW_ST,YES,YES
PDR273,*cump-,musk-rat,AN_MO,AN_AN,AN_MO,AN_MO,YES,YES
PDR274,*cunc-,crest,BP_HA,AN_BI,TI_DW,CA_BH,,
PDR275,*cunḍ-,"mouse, rat",AN_MO,AN_AN,AN_MO,AN_MO,YES,YES
PDR276,*Cunḍ-,to evaporate,SP_DR,PW_WE,BP_SW,PA_PO,,
PDR277,*Cunǯ-,to sleep,BP_SL,SR_LI,BP_SL,BP_SL,YES,YES
PDR278,*cur-,soot,PW_SM,PW_AS,EM_SA,DF_CH,,
PDR279,*cuṟ-,a k. of bee,AN_BE,AN_IN,AN_BE,AN_BE,YES,YES
PDR280,*cuṯ-,"to whirl, twine",MO_TU,MO_RO,CA_SN,CA_WE,,
PDR281,*cūl-,pregnant,BP_PR,MK_FM,BP_PR,BP_PR,YES,YES
PDR282,*cūr-,eaves,DF_RF,PA_BE,EM_GL,DF_RF,,YES
PDR283,*cūr- (*s-),a k. of jujube,FD_FR,AV_TR,LJ_PY,AV_PN,,
PDR284,*čaḍ-,"to beat, strike",PA_SH,PA_BK,PA_SH,PA_SH,YES,YES
PDR285,*čaḍ-,"weak, flaccid; weary",BP_WE,SP_DR,EM_TC,BP_WE,,YES
PDR286,*čadur-,"skilled, able, clever",MT_WI,MT_IR,MT_IR,MT_WI,,YES
PDR287,*čak-,jackfruit,FD_FR,AV_TR,AN_GS,FD_FR,,YES
PDR288,*čàl-,"well, spring",PW_SW,PW_LA,TI_SP,PW_SW,,YES
PDR289,*čaḷ-,cold morning,SP_CD,TI_DW,TI_MG,TI_MG,,
PDR290,*čaŋ-,to jump; to climb,MO_JL,MO_WA,MO_JL,MO_JL,YES,YES
PDR291,*čap-,to clap hands,PA_SH,LM_VC,BP_HN,BP_HN,,
PDR292,"*čap-, *čapaṭ-",flat,SR_FL,SR_FS,SR_FL,SR_FL,YES,YES
PDR293,*čàraḍ-,"thread, cord",PA_RC,CA_NC,PA_RC,CA_TH,YES,
PDR294,*čaṭ-,"rock, flat rock",PW_SR,SR_FL,PW_SR,PW_SR,YES,YES
PDR295,*čaṭ-,frame,PA_BE,DF_FR,PW_WD,DF_WN,,
PDR296,*čaṭ-,sudden; soon,TI_SI,TI_SW,TI_SI,TI_SI,YES,YES
PDR297,*čaṭ-,to crackle (as fire); to slap,PW_FI,LM_VC,PA_SH,PA_TE,,
PDR298,*čaṭ-i,earthen pot,FD_PO,PA_MD,FD_PO,FD_PO,YES,YES
PDR299,*čāc-,breast (nursery word),BP_BW,BP_BO,BP_BW,BP_BW,YES,YES
PDR300,*čāj-,to incline; side,MO_TA,SR_HI,MO_TU,MO_RL,,
PDR301,*čāmb- (?),to wither; ashes,SR_GW,BP_LL,PW_AS,TI_CE,,
PDR302,*čāṇ-,chisel,PA_CS,PA_AU,PA_CS,PA_CS,YES,YES
PDR303,*čāp-,mat,DF_BD,DF_HS,PA_AX,DF_FL,,
PDR304,*ček-,"to scrape, splinter, chip",PA_CU,PA_CV,PA_NA,PA_CV,,
PDR305,*čel-,"beauty, wealth, prosperity",EM_BF,PT_WR,PT_WR,PT_WR,,
PDR306,*čeṇ-,old,TI_OL,MK_PA,TI_OL,TI_OL,YES,YES
PDR307,*čenḍ-,ball,SR_FS,QN_QN,FD_PJ,MO_TH,,
PDR308,*čep- (?),flesh,BP_FL,FD_ME,BP_FL,BP_FL,YES,YES
PDR309,*čēmp-,breast milk; to be full of milk,FD_MS,BP_BW,FD_MS,FD_MS,YES,YES
PDR310,*čic-,fire,PW_FI,PW_LT,PW_FI,PW_FI,YES,YES
PDR311,*čid-,to crush; to gore,PA_BK,PA_PR,EM_DE,PA_TE,,
PDR312,*čiḍ-r-,squirrel,AN_AN,AN_IN,AN_BU,AN_MO,,
PDR313,*čik-,small,SR_SM,TI_YG,QN_LF,QN_LF,,
PDR314,*čil-,"1 river, brook 2 to sprinkle",PW_RS,PW_RA,PW_RS,PW_RS,YES,YES
PDR315,*čilaṟ-,"trifle; small, minor",QN_PR,PT_MO,QN_LF,CA_HF,,
PDR316,*čim-,cricket,AN_IN,AN_AN,AN_BI,AN_IN,,YES
PDR317,*čin-,small,SR_SM,QN_PR,QN_LF,QN_LF,,
PDR318,*čiṟVt-,"leopard, panther",AN_AN,AN_LN,AN_LN,AN_LN,,
PDR319,*čiṭ-,"to snap, crack",PA_BK,PA_SP,FD_GR,PA_TE,,
PDR320,*čiṭ-,small,SR_SM,SR_SZ,QN_LF,QN_LF,,
PDR321,*čīm-a,ant,AN_IN,AN_AN,AN_EL,AN_IN,,YES
PDR322,*čī(v)-,"to cut, scrape; strip of wood",PA_CU,PA_RU,PA_CU,PA_CU,YES,YES
PDR323,*čonḍ-,"lip, mouth",BP_LI,BP_MO,BP_LI,BP_LI,YES,YES
PDR324,*čōl-,"garden, grove",AV_GA,PW_WF,AV_GA,AV_GA,YES,YES
PDR325,*čuṟuk-,"haste, zeal",TI_SW,EM_EF,TI_HH,TI_HH,,
PDR326,*čuẓ-,"to turn, twist",MO_TU,MO_RO,MO_TU,MO_TA,YES,
PDR327,*čūẓ-,to see,SP_SE,MT_KN,SP_SE,SP_LO,YES,
PDR328,*dag-,"to glitter, shine (mostly of fire)",PW_LG,SP_SH,CA_DY,CA_JW,,
PDR329,*dak-,"to possess, appropriate",PT_OP,SR_RM,PT_OP,PT_OP,YES,YES
PDR330,*[d]al-,"to strike, beat; cut off",PA_SH,EM_BF,PA_SH,PA_SH,YES,YES
PDR331,*danḍ-,upper arm,BP_AR,BP_EL,BP_AR,BP_EL,YES,
PDR332,*danṭ-,"stalk, stem",AV_PN,AV_RO,AV_SS,AV_FO,,
PDR333,*dap-,"thick, stout",SR_TD,SR_TS,FD_BB,SR_TS,,
PDR334,*dar- (?),ashes,PW_AS,PW_BU,PW_AS,PW_AS,YES,YES
PDR335,*daṭ-,big,SR_XL,SR_TD,SR_SZ,SR_XL,,YES
PDR336,*daẓ-,"to sprout, grow, thrive, prosper",SR_GW,AV_PN,AV_SS,AV_SS,,
PDR337,*dānṭ-,1 to jump 2 to cross,MO_JL,MO_GO,MO_JL,MO_JL,YES,YES
PDR338,*dār-i,"way, road",MO_RA,MO_PA,MO_RA,MO_RA,YES,YES
PDR339,*ḍek- (*V̀ḍek-),hoof,AN_LI,BP_NA,AV_HO,AN_FC,,
PDR340,*ḍēr-,to belch; a belch,BP_VO,BP_BB,RB_GP,BP_FB,,
PDR341,*dim-,flat ground; island,PW_PF,PW_MH,PW_IS,SR_FL,,
PDR342,*ḍip- (?),hill,PW_MH,PW_IS,PW_MH,PW_MH,YES,YES
PDR343,*djol-,saliva,BP_SP,BP_MO,BP_SP,BP_SP,YES,YES
PDR344,*doḍ-,"big, stout",SR_XL,SR_TD,FD_BB,FD_BB,,
PDR345,*doḍ-i,"backyard, stable",DF_YR,AV_GA,DF_YR,DF_YR,YES,YES
PDR346,*ḍok-,lizard,AN_AN,AN_LI,AN_SK,AN_SK,,
PDR347,*ḍok- (*V̀ḍok-),breastbone; chest; belly,BP_BN,BP_FC,BP_BS,BP_BN,,YES
PDR348,*ḍol-,"to lie down, sleep",SR_LI,BP_SL,BP_SL,BP_SL,,
PDR349,*ḍoŋ-,thief; to steal,PT_TH,PT_ST,PT_TH,PT_TH,YES,YES
PDR350,*ḍop-,a k. of basket,PA_BA,FD_DI,PA_BA,PA_BA,YES,YES
PDR351,*dorb-,lungs,BP_LL,BP_BO,BP_CO,BP_CO,,
PDR352,*doṟ-,"to get, find; to be near; to resemble",PT_GO,PT_FI,SR_NE,PT_GO,,YES
PDR353,*dos-,"grief, calamity; weariness",EM_GS,BP_WE,EM_GS,EM_MF,YES,
PDR354,*dōc-ai,a k. of cake,FD_CA,FD_BD,FD_CA,FD_CA,YES,YES
PDR355,*ḍōk-,eggshell,BP_EG,PA_GL,BP_EG,BP_EG,YES,YES
PDR356,*ḍōm-,mosquito,AN_IN,AN_FL,AN_IN,AN_IN,YES,YES
PDR357,*dōnṭ-,"hook, pole with hook",PA_TO,PA_AX,PA_RC,PA_NA,,
PDR358,*ḍōŋk- (?),hole; to dig holes,SR_HL,PA_BR,SR_HL,SR_HL,YES,YES
PDR359,*duḍ-,"to quiver, throb; to precipitate",MO_SH,EM_PA,WH_BW,EM_GR,,
PDR360,*duḍ-,"club, stick",WH_CL,PA_TO,WH_CL,WH_CL,YES,YES
PDR361,*dugVl-,cloth,CA_CL,CA_SI,CA_CL,CA_CL,YES,YES
PDR362,*duk-,obsequies; graveyard,BP_GR,BP_BD,BP_GR,BP_BD,YES,
PDR363,*dum-,dust,PW_DU,PW_GS,PW_DU,PW_DU,YES,YES
PDR364,*dum-,to jump; to climb,MO_JL,MO_FA,MO_JL,MO_JL,YES,YES
PDR365,*ḍum- (?),bone,BP_BN,BP_BO,BP_BN,BP_BN,YES,YES
PDR366,*dunḍ-,bud,AV_FL,AV_PN,EM_GD,AV_PN,,
PDR367,*dup-,bush; bird's nest,AV_PN,PW_WF,AN_BI,AN_BI,,
PDR368,*dūḏ-,to mention a name,LJ_AC,LM_TH,LM_CN,LJ_AC,,YES
PDR369,*dūl-,itch,SP_BD,BP_SS,BP_BI,SP_DS,,
PDR370,*dūnṭ-,"to thrust; to shoot, throw",MO_TH,PA_DP,MO_TH,MO_PS,YES,
PDR371,*èd-,chest,BP_FC,BP_HR,BP_FC,BP_FC,YES,YES
PDR372,*èḍ-,left,SR_LF,SR_RI,SR_LF,EM_RI,YES,
PDR373,*eḍ-,"to be distant, separated",SR_SE,MO_GA,SR_SE,SR_LE,YES,
PDR374,*ed- (?),good,EM_GD,EM_BF,EM_GD,EM_GD,YES,YES
PDR375,*eḍḍ-,"fool, stupid",MT_FS,MT_IR,MT_FS,MT_FS,YES,YES
PDR376,*èdir-,1 opposite 2 enemy,,SR_PO,WH_EN,WH_EN,,
PDR377,*eḏ-,to shoot; to throw,MO_TH,PA_SH,MO_TH,WH_AW,YES,
PDR378,*eḏ-,"to go beyond, transgress",BP_DD,BP_KI,MO_PU,MO_AR,,
PDR379,*eḏ- (*-ṟ-),"lord, master, king",SO_KK,SO_MA,SO_KK,SO_NN,YES,
PDR380,*eḏe-,to descend,MO_FA,MO_GO,MO_FA,MO_FA,YES,YES
PDR381,*eg- (*n-),to jump; fly,MO_JL,MO_RI,MO_JL,MO_JL,YES,YES
PDR382,*eɣiṟ-,gums,BP_MO,BP_TO,BP_TO,BP_MO,,YES
PDR383,*ej-,to arrive,MO_AR,MO_AP,MO_AR,MO_AR,YES,YES
PDR384,*ek-,to climb,MO_RI,MO_JL,MO_RL,MO_RI,,YES
PDR385,*ek-k-,"1 to pluck, pick 2 to scratch",PA_CU,BP_BI,PA_SS,PA_CU,,YES
PDR386,*el-,all; both,QN_EA,QN_WH,TI_AL,QN_EA,,YES
PDR387,*èl-,rat,AN_MO,AN_AN,AN_MO,AN_MO,YES,YES
PDR388,*el-,light,PW_LG,SP_BR,PW_LG,PW_LG,YES,YES
PDR389,*el- (?),to go down (of sun),MO_FA,MO_GO,PW_SU,PW_SU,,
PDR390,*el-ai,"limit, boundary",SR_ED,SR_EN,SR_NE,TI_CE,,
PDR391,*eḷ-i-,"small, contemptible; to disparage",SR_SM,EM_BD,EM_DC,EM_TC,,
PDR392,*eliŋ-,voice,LM_VO,SP_SO,LM_VO,LM_VO,YES,YES
PDR393,*el-[mb-],bone,BP_BN,BP_BO,BP_BN,BP_BN,YES,YES
PDR394,*elub-,white ant,AN_IN,AN_AN,AN_IN,AN_IN,YES,YES
PDR395,*elv-,"wave, flood",PW_WV,PW_LA,PW_WV,PW_WV,YES,YES
PDR396,*eṇ-,to count,MT_KN,MT_TR,QN_EN,QN_EN,,
PDR397,*eṇ- (-nṭ-),eight,QN_NN,QN_QN,TI_AG,QN_TH,,
PDR398,*enḏ-,"sunshine, heat of sun",PW_SU,SP_HW,PW_SU,PW_SU,YES,YES
PDR399,*eŋ-[c-],to be left over (of food),QN_PR,FD_FD,FD_AM,FD_AM,,
PDR400,*er-,"to cut down (grass, bushes, etc.)",AV_MR,PA_CU,AV_SH,AV_MR,,YES
PDR401,*er-,dark-brown colour; blood,SP_DC,AN_IN,SP_DC,SP_DC,YES,YES
PDR402,*erāg-i,a k. of plant,AV_GG,FD_VE,AV_LE,AV_PN,,
PDR403,*erd-,bullock,AN_OX,AN_CB,AN_CO,AN_BU,,
PDR404,*er-i-,"to light, burn",PW_BU,PW_LK,PW_BU,PW_BU,YES,YES
PDR405,*erm-,female buffalo,AN_FE,AN_CB,AN_FE,AN_FE,YES,YES
PDR406,*er-Vc-,wild dog,AN_DO,,AN_DO,AN_DO,YES,YES
PDR407,*er-Vk-,to defecate,BP_ED,FD_EA,BP_ED,BP_ED,YES,YES
PDR408,*eṟ-,red,SP_RD,SP_CO,SP_RD,SP_RD,YES,YES
PDR409,*eṟ-,worm,AN_WR,AN_IN,AN_WR,AN_WR,YES,YES
PDR410,*eṟ- (*-ḏ-),eaves,DF_RF,DF_HS,EM_GL,DF_RF,,YES
PDR411,*[e]ṟek-,"wing, feather",BP_WI,BP_FE,BP_FE,BP_FE,,
PDR412,*[e]ṟep-,eyelid,BP_EY,BP_EB,BP_EY,BP_EB,YES,
PDR413,*eṟumb-,ant,AN_IN,AN_AN,AN_EL,AN_IN,,YES
PDR414,*es-,to shine,PW_LG,SP_SH,EM_GL,SP_SH,,
PDR415,*esar-,water for boiling,FD_CO,PW_WA,FD_BO,FD_BO,,
PDR416,*et-,to lift; to carry (child),MO_RL,PA_SH,MO_RL,MO_RL,YES,YES
PDR417,*evVg- (?),leaf,AV_LE,AV_PN,AV_LE,AV_LE,YES,YES
PDR418,*eẓ- (?),beautiful,EM_BF,EM_JY,EM_BF,EM_BF,YES,YES
PDR419,*eǯ-,number,QN_NU,MT_TR,QN_NU,QN_NU,YES,YES
PDR420,*ēḏ-,"to separate, sift",SR_SE,PA_CU,SR_SE,SR_SE,YES,YES
PDR421,*ēg-,to walk,MO_WA,MO_GO,MO_WA,MO_WA,YES,YES
PDR422,*ēk-,to cool down,SP_CD,BP_WH,BP_SW,BP_SW,,
PDR423,*ēḷ-,"to sing, song",LM_SG,EM_JY,LM_SG,LM_SG,YES,YES
PDR424,*ēl-,cardamom,FD_VE,AV_PN,MK_MW,FD_PP,,
PDR425,*ēḷ-,wisdom,MT_WI,MT_KN,MT_IR,MT_WI,,YES
PDR426,*ēḻ-,1 to receive 2 to bestow,PT_GO,PT_GI,QN_ON,PT_GI,,
PDR427,*ēmaṟ- (*-ḏ-),perplexed; deceived,MT_DB,EM_EF,EM_DC,EM_WA,,
PDR428,*ēṇ-,"boundary, edge",SR_ED,SR_EN,SR_ED,SR_ED,YES,YES
PDR429,*ēnd-,to dance,MO_DA,MO_JL,MO_DA,MO_DA,YES,YES
PDR430,*ēŋ-,"1 to long for, desire 2 to grieve",EM_DE,EM_GS,EM_GS,EM_DE,,YES
PDR431,*ēr- (?),to see,SP_SE,SP_LO,SP_SE,SP_LO,YES,
PDR432,*ēṟ- (*-ḏ-),to rise; steep,MO_RI,SR_GW,MO_RL,MO_RI,,YES
PDR433,*ēṟ- (*-ḏ-),male,AN_MA,MK_MS,MK_MS,AN_MA,,YES
PDR434,*ēv-,to command,SO_CR,LM_ST,SO_CR,SO_CR,YES,YES
PDR435,*gad-,to cry; to scold,LM_SC,EM_CW,EM_CW,EM_CW,,
PDR436,*gaḍ-,grass,AV_GR,AV_HY,AV_GR,AV_GR,YES,YES
PDR437,*gàḍ-,"period, term",TI_TI,SR_EN,TI_TI,TI_TI,YES,YES
PDR438,*gaḍam-,beard; chin,BP_BE,BP_CN,BP_BE,BP_BE,YES,YES
PDR439,*gamp-,basket,PA_BA,FD_PL,PA_BA,PA_BA,YES,YES
PDR440,*gaṇ-,joint,BP_NA,PA_NA,BP_EL,BP_KN,,
PDR441,*ganḍ-,male,AN_MA,MK_MS,MK_MS,MK_MS,,
PDR442,*ganS-,"to bind, yoke",PA_BI,PA_BO,MO_YO,MO_YO,,
PDR443,*gant- (*-e-?),to jump,MO_JL,MO_DA,MO_JL,MO_JL,YES,YES
PDR444,*ganṭ-/*geṇ-,joint; ankle,BP_NA,SR_CN,BP_TE,BP_KN,,
PDR445,*gaR-,to spread,MO_FL,SR_GW,PT_LO,PA_SO,,
PDR446,*gaṟ-,long feather,AV_FL,BP_FE,BP_FE,BP_FE,,
PDR447,*gaṭ-,"clever, skilful",MT_IR,MT_WI,MO_SS,MT_WI,,
PDR448,"*gaṭ-, *kaṭ-, *ganṭ-","1 strong, hard 2 lump 3 spleen",SP_HA,BP_TS,BP_SM,BP_BL,,
PDR449,*gav-,"care, sympathy, pity",EM_CA,EM_PT,EM_PT,EM_PT,,
PDR450,*gav-i,cave,PW_IS,SR_HL,PW_SR,AN_BA,,
PDR451,*gaviseṇ-,"a case, cover",SR_CO,PA_MA,PT_PU,CA_CK,,
PDR452,*gavḷ-i,lizard,AN_AN,AN_IN,AN_SK,AN_SK,,
PDR453,*gaẓ-,stick,PA_TO,AV_PN,PW_MT,PW_MT,,
PDR454,*gaẓ-[Vd-],paddy field,PW_MU,AV_FC,AV_BA,AV_GR,,
PDR455,*gāḷ-,"wind, air",PW_WI,PW_AI,PW_WI,PW_WI,YES,YES
PDR456,*gāḷ-,fish-hook,PA_TO,AN_FI,AN_FI,AN_FM,,
PDR457,*gām- (?),"to increase, exceed",QN_MM,MO_RI,QN_MO,QN_MO,,
PDR458,*gās-i,trouble,EM_PS,EM_AN,TI_HR,SO_SQ,,
PDR459,*gel-,to win,WH_VI,PT_GO,WH_FI,WH_VI,,YES
PDR460,*genḍ-,a k. of fish,AN_FI,FD_ME,AN_FI,AN_FI,YES,YES
PDR461,*genǯ-,water from boiled rice,FD_FD,FD_CO,FD_BO,FD_BO,,
PDR462,*geṭ-,hoof,BP_FT,AN_LI,AV_HO,BP_FT,,YES
PDR463,*giḍ-,"hawk, falcon",AN_BI,,AN_BI,AN_BI,YES,YES
PDR464,*gil-i,fear,EM_FF,MT_DB,EM_FF,EM_FF,YES,YES
PDR465,*ginḍ-i,drinking vessel,FD_CU,DF_FR,FD_DR,FD_PJ,,
PDR466,*giṟ-,giddy,MO_TU,SP_PS,EM_JY,EM_JG,,
PDR467,*gīṟ-,line; to draw lines,PA_CU,LM_WE,SR_LN,LM_LI,,
PDR468,*goḍ-,barren (woman or cow),BP_BM,MK_WO,AN_CO,AN_CO,,
PDR469,*goḷ-ai,anus,BP_BO,BP_BS,AN_EL,BP_TS,,
PDR470,*gonṭ-,bamboo tube,PA_TO,AV_PN,AN_SK,PA_RC,,
PDR471,*goŋk-,hook; curved,SR_HK,PA_TO,PA_BN,CA_NC,,
PDR472,*goṟ-,deer,AN_DE,AN_SH,AN_DE,AN_DE,YES,YES
PDR473,*gōḍ-,wall,DF_WL,WH_FT,DF_WL,DF_WL,YES,YES
PDR474,*gōk- (?),to look up,MO_RI,SP_LO,SP_LO,SP_LO,,
PDR475,*gōḷ-,grief,EM_GS,EM_SA,EM_GS,EM_GS,YES,YES
PDR476,*gōl-,to roast,FD_RF,FD_CO,FD_RF,FD_RF,YES,YES
PDR477,*gōp-,grasshopper,AN_IN,AN_AN,AN_IN,AN_IN,YES,YES
PDR478,*gōr-,"to bale, draw water; a drag",PA_PO,MO_CA,PW_RS,PA_DP,,
PDR479,*guḍ-,small,SR_SM,MK_CH,QN_LF,QN_LF,,
PDR480,*guḍ-,to thunder,PW_TH,PW_LI,PW_TH,PW_TH,YES,YES
PDR481,*gùḍ-,temple,DF_HS,RB_TM,RB_TM,RB_TM,,
PDR482,*guḍ-,heap,PW_MH,QN_MC,AN_RA,AV_SH,,
PDR483,*guḍ- (?),black bear,AN_BR,AN_AN,AN_BR,AN_BR,YES,YES
PDR484,*gudd-,to punch,PA_SH,BP_BI,PA_SH,PA_SH,YES,YES
PDR485,*guḍ-/*guṭ-,small field on hill,AV_FC,PW_MH,PW_MH,PW_MH,,
PDR486,*gum-,hole; pit,SR_HL,PA_TO,SR_HL,SR_HL,YES,YES
PDR487,*gum-,1 heap 2 crowd,QN_MC,SR_HL,QN_MC,QN_MC,YES,YES
PDR488,*gum-,"knob, boss; hump",SR_PO,PW_MH,TI_CW,AN_AD,,
PDR489,*gumiẓ- (*-r-),coomb teak,AV_TR,PW_WF,FD_CB,CA_CO,,
PDR490,*gunḍ-,dust; powder,PW_DU,FD_MF,PW_DU,PW_DU,YES,YES
PDR491,*gunḍ-,heart,BP_HR,BP_BS,BP_HR,BP_HR,YES,YES
PDR492,*gunḍ-,"1 stone, pebble 2 round",PW_SR,SR_RO,PW_SR,PW_SR,YES,YES
PDR493,*gun(t)-,"bow, pellet-bow",WH_BW,WH_WA,WH_BW,WH_BW,YES,YES
PDR494,*gu[n]taḷ-,spade,AV_SP,AV_HO,AV_SP,AV_SP,YES,YES
PDR495,*gunṭ- (?),deep; pond,SR_DP,PW_LA,PW_LA,SR_SW,,
PDR496,*gunǯ-,owl,AN_BI,AN_AN,AN_BI,AN_BI,YES,YES
PDR497,*gunǯ-,to pull,,PA_DP,PA_DP,PA_DP,,
PDR498,*guŋVr-,mosquito,AN_IN,AN_AN,AN_IN,AN_IN,YES,YES
PDR499,*gup-,bush,PW_WF,AV_PN,AN_MK,AV_PL,,
PDR500,*gurḍ-,1 eyeball 2 egg,BP_EY,BP_EG,BP_EG,BP_EG,,
PDR501,*gurL-,"shell, cowrie",AN_BI,PW_SR,AN_CO,AN_CO,,
PDR502,*guṟ-,1 to roar 2 to snore,LM_VC,BP_BB,BP_SL,EM_GR,,
PDR503,*guṟ- (*-ḏ-),1 to aim 2 to mark 3 to write,LM_WE,MT_IP,LM_WE,MT_IP,YES,
PDR504,*guS-,to whisper,LM_ST,LM_VC,EM_CW,LM_BS,,
PDR505,*GuT- (?),"to be tight, tightly bound together",PA_BI,SR_TD,BP_YG,PA_RC,,
PDR506,*guṭ-,secret,MT_SR,EM_SS,MT_SR,MT_SR,YES,YES
PDR507,*gūḍ-,nest,AN_BI,DF_HS,AN_PU,DF_HS,,
PDR508,*gūḍ-,a k. of basket,PA_BA,FD_PO,PA_BA,PA_BA,YES,YES
PDR509,*gūḷ-,to crowd together,SR_CG,QN_MC,QN_MC,QN_MC,,
PDR510,*gūn-,to bend; hump,PA_BN,MO_FA,PA_BN,PA_BN,YES,YES
PDR511,*gūr- (?),to lie down,SR_LI,MO_FA,EM_LI,SR_LI,,YES
PDR512,*gūs-,"to fall down, pour",MO_DR,PA_PO,PA_PO,PA_PO,,
PDR513,*i-,this,SR_PL,LM_NA,TI_TM,TI_TD,,
PDR514,*iḍ-,to put,SR_PU,PA_MA,SR_PU,SR_PU,YES,YES
PDR515,*iḍ-,to stumble,MO_JL,SR_RM,MO_JL,MO_WA,YES,
PDR516,*iḍ-,to beat,PA_SH,WH_WA,WH_FI,PA_SH,,YES
PDR517,*iḍ-,"to crack, split",PA_SP,PA_BK,PA_SP,PA_SP,YES,YES
PDR518,*iḏ-,"tight, narrow",SR_TD,PA_PR,SR_NR,PA_SR,,
PDR519,*iḏ-,to put; to keep,SR_PU,PA_MA,PT_PR,SR_PU,,YES
PDR520,*il-,house,DF_HS,MK_FM,DF_HS,DF_HS,YES,YES
PDR521,*Ìl-ai,leaf,AV_LE,AV_PN,AV_LE,AV_LE,YES,YES
PDR522,*iḷ-uk-,to be sprained,BP_SM,BP_LE,BP_SD,PA_TE,,
PDR523,*Iṇ-,to join; equal,SR_JU,SR_SE,SR_JU,SO_ME,YES,
PDR524,*in-,1 to belch 2 to sigh,BP_BB,EM_EF,TI_FI,EM_GR,,
PDR525,*in-,sweet,SP_ST,EM_JG,TI_NO,SP_ST,,YES
PDR526,*i-neḏ-,today,TI_DA,SR_PL,TI_YD,TI_TD,,
PDR527,*iṇi-,"(water) to evaporate, (flood) to subside",MO_SI,PW_WA,PW_WA,PW_WA,,
PDR528,*ir-,to beg; to borrow,PT_BG,SO_HA,PT_BW,EM_PL,,
PDR529,*ir-,food,FD_FD,AN_PS,FD_FD,FD_EA,YES,
PDR530,*ir-,two,QN_NN,QN_QN,QN_ON,QN_ON,,
PDR531,*[i]reŋ-,"date, plum",FD_FR,AV_TR,FD_PC,TI_NM,,
PDR532,*ir-/*er-,to be,SR_ST,SR_SI,TI_FI,MT_SE,,
PDR533,*irmb-,iron,PA_IR,PA_TO,PA_IR,PA_IR,YES,YES
PDR534,*irp-,mahua,AV_TR,FD_FD,MK_MS,AN_MU,,
PDR535,*ir-Vc-,to scratch (ground); to comb,PA_SH,AV_DI,CA_CB,PW_SA,,
PDR536,*[i]̀ṟej-,shrimp,AN_FI,FD_FD,AN_FM,AN_FI,,YES
PDR537,*iS-,small,SR_SM,QN_LF,QN_LF,QN_LF,,
PDR538,"*is- (*e-, *-j-)","to move, go",MO_GO,MO_MO,MO_MO,MO_MO,,
PDR539,*isuk-,sand,PW_SA,PW_GS,PW_SA,PW_SA,YES,YES
PDR540,*iti ( < *ir-ti?) [cf. *ireŋ],fig tree,AV_TR,FD_FR,FD_FI,FD_FI,,
PDR541,*iṮ-,flesh; to eat meat,BP_FL,FD_ME,FD_ME,BP_FL,,YES
PDR542,*iṭ-,narrow; dense; thronged,SR_NR,SR_FS,SR_TS,SR_ND,,
PDR543,*iẓi-,"to fall, descend",MO_FA,MO_DR,MO_FA,MO_FA,YES,YES
PDR544,*ī̆j-,"to agree; proper, possible",SO_ME,EM_PL,MT_SN,MT_TO,,
PDR545,*īḷ-[aj-],young,TI_YG,BP_WE,TI_YG,TI_YG,YES,YES
PDR546,*īn-,to bear young,BP_BM,AN_LI,AN_BR,BP_BM,,YES
PDR547,*īŋ-,1 feather 2 hair,BP_FE,BP_HA,BP_FE,BP_FE,YES,YES
PDR548,*īp-,bee; fly,AN_BE,AN_FL,AN_BE,AN_BE,YES,YES
PDR549,*īr- (?),liver,BP_LV,BP_BO,BP_LV,BP_LV,YES,YES
PDR550,*īẓi-,"to pull, drag",PA_DP,MO_CA,MO_PS,MO_PS,,
PDR551,*jal-,"night, darkness",PW_DA,,TI_NG,TI_NG,,
PDR552,*jan-,to say,LM_SY,LM_ST,TI_LS,LM_SY,,YES
PDR553,*jā-,"to tie, bind",PA_BI,PA_RC,PA_BI,PA_RC,YES,
PDR554,*jā̆-,[interrogative base],MT_IN,SR_PL,SO_SU,LM_AQ,,
PDR555,*jāḷ-,to rule,SO_RG,PT_OP,SO_RG,SO_RG,YES,YES
PDR556,*jānḍ-,year,TI_YR,TI_AG,TI_YR,TI_YR,YES,YES
PDR557,*jeḏ- (*ṟ-),to know,MT_KN,MT_UN,MT_KN,MT_KN,YES,YES
PDR558,*jelí- (~ *a-),"to melt, dissolve",MO_FL,PA_DP,FD_MX,PA_PO,,
PDR559,*jeẓ- ~ *jeẓái-,"to weep, cry",EM_CW,EM_GS,EM_CW,EM_CW,YES,YES
PDR560,*jēḏ-,water,PW_WA,PW_RS,PW_WA,PW_WA,YES,YES
PDR561,*jēn-,elephant,AN_EL,AN_AN,AN_EL,AN_EL,YES,YES
PDR562,*joḷǯ-,bear,AN_BR,AN_AN,AN_BR,AN_BR,YES,YES
PDR563,*jōḍ-,goat,AN_GO,AN_SH,AN_GO,AN_GO,YES,YES
PDR564,*jōẓ-,seven,QN_NN,QN_QN,QN_NN,QN_TH,YES,
PDR565,*kabb-,to bite; to swallow,BP_BI,FD_EA,BP_BI,BP_BI,YES,YES
PDR566,*kac-,"angry, hostile",EM_AG,SO_SQ,EM_AG,EM_AG,YES,YES
PDR567,*kac-,"to bite, sting",BP_BI,SP_HE,BP_BI,BP_BI,YES,YES
PDR568,*kaḍ-,"1 bitter; sharp 2 severe, cruel 3 exceeding, great",SP_BI,SP_SP,EM_GS,SP_BI,,YES
PDR569,*kaḍ-,to churn,FD_CO,,FD_KD,FD_KD,,
PDR570,*kaḍ- (?),"belly, womb",BP_BS,BP_WO,BP_WO,BP_WO,,
PDR571,*kaḍal-,sea,PW_SE,PW_WA,PW_SE,PW_SE,YES,YES
PDR572,*kadd-/*kad-al-,"to shake, stir",MO_SH,MO_BL,MO_SH,MO_SH,YES,YES
PDR573,*kaḍ[i]-,bridle,MO_RD,PA_TO,TI_AU,MO_BR,,
PDR574,*kadir-,spindle,CA_SP,PA_TO,CA_SP,CA_SP,YES,YES
PDR575,*kaḍj-,panther; tiger,AN_AN,AN_LI,AN_LN,AN_LN,,
PDR576,*kaḍ-Vnḍ-,hornet,AN_IN,AN_SK,AN_BE,AN_BE,,
PDR577,*kaḏ- (*-ṟ-),to chew,BP_BI,FD_EA,BP_BI,FD_SU,YES,
PDR578,*kaɣ-,hand,BP_HN,BP_AR,BP_HN,BP_HN,YES,YES
PDR579,*kaj-,a k. of fish,AN_FI,FD_FD,AN_FI,AN_FI,YES,YES
PDR580,*kajd-,a k. of flower,AV_FL,AV_TR,AV_FL,AV_FL,YES,YES
PDR581,*kajil-,ladle,FD_SP,FD_DI,FD_ML,FD_SP,,YES
PDR582,*kajiṟ-,"rope, string",PA_RC,PA_BO,PA_RC,PA_RC,YES,YES
PDR583,*kak-,to vomit,BP_VO,BP_CO,BP_VO,BP_VO,YES,YES
PDR584,*kak-,shell,AN_IN,PW_SR,AN_PI,FD_DI,,
PDR585,*kal-,"1 to get, accrue 2 to exist",MO_GO,PT_GO,PT_GO,PT_GO,,
PDR586,*kal-,to stir; turbid,MO_SH,FD_MX,FD_BO,FD_KD,,
PDR587,*kal-,"to shout, make noise",PW_TH,LM_SC,LM_SC,LM_SC,,
PDR588,*kàl-,"vessel; ship, boat",FD_PO,MO_SP,MO_SP,MO_SP,,
PDR589,*kal-,stone,PW_SR,PA_NA,PW_SR,PW_SR,YES,YES
PDR590,*kaḷ-,liquor,FD_WI,FD_DR,FD_BB,FD_WI,,YES
PDR591,*kaḷ-,threshing floor,AV_TF,PW_PF,AV_TF,AV_TF,YES,YES
PDR592,*kaḷ-,to steal; thief,PT_ST,EM_DC,PT_TH,PT_ST,,YES
PDR593,*kaḷ-,to uproot (weeds); to strip,AV_DI,AV_HO,AV_RO,AV_SS,,
PDR594,*kal-,female relative,MK_AU,MK_RE,MK_GM,MK_SW,,
PDR595,*kàl-,"mark, scar",BP_SH,BP_HA,WH_SH,CA_NE,,
PDR596,*kal- (*k̂-),to bite,BP_BI,PA_TE,BP_BI,BP_BI,YES,YES
PDR597,*kal-(aj-),to be mixed,FD_MX,PA_BI,FD_MX,FD_MX,YES,YES
PDR598,*kaḷ-i,milk-hedge (spurge),AV_PN,AV_TR,AN_PS,AN_PS,,
PSD550,*kaḻ-,to learn,MT_LE,MT_ST,MT_LE,MT_LE,YES,YES
PDR600,*kam-,ear-ring,CA_AD,CA_JW,CA_FR,CA_FR,,
PDR601,*kamb-i,wire,PA_CO,PA_GO,PA_RC,PA_RC,,
PDR602,*kamp-,a smell,SP_VO,SP_VS,SP_BD,SP_BD,,
PDR603,*kan-,angry; to burn,EM_AG,PW_FI,EM_AG,EM_AG,YES,YES
PDR604,*kaṇ-,eye,BP_EY,SR_HL,BP_EY,BP_EY,YES,YES
PDR605,*kaṇ-,"rope, neck-rope, necklace",PA_RC,CA_NC,CA_NC,CA_NC,,
PDR606,*kaṇ-,"knife, blade",PA_KF,AV_SI,FD_KN,FD_KN,,
PDR607,*kan-,to sound,SP_SO,SP_HE,LM_ST,SP_HE,,
PDR608,*kan-,"ripe, soft; to love, pity",EM_PT,SR_GW,EM_PT,FD_FR,YES,
PDR609,*kaṇav-,"mountain pass; gap, opening",PW_VA,SR_CN,PW_MH,PW_MH,,
PDR610,*kand-,"trench, ditch",SR_HL,DF_FP,WH_RT,AV_DI,,
PDR611,*kanḍ-,piece of flesh,BP_FL,FD_ME,BP_FL,BP_FL,YES,YES
PDR612,*kanḏ-,"scorched, burnt; black",PW_BU,SP_DC,PW_BU,PW_BU,YES,YES
PDR613,*kaṇ-ik-,stick; timber,PW_WD,AV_PN,PW_WD,PW_MT,YES,
PDR614,*kanṟ-,sapling,AN_CF,AV_TR,AN_MU,AV_TR,,
PDR615,*kant-,"to set, sink",MO_SI,MO_FA,MO_SI,MO_SI,YES,YES
PDR616,*kaṉ-,to dream,BP_DR,BP_SL,BP_DR,BP_DR,YES,YES
PDR617,*kap-,frog,AN_AN,AN_IN,AN_SK,AN_PI,,
PDR618,*kaP-,1 butterfly; cricket 2 bat,AN_IN,AN_BI,AN_IN,AN_IN,YES,YES
PDR619,*kap-,to cover,SR_CO,MO_FL,CA_VE,SR_CO,,YES
PDR620,*kap-,tribute,PT_TX,PT_IN,EM_GL,CA_VE,,
PDR621,*kaP-,"to bend, turn over",MO_TU,SR_PU,PA_BN,PA_BN,,
PDR622,*kapal-,ship,MO_SP,MO_BT,MO_SP,MO_SP,YES,YES
PDR623,*kar-,to melt,MO_FL,EM_PT,PA_RU,PA_PO,,
PDR624,*kar-,to sound,SP_SO,LM_VC,LM_ST,SP_HE,,
PDR625,*kar-,1 black 2 to burn,PW_BU,SP_BK,PW_BU,PW_BU,YES,YES
PDR626,*kar-,"1 bank 2 bridge, border",PW_SH,PW_ML,PT_BA,MO_BR,,
PDR627,*kar-,mould,PA_MD,SR_FS,PA_MD,PA_MD,YES,YES
PDR628,*kar-,rough,SP_RG,EM_BD,SP_RG,SP_RG,YES,YES
PDR629,*kar-,"to intend, desire",MT_IP,MT_TR,EM_DE,EM_DE,,
PDR630,*Kar-,cartilage,BP_BN,BP_BO,BP_KN,BP_BN,,YES
PDR631,*kar- (*-ṟ-?),"to hide, steal; to deceive",PT_ST,SR_HC,PT_TH,PT_ST,,YES
PDR632,*karaḍ-i,black bear,AN_BR,AN_AN,AN_BR,AN_BR,YES,YES
PDR633,*karaḷ-,intestines,BP_BS,BP_HR,BP_NV,BP_NV,,
PDR634,*karb-,"egg, foetus",BP_EG,BP_BO,BP_EG,BP_EG,YES,YES
PDR635,*kaṟ-,"stick, shaft, tooth",PW_WD,BP_TO,BP_TO,BP_TO,,
PDR636,*kaṟ-,"anger, enmity",EM_AG,SO_EN,EM_AG,EM_AG,YES,YES
PDR637,*kaṟ- (*-ḏ-),black,SP_BK,SP_CO,SP_BK,SP_BK,YES,YES
PDR638,*kaṟ- (*-ḏ-),vegetables,FD_VE,FD_FD,FD_VE,FD_VE,YES,YES
PDR639,*kaṟ-nḍ-,a k. of cloth,CA_CL,CA_CC,CA_CL,CA_CL,YES,YES
PDR640,*kaṟv-,hunger,FD_HU,FD_FD,FD_HU,FD_HU,YES,YES
PDR641,*kas-,bitter,SP_BI,FD_FD,SP_BI,SP_BI,YES,YES
PDR642,*kaṬ-,to cut to pieces,PA_CU,SR_DI,PA_CU,PA_CU,YES,YES
PDR643,*kat-,1 to cut down 2 knife,PA_KF,PA_CU,FD_KN,FD_KN,,
PDR644,*kaT-,to seize,PT_SG,PT_ST,PT_SG,PT_SG,YES,YES
PDR645,*kat- (?),to burn,PW_BU,PW_LK,PW_BU,PW_BU,YES,YES
PDR646,*kaṯ-kāj,chebulic myrobalan,FD_FR,FD_VE,FD_GP,FD_MF,,
PDR647,*kaṭ-,1 to shut 2 to tie up,PA_BI,SR_SH,TI_FI,SR_SH,,
PDR648,*kaṭ-,to pay,PT_PA,PT_OP,PT_PA,PT_PA,YES,YES
PDR649,*kaṭ-,"soup, decoction",FD_SB,FD_FD,FD_SB,FD_SB,YES,YES
PDR650,*kaṭil-,cot; litter; bed,DF_BD,DF_FR,DF_BD,DF_BD,YES,YES
PDR651,*kav-,to catch,PT_SG,PT_TA,AN_HU,PT_SG,,YES
PDR652,*kav- (*k̂-),1 to curse 2 scandal,RB_CU,LM_SC,RB_CU,RB_CU,YES,YES
PDR653,*kavŋ-,armpit,BP_AR,BP_FC,CA_BR,BP_FC,,
PDR654,*kaẓ-,to wash,PA_WA,SP_CN,PA_WA,PA_WA,YES,YES
PDR655,*kaẓ-,vulture,AN_BI,AN_AN,AN_BI,AN_BI,YES,YES
PDR656,*kaẓ-[al-],to loosen; loose,PA_BK,MO_FL,BP_FB,PA_SO,,
PDR657,*kaẓ-[c-],1 to defecate 2 to pass,BP_ED,MO_GO,BP_ED,BP_ED,YES,YES
PDR658,*kaẓd-,neck,BP_NK,BP_TR,BP_NK,BP_NK,YES,YES
PDR659,*kaǯ- (?),big,SR_XL,SR_SZ,SR_SZ,SR_XL,,YES
PDR660,*kaǯǯ-,"1 scab, itch 2 to scratch",BP_BI,SP_RG,BP_BI,BP_NA,YES,
PDR661,*kā-,to wait; to watch out,SR_RM,SO_HA,TI_DE,TI_DE,,
PDR662,*kāc-,"catechu, areca-nut",FD_VE,FD_FD,AN_CT,FD_NT,,
PDR663,*kāḍ-,weed,AV_PN,AV_GR,FD_PO,FD_PO,,
PDR664,*kāḍ-,"burnt, charred; lampblack",PW_BU,PW_AS,LJ_AR,PW_BU,,YES
PDR665,*kāḍ-,field; forest,AV_FC,PW_WF,PW_WF,PW_PF,,
PDR666,*kād-,"to fight, kill",WH_FI,BP_KI,WH_FI,WH_FI,YES,YES
PDR667,*kād- (?),ear,BP_EA,BP_BO,BP_EA,BP_EA,YES,YES
PDR668,*kāj-,fruit; bear fruit,AV_FL,FD_FR,FD_FR,FD_FR,,
PDR669,*kāj-,to be hot; dry,SP_HW,PW_FI,PA_WA,EM_DE,,
PDR670,*kāk-,crow,AN_BI,AN_AN,AN_BI,AN_CK,YES,
PDR671,*kāk-,suffering; fatigue; badness,EM_PS,PA_WS,EM_PS,EM_PS,YES,YES
PDR672,*kāl-,"leg, foot",BP_LE,BP_FT,BP_FT,BP_LE,,YES
PDR673,*kāl-,"canal, channel",PW_RS,AV_FC,MO_HP,PW_RS,,YES
PDR674,*kāḷ-,to burn,PW_BU,PW_FL,PW_BU,PW_BU,YES,YES
PDR675,*kālēj- (?),liver,BP_LV,BP_BO,BP_LV,BP_LV,YES,YES
PDR676,*kālṯ- (?),wind,PW_WI,PW_AI,PW_WI,PW_WI,YES,YES
PDR677,*kāḻ-,"to leak, flow",MO_FL,PW_RS,MO_FL,MO_FL,YES,YES
PDR678,*kāḻ-,to spit; to vomit,BP_VO,BP_SP,BP_SP,BP_SP,,
PDR679,*kāmb-,1 stalk 2 handle,AV_PN,PA_TO,WH_SP,AV_SH,,
PDR680,*kān-,forest,PW_WF,AV_GA,PW_WF,PW_WF,YES,YES
PDR681,*kāṇ-,to see,SP_SE,MT_UN,SP_SE,SP_LO,YES,
PDR682,*kār-,to gnaw,BP_BI,FD_EA,TI_FI,FD_SU,,
PDR683,*kā̆r-[ɣ-],1 salty 2 pungent,SP_SA,SP_ST,FD_SL,SP_SA,,YES
PDR684,*kāv-,carrying yoke,MO_CA,PA_TO,MO_YO,MO_YO,,
PDR685,*kāv-i,red ochre,SP_RD,CA_OI,SP_RD,SP_RD,YES,YES
PDR686,*kāẓud-,donkey,AN_AD,AN_LI,AN_AD,AN_AD,YES,YES
PDR687,*ke-,dark red,SP_RD,SP_CO,SP_RD,SP_RD,YES,YES
PDR688,*keḍ-,to lie (down),SR_LI,BP_SL,EM_LI,SR_LI,,YES
PDR689,*keḍ- (*k̂-?),"bush, shrub",AV_PN,AV_TR,AV_PN,AV_BI,YES,
PDR690,*keḏ-,"to close, shut",SR_SH,SR_CO,SR_SH,SR_SH,YES,YES
PDR691,*kej-,field,AV_FC,PW_PF,PW_PF,PW_PF,,
PDR692,*kej-,to do,PA_MA,PA_WV,TI_FI,PA_MA,,YES
PDR693,*kejḷ-,1 to say; to be understood 2 to hear,SP_HE,LM_SY,SP_HE,SP_HE,YES,YES
PDR694,*kel-,feather,BP_FE,AN_BI,BP_FE,BP_FE,YES,YES
PDR695,*kèl-,side,SR_SD,BP_BS,EM_GD,SR_SD,,YES
PDR696,*ken-,cheek; temple,BP_CK,BP_HE,BP_CK,BP_CK,YES,YES
PDR697,*keṇ-,"to arouse, irritate; to have sexual intercourse",EM_AG,SO_SQ,BP_SI,EM_PL,,
PDR698,*ker-,to warm by the fire,PW_FI,SP_HW,TI_WI,FD_RF,,
PDR699,*ker-,to scratch,PA_RU,PA_CU,PA_NA,PA_RU,,YES
PDR700,*Kerŋ-,feather,BP_FE,AN_BI,BP_FE,BP_FE,YES,YES
PDR701,*keṟ-,"to kill, destroy",BP_KI,PT_DE,BP_KI,PT_DE,YES,
PDR702,*kesaṟ- (*-i-),"mud, mire",PW_MU,PW_GS,PW_MU,PW_MU,YES,YES
PDR703,*kev-,ear,BP_EA,BP_BO,BP_EA,BP_EA,YES,YES
PDR704,*kē-,to lie,SR_LI,BP_SL,EM_LI,SR_LI,,YES
PDR705,*kēɣ-,"magpie, snipe",AN_BI,AN_AN,AN_BI,AN_BI,YES,YES
PDR706,*kēkVl (?),earth,PW_EL,PW_GS,PW_EL,PW_GS,YES,
PDR707,*kēḷ-,"to be friends with, ramify, multiply (as families)",SO_FR,SR_JU,SO_FR,MK_FM,YES,
PDR708,*kēnd- (?),feather,BP_FE,AN_BI,BP_FE,BP_FE,YES,YES
PDR709,*kēnd- (?),"to possess, buy",PT_OP,PT_BU,PT_OP,PT_OP,YES,YES
PDR710,*kēr-,side,SR_SD,SR_FS,EM_GD,SR_SD,,YES
PDR711,*kēr-,to shout; to crow,LM_SC,LM_VO,LM_SC,LM_SC,YES,YES
PDR712,*kēr-,to sing; to tell,LM_SG,LM_LG,LM_SG,LM_SG,YES,YES
PDR713,*kēr-,to lean against,PA_SH,MO_RL,BP_SD,SR_SI,,
PDR714,*kēs-,to shave,PA_CU,PA_WA,BP_BE,BP_BE,,
PDR715,*kēs- (?),neck,BP_NK,BP_BO,BP_NK,BP_NK,YES,YES
PDR716,*kēs-[mb-],a kind of yam,FD_VE,AV_PN,BP_YG,FD_FR,,
PDR717,*kic-,to pinch,PA_CU,PA_SH,BP_NA,PA_SR,,
PDR718,*kiḍ-,spark,PW_FI,PW_LG,PW_FL,EM_PA,,
PDR719,*kil-,to cry; to sound,LM_SC,EM_CW,EM_CW,EM_CW,,
PDR720,*kil-,small,SR_SM,QN_LF,QN_LF,QN_LF,,
PDR721,*kiḷ-,parrot,AN_BI,AN_AN,AN_BI,AN_BI,YES,YES
PDR722,*kiḷ-,"rust, verdigris",PA_SI,SP_BD,WH_SW,CA_JW,,
PDR723,*kIḷ-,"to dig up, stir",AV_DI,PA_CU,AV_DI,AV_DI,YES,YES
PDR724,*kin-,cold,SP_CD,PW_WE,TI_WI,SP_CD,,YES
PDR725,*kin-,to be angry,EM_AG,EM_RF,EM_AG,EM_AG,YES,YES
PDR726,*kind-,to sprinkle,PA_SO,PW_DU,FD_KD,PA_SO,,YES
PDR727,"*kinḍ-, *kenḍ-",to cut up; to dig in,PA_CU,PA_SH,AV_DI,PA_CU,,YES
PDR728,*kipr-,"shell, skull",BP_SK,AN_AN,BP_SK,BP_SK,YES,YES
PDR729,*kir-,ear,BP_EA,BP_BO,BP_EA,BP_EA,YES,YES
PDR730,*kiṟ-,1 small 2 young,SR_SM,TI_YG,TI_YG,TI_YG,,
PDR731,*kiṟ-,"anger, angry; displeased",EM_AG,EM_RF,EM_AG,EM_AG,YES,YES
PDR732,*kiṟl-,wrist,BP_AR,BP_FT,CA_BR,BP_EL,,
PDR733,*kit-,to tickle,SP_TV,BP_BO,BP_LC,EM_PL,,
PDR734,*Kiṭ-,to touch; near,SP_TV,MO_AP,SP_TV,SP_TV,YES,YES
PDR735,*kiẓ[i]-,to pluck,PA_DP,PA_CU,AV_PL,PA_CU,,
PDR736,*kīḏ- (*-ṟ-),to tear; to slash,PA_TE,PA_CU,PA_TE,PA_TE,YES,YES
PDR737,*kīḷ-,"to rend, split",PA_SP,PA_TE,PA_SP,PA_SP,YES,YES
PDR738,*kīp-,comb; to comb,CA_CB,AV_PN,CA_CB,CA_CB,YES,YES
PDR739,*kīr-,"herbs, greens",FD_VE,AV_PN,AV_PN,AV_PN,,
PDR740,*Kīr-,to be cold,SP_CD,BP_SM,TI_WI,SP_CD,,YES
PDR741,*kīṟ- (*-ḏ-),"to cry, call",LM_SC,LM_ST,EM_CW,EM_CW,,
PDR742,*kīẓ-,lower; beneath,SR_LO,SR_BO,SR_BO,SR_LO,,YES
PDR743,*kīẓ-,old,TI_OL,MK_HB,TI_OL,TI_OL,YES,YES
PDR744,*kobbar-,"coconut kernel, copra",FD_FR,FD_VE,AV_ST,FD_NT,,
PDR745,*kod-,to boil; to reduce to pulp,FD_BO,,FD_BO,FD_BO,YES,YES
PDR746,*koḍ-,"1 crook, curve 2 sickle",SR_CR,AV_SI,SR_HK,PA_BN,,
PDR747,*koḍ-,"point, peak",SR_PO,SR_EN,PW_MH,PW_MH,,
PDR748,*koḍ-,to give (to 3rd person),PT_GI,MO_BG,PT_GI,PT_GI,YES,YES
PDR749,*koḏ-,hen,AN_HC,AN_BI,AN_HN,AN_HN,,
PDR750,*koḏ-,to bite,BP_BI,FD_EA,BP_BI,BP_BI,YES,YES
PDR751,*koḏl-,millet,AV_GG,FD_FD,FD_ML,FD_ML,,
PDR752,*koɣ-,child,MK_CH,MK_BO,AN_KI,MK_CH,,YES
PDR753,*koj-,to reap,AV_MR,PA_CU,TI_AN,AV_MR,,YES
PDR754,*koj-,stick,PA_BE,AV_TR,PW_MT,PW_MT,,
PDR755,*Koj (?),smoke,PW_SM,PW_FI,PW_SM,PW_SM,YES,YES
PDR756,*kok-,"beak, bill",BP_MO,AN_BI,AN_BI,AN_CK,,
PDR757,*kol-,to kill,BP_KI,PA_SH,BP_KI,BP_KI,YES,YES
PDR758,*kol-,to forge,PA_SM,PA_FG,PA_FG,PA_FG,,
PDR759,*koḷ-,horse gram,FD_VE,,AN_HO,AN_HO,,
PDR760,*koḷ-,firebrand,PW_FI,PW_FL,PW_FI,PW_FL,YES,
PDR761,*Kol-,"to bend, curve",PA_BN,MO_TU,PA_BN,PA_BN,YES,YES
PDR762,*kol-,"valley, bay",PW_VA,PW_GB,PW_VA,PW_GB,YES,
PDR763,*kol- (?),tail,BP_TA,AN_BI,BP_TA,BP_TA,YES,YES
PDR764,*kom-,branch; horn,AV_BN,BP_HO,BP_HO,BP_HO,,
PDR765,*komb- (?),far,SR_FR,SR_NE,SR_FR,SR_FR,YES,YES
PDR766,*kon-,"tip, end",SR_PO,SR_EN,TI_FI,FD_SP,,
PDR767,*ko(n)c-,"little, few; small; mean, humble",SR_SM,QN_LF,QN_LF,QN_LF,,
PDR768,*kond-,dumb,MT_FS,LM_BS,MT_FS,MT_FS,YES,YES
PDR769,*konḍ-,tuft of hair; knob,BP_HA,AN_BI,BP_HA,BP_HA,YES,YES
PDR770,*konḏ-,hill,PW_MH,PW_SR,PW_MH,PW_MH,YES,YES
PDR771,*koŋ(k)-,"woman's breast, nipple",BP_BW,BP_HE,BP_BW,BP_BW,YES,YES
PDR772,*kop-,topknot of hair,BP_HA,CA_AD,BP_HA,CA_CB,YES,
PDR773,*kop-,women's ornament,CA_AD,CA_JW,MK_FS,CA_WD,,
PDR774,*Kopaḷ- (*-u-),"blister, bubble",BP_SH,PW_WV,CA_PI,CA_OI,,
PDR775,*kor- (*-u-),mud,PW_MU,PW_GS,PW_MU,PW_MU,YES,YES
PDR776,*korŋ-,"crane, heron",AN_BI,AN_FE,AN_BI,AN_BI,YES,YES
PDR777,*koṟ-,sheep,AN_SH,AN_GO,AN_SH,AN_SH,YES,YES
PDR778,*koṟ-,cold,SP_CD,PW_IC,TI_WI,SP_CD,,YES
PDR779,*koṟ- (*-ḏ-),"anger, angrily",EM_AG,EM_RF,EM_AG,EM_AG,YES,YES
PDR780,*kos- (?),to burn,PW_BU,EM_AG,PW_BU,PW_BU,YES,YES
PDR781,*kot-,to peck,PA_SH,AN_HU,AN_CK,PA_CV,,
PDR782,*kot- (?),new,TI_NW,TI_YG,TI_NW,TI_NW,YES,YES
PDR783,*koṭ-,to dig; to peck; to break,AV_DI,PA_SH,AV_DI,AV_DI,YES,YES
PDR784,*kovanS-,spider,AN_IN,AN_AN,AN_IN,AN_SK,YES,
PDR785,*koẓ-,"tube, pipe; hole, pit",PA_TO,DF_FR,AN_MU,BP_TR,,
PDR786,"*koẓ-, *koṇ-",to buy; to take,PT_BU,PT_TA,PT_BU,PT_BU,YES,YES
PDR787,*Koẓŋ-,neck; Adam's apple,BP_NK,BP_TR,FD_AP,BP_NK,,YES
PDR788,*koẓv-,fat,BP_FL,SR_XL,BP_LI,FD_BT,,
PDR789,*kō-,"to string, insert, thread",PA_BI,PA_PL,CA_TH,CA_TH,,
PDR790,*kō-,"1 king 2 palace, temple 3 high",SO_KK,RB_TM,RB_TM,RB_TM,,
PDR791,*kōc- (?),bone,BP_BN,AN_CB,BP_BN,BP_BN,YES,YES
PDR792,*kōḍ-,"bull, cow",AN_BU,AN_CO,AN_BU,AN_BU,YES,YES
PDR793,*kōḍ-,horn,BP_HO,AV_BN,BP_HO,BP_HO,YES,YES
PDR794,*kōḍ- (?),to lie down,SR_LI,BP_SL,EM_LI,SR_LI,,YES
PDR795,*kōl-,stick,PA_TO,AV_BN,PW_MT,PW_MT,,
PDR796,*kōl-,"largeness, big",SR_XL,SR_SZ,SR_XL,SR_XL,YES,YES
PDR797,*Kōḷ-,calumny; abuse,EM_LI,EM_DC,EM_TC,LJ_PY,,
PDR798,*kōl-,"belly, womb",BP_BS,BP_WO,BP_WO,BP_WO,,
PDR799,*kōṇ-,1 corner 2 crooked,SR_CN,SR_CR,SR_CN,SR_CR,YES,
PDR800,*kōnḍ-,"hook, curved",SR_HK,SR_CR,PA_BN,PA_BN,,
PDR801,*kōnd-,bull,AN_BU,AN_OX,AN_BU,AN_BU,YES,YES
PDR802,*kōnt-,monkey,AN_MK,AN_AN,AN_MK,AN_MK,YES,YES
PDR803,*kōp-,to tend cattle,AN_HE,AN_PV,AN_PV,AN_HE,,YES
PDR804,*kōr-,"to drink, eat (greedily)",FD_DR,FD_EA,FD_EA,FD_SU,,
PDR805,"*kōr-, *kUSar-","to desire, wish; bonus",EM_DE,EM_WW,EM_DE,EM_DE,YES,YES
PDR806,*kōṟ-,"1 to scratch 2 tusk, fang",PA_CU,BP_HO,TI_FI,WH_BA,,
PDR807,*kōṭ-ai,"fort, fortress",WH_FT,DF_HS,WH_FT,WH_FT,YES,YES
PDR808,*kō(v)-,"up, high; mountain",SR_HI,PW_MH,PW_MH,MO_RI,,
PDR809,*kō̆ẓ-,young; sprout,TI_YG,SR_SM,TI_YG,TI_YG,YES,YES
PDR810,*kōẓ-i,fowl,AN_HC,AN_BI,AN_GS,AN_HN,,
PDR811,*kuc-,"tassel, tuft; cluster",PA_BA,SR_FS,MO_HP,CA_CB,,
PDR812,*kud-,"to shake, agitate; to jump",MO_SH,MO_JL,MO_SH,MO_SH,YES,YES
PDR813,*kùḍ-,"pot, bowl",FD_PO,PA_GL,FD_BW,FD_BW,,
PDR814,*kudal-,a k. of tree,AV_TR,PW_WF,PW_TR,AV_TR,,YES
PDR815,*kuḍ-i-,to drink,FD_DR,FD_EA,FD_DR,FD_DR,YES,YES
PDR816,*kudir-,horse,AN_HO,AN_LI,AN_HO,AN_HO,YES,YES
PDR817,*kudir-,"to settle, fix, adjust",PA_MA,SR_RM,LJ_FI,DF_DW,,
PDR818,"*kUd-, *kUd-al-","to prattle, mumble",LM_ST,LM_SY,LM_SC,LM_BS,,
PDR819,*kuḏ-,"to cut, fell",PA_CU,PA_AX,PA_CU,PA_CU,YES,YES
PDR820,*kuḏuŋ-,thigh,BP_LE,BP_BO,BP_LE,BP_LE,YES,YES
PDR821,*kuɣ-il-,Indian cuckoo,AN_BI,AN_AN,AN_BI,AN_BI,YES,YES
PDR822,*kuK-,"to sit, squat",SR_SI,SR_PU,BP_KN,BP_LE,,
PDR823,*kuk- (?),head,BP_HE,PW_TH,BP_HE,BP_HE,YES,YES
PDR824,*kul-,1 to shake 2 to fear,MO_SH,EM_FF,MO_SH,MO_SH,YES,YES
PDR825,*kUḷ-,"pond, vessel; to run, leak from a vessel",PW_LA,FD_PO,PW_LA,PW_LA,YES,YES
PDR826,*kul-,"stalk, stem",AV_PN,PA_TO,AV_SS,AV_FO,,
PDR827,*kuḷ-,"to bathe, wash",PA_WA,BP_BB,PA_WA,PA_WA,YES,YES
PDR828,*kuḷ-,short,SR_SS,SP_CD,SR_SS,TI_LS,YES,
PDR829,*kuḷ- (?),cool,SP_CD,PW_WE,TI_NO,FD_BB,,
PDR830,*kuḷ- (?),to sit,SR_SI,MO_MO,SR_SI,SR_SI,YES,YES
PDR831,*kulur-,crane,AN_BI,AN_AN,WH_TW,AN_BI,,YES
PDR832,*kum-,"smell of embers, smoke",PW_SM,PW_FI,SP_BD,PW_SM,,YES
PDR833,*kUm-,a k. of basket,PA_BA,DF_FR,PA_BA,PA_BA,YES,YES
PDR834,*Kun-,to dance,MO_DA,MO_JL,MO_DA,MO_DA,YES,YES
PDR835,*kuń-,young of animal,MK_CH,MK_IN,AN_KI,AN_CF,,
PDR836,*kund-,log; pillar,PW_WD,PA_BE,PW_AS,PW_WD,,YES
PDR837,*kunḍ-,"buttock, anus",BP_BO,BP_FL,AN_AD,BP_NV,,
PDR838,*kun-i,bee,AN_BE,AN_IN,AN_BE,AN_BE,YES,YES
PDR839,*kunt-/*kud-,"to sit, squat",SR_SI,MO_MO,BP_KN,SR_SI,,YES
PDR840,*kunṭ-,lame,BP_WE,MO_WA,EM_SA,TI_SL,,
PDR841,*kup-,heap; stack,QN_MC,SR_SZ,PW_MU,PW_AS,,
PDR842,*kup-,hut; village,DF_HU,DF_HS,DF_HU,DF_HU,YES,YES
PDR843,*kup-,to jump,MO_JL,MO_DA,MO_JL,MO_JL,YES,YES
PDR844,*kur-,"antelope, deer",AN_DE,AN_AN,AN_DE,AN_DE,YES,YES
PDR845,*kur-,"to shrink, wither",MO_FA,SR_GW,PT_MS,TI_CE,,
PDR846,*kur-,brilliancy; silver,SP_BR,PW_LG,PA_SI,MT_OB,,
PDR847,*kur-,"seed, nut",AV_PN,FD_NT,FD_NT,FD_NT,,
PDR848,*kural-,voice; sound,LM_VO,BP_TR,LM_VO,LM_VO,YES,YES
PDR849,*kurc-,stump,PW_WD,AV_PN,FD_KN,AV_FO,,
PDR850,*kuriŋ-,bee,AN_BE,AN_IN,AN_BE,AN_BE,YES,YES
PDR851,*kurk-,a k. of basket,PA_BA,FD_VE,PA_BA,PA_BA,YES,YES
PDR852,*kùruḍ-,blind,BP_EY,BP_SI,SP_BR,SP_LL,,
PDR853,*kurud-,blood; red colour,BP_BL,SP_CO,BP_BL,BP_BL,YES,YES
PDR854,*kur[v]-,owl,AN_BI,AN_AN,AN_BI,AN_BI,YES,YES
PDR855,*kur[V]m-,spider,AN_IN,AN_AN,AN_IN,AN_IN,YES,YES
PDR856,*kur-Vŋ-,"to bend, fall down",MO_FA,SR_HI,PA_BN,PA_BN,,
PDR857,*kuṟ-,male calf; colt,AN_CF,AN_FC,AN_CF,AN_CF,YES,YES
PDR858,*kuṟ-,"to pound, pestle",PA_SH,FD_CO,PT_AS,PA_SH,,YES
PDR859,*kuṟ- (*-ḏ-),small,SR_SM,SR_SS,QN_LF,QN_LF,,
PDR860,*kùṟ- (*-ḏ-),name of a mountain tribe,SO_PP,SO_PN,SO_TC,SO_TC,,
PDR861,*kUṟaḍ- (*-ḏ-),"trunk, log, stump",PW_WD,PA_NA,BP_TA,PW_WD,,YES
PDR862,*kus-,potter caste,PA_PT,SO_NT,PA_PT,SO_TC,YES,
PDR863,*kuS-[Vr-],vegetables,FD_VE,FD_CO,FD_VE,FD_VE,YES,YES
PDR864,*kut-,1 to pierce 2 to dig,PA_CU,AV_DI,WH_SP,AV_DI,,
PDR865,*kut-,1 throat 2 neck,BP_TR,BP_NK,BP_TR,BP_TR,YES,YES
PDR866,*kuṭ-,to sew,CA_SE,PA_CU,CA_SE,CA_SE,YES,YES
PDR867,*kuẓ-,"to rot, become soft",MO_BO,BP_LL,PA_TE,BP_DD,,
PDR868,*kuẓ-u-,to sink,MO_SI,MO_FA,MO_SI,MO_SI,YES,YES
PDR869,*kū-,to call,LM_SC,LM_CS,LM_CS,LM_CN,,
PDR870,*kūḍ-,to assemble,SR_CG,SR_JU,BP_AR,PA_BU,,
PDR871,*kūd-i,pudendum muliebre,BP_PE,BP_BO,AN_BU,AN_PU,,
PDR872,*kūl-,"wages, pay",PT_WA,PT_EA,PT_WA,PT_WA,YES,YES
PDR873,*kūl-,to fall,MO_FA,MO_DR,MO_FA,MO_FA,YES,YES
PDR874,*kūn-,mushroom,FD_VE,AN_IN,AN_DU,FD_PE,,
PDR875,*kūr-,boil,BP_SS,BP_SH,FD_BO,FD_BO,,
PDR876,*kūr-,to bark; to sound,LM_VC,AN_DO,LM_SG,EM_GR,,
PDR877,*kūr-,"to be abundant, in excess",QN_MM,SR_GW,QN_MM,QN_EN,YES,
PDR878,*kūr-,sharp,SP_SP,SR_XL,SP_SP,SP_SP,YES,YES
PDR879,*kūr-,"love, affection",EM_LO,EM_EF,EM_LO,EM_DR,YES,
PDR880,*kūr- (?),to sit,SR_SI,DF_DW,SR_SI,SR_SI,YES,YES
PDR881,*kūrn-,to sleep,BP_SL,TI_NG,BP_SL,BP_SL,YES,YES
PDR882,*kūẓ-,"wicked, cruel; rude",EM_BD,MT_FS,LJ_SW,EM_UG,,
PDR883,*kūẓ-,rice porridge,FD_FD,FD_CO,FD_BW,FD_DI,,
PDR884,*k̂ac-,"dirt, impurity",SP_DS,PA_SW,PW_GS,SP_DS,,YES
PDR885,*k̂aḍ-,"calf, deer",AN_CF,AN_DE,AN_CF,AN_CF,YES,YES
PDR886,*k̂aḍ-,"bison, elk, deer",AN_DE,AN_CB,AN_DE,AN_DE,YES,YES
PDR887,*k̂aḍ-a-,to cross,MO_GO,SR_SE,SR_CS,SR_CS,,
PDR888,*k̂amaṇ-,forest,PW_WF,AV_GA,PW_WF,PW_WF,YES,YES
PDR889,*k̂aṬ-,to bite,BP_BI,PA_SH,BP_BI,BP_BI,YES,YES
PDR890,*k̂av-,bifurcation,SR_FS,SR_DI,MO_SH,AN_ST,,
PDR891,*k̂ā-,to go,MO_GO,TI_LS,MO_GO,MO_GA,YES,
PDR892,*k̂āi-,to die,BP_DD,MO_FA,BP_DD,BP_DD,YES,YES
PDR893,*k̂eb-,to speak; to lecture,LM_SY,LM_ST,LM_ST,LM_ST,,
PDR894,*k̂eḍ-,to perish,PT_DE,BP_DD,TI_FI,TI_CE,,
PDR895,*k̂edal-,white ant,AN_IN,AN_AN,AN_IN,AN_IN,YES,YES
PDR896,*k̂erp-,"sandal, shoe",CA_SO,CA_CC,CA_SO,CA_SO,YES,YES
PDR897,*k̂ēḏ-,to winnow,PA_SW,FD_GR,WH_SU,FD_KD,,
PDR898,*k̂ēṯ-,winnowing fan,PA_TO,FD_MF,EM_PR,MO_BL,,
PDR899,*k̂ī-,pus; to rot,SP_DS,BP_SH,BP_ED,BP_SS,,
PDR900,*k̂īnt-,date-palm,AV_TR,FD_FR,TI_MT,TI_NM,,
PDR901,*k̂oṭ-,1 shed 2 hamlet,DF_HU,AV_BA,DF_YR,DF_DW,,
PDR902,*k̂ōẓl-,to enter,MO_EN,SR_PU,MO_EN,MO_EN,YES,YES
PDR903,*k̂uḍ-,to cook,FD_CO,PW_BU,FD_CO,FD_CO,YES,YES
PDR904,*k̂um-,headpad; to carry (on head),PA_CA,BP_HN,BP_HE,BP_HE,,
PDR905,*k̂ur-,to shrink,SR_CE,MO_FA,PA_SR,PA_SR,,
PDR906,*k̂ūr-[Vḷ-],"to revolve, twist",MO_RO,SR_FS,MO_BL,MO_TA,,
PDR907,*lāṭ- (?),long,SR_LG,SR_TL,TI_LS,SR_LG,,YES
PDR908,*leiŋ- (??),tail,BP_TA,AN_AN,BP_TA,BP_TA,YES,YES
PDR909,*mac-,spot,SP_SG,BP_SH,SR_PL,SP_YL,,
PDR910,*maḍ-,to fold,PA_FO,SR_OP,PA_FO,PA_FO,YES,YES
PDR911,*maḍ-,"1 tired, lazy 2 to lie down",BP_SL,BP_WE,BP_SL,BP_SL,YES,YES
PDR912,*màḍ-,"stupid, ignorant; woman",MT_FS,EM_BD,MT_FS,MT_FS,YES,YES
PDR913,*màḍ-,cleanness; clean cloth,SP_CN,RB_HS,CA_CL,PA_WA,,
PDR914,*maḍ-,"to die, perish",BP_DD,PT_DE,BP_DD,BP_DD,YES,YES
PDR915,*màḍ-,heel,BP_FT,BP_BO,CA_SO,CA_SO,,
PDR916,*mads-,"intoxication, lust",EM_PA,EM_RF,EM_PA,EM_DE,YES,
PDR917,*màḍuv-,"pond, tank",PW_LA,PW_WA,PW_LA,PW_LA,YES,YES
PDR918,*maḏ-,"next, following; then",QN_MI,TI_AN,SO_CR,MO_FO,,
PDR919,*maḏ-,1 to turn 2 to fall,MO_TU,MO_FA,MO_FA,MO_TA,,
PDR920,*màḏ-,son,MK_SO,AN_MA,MK_SO,MK_SO,YES,YES
PDR921,*maḏ[a]-,"to lose, be lost",PT_LO,MT_FR,PT_LO,MT_FR,YES,
PDR922,*maḏVk-,mango; mahua,FD_FR,AV_TR,FD_PC,FD_FR,,YES
PDR923,*mag-Vḍ-,to turn,MO_TU,MO_RO,MO_TU,MO_TA,YES,
PDR924,*maɣ1-,child,MK_CH,MK_IN,AN_KI,MK_CH,,YES
PDR925,*mai-,1 body 2 breast,BP_BO,BP_BW,BP_BW,BP_BW,,
PDR926,*mainil- (?),peacock,AN_BI,AN_AN,AN_BI,AN_BI,YES,YES
PDR927,*maj-,"1 mistake 2 bewilderment, intoxication 3 malt, beverage",FD_DR,MT_IM,FD_TH,EM_WA,,
PDR928,*majir,hair,BP_HA,AN_FE,BP_HA,BP_HA,YES,YES
PDR929,*majnd-,1 dew 2 cloud,PW_MI,PW_CL,PW_CL,PW_MI,,YES
PDR930,*majṭ- (?),toe-ring,CA_AD,CA_FR,BP_TE,CA_FR,,
PDR931,*majṭ- (?),"step, stair; to trample, tread",BP_FT,PA_WV,MO_WA,MO_WA,,
PDR932,*mak- (?),neck,BP_NK,BP_BO,BP_NK,BP_NK,YES,YES
PDR933,*mal-,to sleep,BP_SL,SR_LI,BP_SL,BP_SL,YES,YES
PDR934,*màl-,mountain,PW_MH,PW_WF,PW_MH,PW_MH,YES,YES
PDR935,*mal-,"to abund; fertile, rich",SR_GW,SR_XL,PT_RC,MO_BG,,
PDR936,*mal-,1 to roam 2 to turn,MO_TU,MO_GO,MO_TA,MO_TA,,
PDR937,*mal-,to open (as a flower),SR_OP,AV_FL,AV_FL,AV_FL,,
PDR938,*mal-,barren,AN_EW,BP_WO,PW_PF,SP_DR,,
PDR939,*mal-,"to shake, stir, agitate",MO_SH,PA_WV,MO_SH,MO_SH,YES,YES
PDR940,*mal-,to wrestle,WH_FI,PA_WV,MO_SW,PA_SH,,
PDR941,*màl-,"next, second",QN_MI,TI_AG,TI_MS,QN_TO,,
PDR942,*mal- (?),[negative morpheme],MT_IR,LM_ST,EM_HT,EM_HT,,
PDR943,*malaŋ-,eel,AN_FI,AN_AN,AN_FM,AN_FM,,
PDR944,*man-,to be,BP_LL,SR_ST,TI_FI,MT_SE,,
PDR945,*maṇ,"earth, clay",PW_EL,PW_GS,PA_CL,PA_CL,,
PDR946,*maṇ-,"to unite, marry",MK_MR,MK_MW,MK_MR,MK_MR,YES,YES
PDR947,*màn-,"petition, prayer",LM_AR,RB_PY,RB_PY,RB_PY,,
PDR948,*man- (?),good,EM_GD,SP_BR,EM_GD,EM_GD,YES,YES
PDR949,*maṇ- (?),wrist,BP_HN,BP_FT,CA_BR,BP_EL,,
PDR950,*mand-,multitude; herd,QN_MC,AN_LI,QN_MC,QN_MC,YES,YES
PDR951,*manḍ-,to burn,PW_BU,EM_AG,PW_BU,PW_BU,YES,YES
PDR952,*manḍ-,knee,BP_KN,SR_SI,BP_KN,BP_KN,YES,YES
PDR953,*manḍ- (?),"1 bowl, jar 2 skull, head",BP_SK,FD_BW,BP_SK,FD_BW,YES,
PDR954,*manḍ- (caus.*maṭ-),"close, crowded",SR_XL,MO_CC,QN_MC,SR_NE,,
PDR955,*maṇ-s-,man,MK_MA,MK_MS,MK_MA,MK_MS,YES,
PDR956,*manǯ-,rice,AV_RI,FD_FD,AV_RI,AV_RI,YES,YES
PDR957,*manǯ- (?),"yellow, turmeric",SP_YL,FD_VE,SP_YL,SP_YL,YES,YES
PDR958,*mar-,"1 to combine, join 2 to get accustomed to 3 to learn",SR_JU,MT_LE,MT_LE,SR_CG,,
PDR959,*mar-,grandchild; cousin; some k. of descendance,MK_GS,MK_NE,MK_DE,MK_GS,,YES
PDR960,*màran-,tree,AV_TR,PW_WD,PW_TR,AV_TR,,YES
PDR961,*marb-,"cloud; darkness, dimness",PW_CL,PW_MI,PW_DA,PW_CL,,YES
PDR962,*mard[-Vg-],sāj tree,AV_TR,PW_WD,AV_TR,AV_TR,YES,YES
PDR963,*mar-[g-],horn,BP_HO,AV_BN,BP_HO,BP_HO,YES,YES
PDR964,*marṇ-,to heal,BP_WH,FD_CO,BP_WH,EM_FG,YES,
PDR965,*marnd-,medicine,BP_WH,FD_FD,EM_CA,BP_SS,,
PDR966,*maruḷ-,"bewildered, insane; confusion",MT_IM,EM_FF,MT_IM,EM_WA,YES,
PDR967,*maruŋ-,1 side 2 rib,BP_RI,SR_SD,BP_RI,BP_RI,YES,YES
PDR968,*maṟ- (*-ḏ-),1 to burn 2 to boil,PW_BU,MO_BO,FD_BO,FD_BO,,
PDR969,*maṟan-,a k. of relative,MK_RE,MK_CO,MK_RE,MK_CO,YES,
PDR970,*mas-,black pigment,SP_BK,FD_FD,SP_BK,SP_DC,YES,
PDR971,*maṭ-,eyelid,BP_EY,BP_EB,BP_EY,BP_EB,YES,
PDR972,*maṭ-,1 stalk 2 branch,AV_BN,AV_LE,AV_BN,AV_FO,YES,
PDR973,*maṭ-,"short, small; to diminish",SR_SM,SR_SS,QN_LF,QN_LF,,
PDR974,*maṭ-,"level, measure",SR_MS,SR_FL,SR_MS,SR_MS,YES,YES
PDR975,*maẓ-,"1 obscure, dirty 2 to fade",SP_RG,SP_LL,MT_OB,SP_DS,,
PDR976,*maẓ- (?),rain,PW_RA,PW_WE,PW_RA,PW_RA,YES,YES
PDR977,*maẓs-,axe,WH_BA,PA_AX,WH_SW,WH_BA,,YES
PDR978,*mā-,"deer, elk",AN_DE,AN_AN,AN_DE,AN_DE,YES,YES
PDR979,*mā-,black; dark,PW_DA,SP_DC,SP_BK,SP_BK,,
PDR980,*mā-,mango,FD_FR,AV_TR,FD_FR,FD_FR,YES,YES
PDR981,*mā-,"afterbirth, placenta",BP_WO,BP_BO,BP_WO,BP_WO,YES,YES
PDR982,*māc-,man,MK_MA,MK_HB,MK_MA,MK_MA,YES,YES
PDR983,*māc-,"1 dirt, dirty 2 spot, stain",SP_DS,PW_DU,CA_BH,SP_DS,,YES
PDR984,*māḍ-,storied house; platform,DF_HS,DF_RF,DF_HO,DF_HS,,YES
PDR985,*māḍ-,"to make, to do; manner, mode",PA_MA,PA_BU,PA_MA,PA_MA,YES,YES
PDR986,*māḏ-,1 to exchange 2 to return,PT_TD,SR_CE,PT_GB,PT_GB,,
PDR987,*māj-,1 to disappear 2 to hide,SR_HC,MO_GA,SR_HC,SR_HC,YES,YES
PDR988,*mā(j)-,great,SR_XL,QN_MM,EM_GD,SR_XL,,YES
PDR989,*māl-,"1 confused, perturbed; intoxicated 2 liquor",MT_IM,EM_AN,FD_PO,EM_WA,,
PDR990,*māḷ-,to die; to destroy,BP_DD,TI_CE,BP_DD,BP_DD,YES,YES
PDR991,*māl-,"to bend, incline",PA_BN,MO_TU,PA_BN,PA_BN,YES,YES
PDR992,*māl-ai,"garland, wreath",CA_NC,CA_AD,TI_AU,CA_NC,,YES
PDR993,*mām-,mother's brother,MK_UN,MK_AU,MK_SW,MK_SL,,
PDR994,*māṇ-,penis,BP_PE,BP_BO,BP_PE,BP_PE,YES,YES
PDR995,*mānḍ-,to burn,PW_BU,PW_LK,PW_BU,PW_BU,YES,YES
PDR996,*mān(d)-,to cease; to be ruined,TI_CE,BP_DD,TI_CE,TI_CE,YES,YES
PDR997,*mā(ŋ)-,to ripen,SR_GW,TI_NW,FD_FR,FD_FR,,
PDR998,*mār- (?),breast,BP_BW,BP_FC,BP_BW,BP_BW,YES,YES
PDR999,*māṭ-,"to fix, prepare",PA_MA,SR_PU,TI_FI,PA_FG,,
PDR1000,*med-,brain,BP_BR,BP_BN,BP_BR,BP_BR,YES,YES
PDR1001,*med-,"to step on, trample",PA_SH,PA_DP,MO_JL,PA_SH,,YES
PDR1002,*meḍ-,neck,BP_NK,BP_TR,BP_NK,BP_NK,YES,YES
PDR1003,*medd-,"to put, plant",SR_PU,MO_TH,AV_SS,AV_PL,,
PDR1004,*mej-,"to praise, admire, be pleased with",EM_PR,EM_PL,EM_PR,EM_PR,YES,YES
PDR1005,*mel-,1 slow 2 soft,TI_SL,SP_SF,SP_SF,TI_SL,,YES
PDR1006,*mel-,to lighten,PW_LI,SR_GW,EM_PL,SP_BR,,
PDR1007,*meḷ-,"to revolve, turn; squint",MO_RO,MO_TU,MO_TA,MO_TA,,
PDR1008,*mel-[k-],to chew; cud,FD_EA,BP_BI,BP_BI,FD_SU,,
PDR1009,*ment-,fenugreek,AV_PN,FD_VE,WH_SW,AV_PN,,YES
PDR1010,*meṟ-,"to be light, lighten",SP_SH,PW_LG,PW_LG,SP_SH,,YES
PDR1011,*meṟ-,to cause pain; to revel,EM_PS,BP_SM,EM_PS,EM_PS,YES,YES
PDR1012,*met-,"to plaster, smear",PA_SO,PA_PR,CA_NE,PA_SW,,
PDR1013,*met-,soft,SP_SF,TI_SL,SP_SF,SP_SF,YES,YES
PDR1014,*met-ai,"bed; mattress, bedding",DF_BD,DF_FR,DF_BD,DF_BD,YES,YES
PDR1015,*meṭ-,hillock,PW_MH,PW_PF,PW_MH,PW_MH,YES,YES
PDR1016,*meẓV-,to smear,PA_SO,PA_RU,BP_SP,PA_WA,,
PDR1017,*mēḍ-,a k. of house,DF_HS,DF_RO,DF_HS,DF_HS,YES,YES
PDR1018,*mēḍ-i,fig tree,AV_TR,FD_FR,FD_FI,FD_FI,,
PDR1019,*mēj-,to graze,AN_PV,FD_EA,AN_PV,AN_HU,YES,
PDR1020,*mē-K-,goat; to bleat,AN_GO,AN_LI,AN_GO,AN_GO,YES,YES
PDR1021,*mē-[l-],"1 up; height 2 fine, good",SR_HI,SR_TO,SR_TL,MO_RL,,
PDR1022,*mēn-,body,BP_BO,SR_FS,BP_BO,BP_BO,YES,YES
PDR1023,*mēnǯ- (?),"egg, testicle",BP_EG,BP_TS,BP_TS,BP_EG,,YES
PDR1024,*mēṭ-,"haughty, lofty",EM_PD,SO_KK,AN_GS,SO_NO,,
PDR1025,*mēẓ-i,handle of plough,AV_PL,PA_TO,AV_PL,AV_PL,YES,YES
PDR1026,*miḍ-,to blink,BP_EY,SP_SE,BP_EY,BP_EY,YES,YES
PDR1027,*miḍ-,"to grieve, lament",EM_GS,EM_PS,EM_GS,EM_CW,YES,
PDR1028,*mìḍ-i,"young, tender (of fruit)",TI_YG,AV_CH,FD_FR,FD_FR,,
PDR1029,*mik-,"abundant, excessive; great; left over",QN_MM,SR_GW,QN_MC,QN_EN,,
PDR1030,*miḷi-,"to fall over, turn over",MO_FA,MO_TU,MO_TA,MO_TA,,
PDR1031,*miṇ-,to murmur,LM_ST,LM_VO,LM_ST,LM_BS,YES,
PDR1032,*minc-,"to exceed, surpass",SR_XL,MO_OV,TI_LS,MO_OV,,
PDR1033,*minḍ-,"1 great, exceeding 2 resolute, inobedient",BP_SM,EM_BR,EM_PR,EM_BR,,
PDR1034,*minḍ-,paramour,MK_RE,EM_LO,EM_PS,MK_SM,,
PDR1035,*miṉ-,to lighten; spark; star,PW_LG,PW_LI,PW_LI,SP_SH,,
PDR1036,*mis-,"to move, stir",MO_MO,MO_SH,MO_PS,MO_SH,,
PDR1037,*miṭ-,arrowhead,WH_AW,WH_WA,WH_AW,WH_AW,YES,YES
PDR1038,*miẓ-iŋ-,to swallow,FD_EA,BP_TR,BP_SP,FD_SU,,
PDR1039,*mī-,to wash,PA_WA,FD_EA,PA_WA,PA_WA,YES,YES
PDR1040,*mī-,"up, above",SR_HI,PW_MH,MO_RL,MO_RI,,
PDR1041,*mīc-,moustache,BP_HA,BP_BE,BP_BE,BP_BE,,
PDR1042,*mīḏ-,to exceed,SR_XL,MO_OV,QN_EN,MO_OV,,
PDR1043,*mīn-,fish,AN_FI,FD_ME,AN_FI,AN_FI,YES,YES
PDR1044,*mīnṭ-,1 to jump 2 grasshopper,MO_JL,AN_IN,MO_JL,MO_JL,YES,YES
PDR1045,*mīṭ-,"to flick, pluck",PA_SH,PA_CU,MO_BL,PA_FS,,
PDR1046,*mod-,"stupid, fool; blunt",MT_FS,BP_SM,MT_FS,MT_FS,YES,YES
PDR1047,*mod-,first,QN_FI,TI_BB,TI_BB,QN_FI,,YES
PDR1048,*mod-,milch cow,AN_CO,FD_MS,AN_CO,AN_CO,YES,YES
PDR1049,*modal-,trunk of tree,AV_RO,AV_TR,PW_TR,PW_TR,,
PDR1050,*modj-,crocodile,AN_AN,AN_SK,AN_SK,AN_LN,,
PDR1051,*mojmp-,shoulder,BP_SD,BP_BA,BP_SD,BP_SD,YES,YES
PDR1052,*mok- ~ *mogám,face,BP_FA,SR_PO,BP_FA,BP_FA,YES,YES
PDR1053,*mòl-,1 breast 2 waist,BP_BW,BP_UA,BP_BW,BP_BW,YES,YES
PDR1054,*mol-,jasmine,AV_PN,AV_FL,MK_SM,LM_NA,,
PDR1055,*moḷ-,to draw water,MO_SI,FD_DR,PW_WA,PA_DP,,
PDR1056,*monṭ-,"blunt; stump, log",SP_LL,PA_BK,PW_WD,SP_LL,,YES
PDR1057,*mor-anḏ-,rope,PA_RC,MO_YO,PA_RC,PA_RC,YES,YES
PDR1058,*morgil,cloud,PW_CL,PW_MI,PW_CL,PW_CL,YES,YES
PDR1059,*mosar-,"buttermilk, curds",FD_CH,FD_MS,FD_BT,FD_BT,,
PDR1060,*moṬ-,flower-bud,AV_FL,BP_BW,AV_FL,AV_FL,YES,YES
PDR1061,*mot-,"sum, total; whole",QN_WH,QN_QN,QN_WH,QN_CW,YES,
PDR1062,*moṭ- (?),egg,BP_EG,AN_FE,BP_EG,BP_EG,YES,YES
PDR1063,*moẓ-g-,to bow,PA_SH,SR_SI,WH_BW,RB_AL,,
PDR1064,*mō- (?),widow,MK_WD,MK_MW,MK_WD,MK_WD,YES,YES
PDR1065,*mōḍ-i,"manner, style",MT_ME,EM_PA,SO_CR,CA_CD,,
PDR1066,*mōg- (*-ɣ-) ?,to eat,FD_EA,FD_FD,FD_EA,FD_EA,YES,YES
PDR1067,*mōl- (?),smoke,PW_SM,PW_FI,PW_SM,PW_SM,YES,YES
PDR1068,*mōṟ-,"load, burden",MO_CA,PT_HA,MO_CA,MO_CA,YES,YES
PDR1069,*mōṟ-,"face, snout (of animals)",BP_FA,AN_AN,BP_FA,BP_FA,YES,YES
PDR1070,*mō̆T-,"to beat, strike",PA_SH,MO_TH,PA_SH,PA_SH,YES,YES
PDR1071,*mōṭ,fool,MT_FS,EM_AG,MT_FS,MT_FS,YES,YES
PDR1072,*muc-,"torn, spoilt; weak, tired",PT_SP,BP_SS,EM_TR,EM_TR,,
PDR1073,*mud-,"lump, mass",QN_PR,SR_FS,PW_DU,FD_KD,,
PDR1074,*mud-,kiss,EM_KS,SO_ME,EM_KS,EM_KS,YES,YES
PDR1075,*muḍ-,"buttock, anus",BP_BA,BP_BS,AN_AD,AN_AD,,
PDR1076,*muḍ-,1 lame 2 contracted,BP_SM,SR_SG,QN_TP,BP_WE,,
PDR1077,*muḍ-i-,to end,TI_EN,TI_FI,TI_FI,TI_CE,,
PDR1078,*muḍuc- (?),back,BP_BA,AV_TR,BP_BA,BP_BA,YES,YES
PDR1079,*muḏ-,to bark,LM_SC,SP_LD,AN_HU,EM_GR,,
PDR1080,*muḏ- (*-ṟ-),"exulted, proud",EM_PD,EM_AG,EM_PD,EM_PD,YES,YES
PDR1081,*mUg-,to close (of a flower),SR_SH,AV_FL,AV_FL,AV_FL,,
PDR1082,*mug-,"to end, terminate",TI_EN,TI_FI,TI_FI,TI_CE,,
PDR1083,*mUg-,top,SR_TO,BP_HE,MT_MI,SR_TO,,YES
PDR1084,*muj-S-,to cover,SR_CO,SR_SH,CA_VE,CA_CK,,
PDR1085,*mujS-,monkey,AN_MK,AN_AN,AN_MK,AN_MK,YES,YES
PDR1086,*mujt-,"1 mouth, beak 2 to smell",BP_MO,SP_VO,BP_MO,BP_NO,YES,
PDR1087,*muk-,1 to strain 2 to grunt,PA_WV,BP_BB,PA_BN,EM_GR,,
PDR1088,*muk-,to gobble,FD_EA,LM_SC,AN_HU,FD_SU,,
PDR1089,*muḷ-,radish,FD_VE,AV_PN,PW_DA,FD_VE,,YES
PDR1090,*muḷ-,thorn,AV_PN,BP_NA,WH_SP,WH_SW,,
PDR1091,*mÙḷ-ai,"nail, stake",PA_NA,AV_PN,PA_NA,PA_NA,YES,YES
PDR1092,*mulŋ-,horse-radish tree,AV_PN,FD_VE,PW_TR,AV_TR,,
PDR1093,*mun-,front,SR_SD,TI_EA,BP_FC,BP_FC,,
PDR1094,*mun-,anger; displeased; to dislike,EM_AG,EM_HT,EM_HT,EM_AG,,YES
PDR1095,*munḍ-,"post, pillar",PA_NA,DF_HS,PW_SR,RB_AL,,
PDR1096,*munḍ-,tank,PW_LA,FD_PO,AN_FI,WH_FT,,
PDR1097,*mundjal (?),hare,AN_AN,AN_MA,AN_GS,AN_RA,,
PDR1098,*munt-,pot; basin,FD_PO,DF_FR,FD_PO,FD_PO,YES,YES
PDR1099,*munṯ- (?),mucus of nose,BP_NO,BP_BO,BP_NO,BP_NO,YES,YES
PDR1100,*muŋ-,mongoose,AN_AN,AN_MA,AN_EW,AN_MK,,
PDR1101,*mur-,to sound,LM_VO,PW_TH,LM_ST,SP_HE,,
PDR1102,*mur-,1 rough 2 gravel,SP_RG,PW_SR,PW_SA,PW_SA,,
PDR1103,*mur-,young and tender,TI_YG,EM_BF,TI_YG,TI_YG,YES,YES
PDR1104,*mur-,"to burn, singe, scorch; fuel",PW_BU,PW_FI,PW_BU,PW_BU,YES,YES
PDR1105,*mur-,"to dry up, to wither",SP_DR,MO_FA,PA_WA,TI_CE,,
PDR1106,*mur- (*-ṟ-),parched rice,FD_FD,FD_CO,AV_RI,AV_RI,,
PDR1107,*mur-(u)g-,bracelet; ring,CA_AD,CA_BR,CA_FR,CA_BR,,
PDR1108,*murut- (?),a k. of tree (palas tree),AV_TR,PW_TR,AV_TR,AV_TR,YES,YES
PDR1109,*mur-Vg-,to bend; crooked,MO_TU,PA_BN,PA_BN,PA_BN,,
PDR1110,*muṟ-,"to twist, sprain",PA_BN,MO_TU,BP_TE,PA_SO,,
PDR1111,*muṟ- (?),relationship; kinsman,MK_RE,SO_CU,SO_SG,SO_CM,,
PDR1112,*mUṟaḷ-,hermit's tree,AV_TR,PW_TR,PW_TR,AV_TR,,YES
PDR1113,*muṟ-i- (*-ḏ-),"to break, crush",PA_BK,PA_CU,PA_BK,PA_BK,YES,YES
PDR1114,*mus-,to smile,EM_LS,EM_JY,EM_LS,EM_LS,YES,YES
PDR1115,*muS(j)[-iṟ-],red ant,AN_IN,AN_AN,SP_RD,AN_IN,,YES
PDR1116,*musur-,constant rain,PW_RA,PW_WE,PW_RA,PW_RA,YES,YES
PDR1117,*muṬ-,knot (of hair); to tie hair in knots,PA_KN,CA_AD,PA_KN,PA_KN,YES,YES
PDR1118,*muṯ-,to surround,SR_CG,MO_CC,SR_HC,SR_CO,,
PDR1119,*muṭ-,"1 fist, hammer 2 to hammer",PA_HA,PA_SH,PA_HA,PA_SH,YES,
PDR1120,*muṭ-,to touch,SP_TV,SP_FO,SP_TV,SP_TV,YES,YES
PDR1121,*muṭ-,"knee, elbow",BP_KN,BP_EL,BP_EL,BP_KN,,YES
PDR1122,*muṭ-,tool,PA_TO,PA_WS,PA_KF,PA_KF,,
PDR1123,*muẓ-,"full, complete; all",QN_FU,QN_WH,QN_FU,QN_FU,YES,YES
PDR1124,*muẓ-,vexation; quarrel,EM_AG,EM_EJ,SO_SQ,EM_RF,,
PDR1125,*muẓ-,"cubit; elbow, knee",SR_MS,BP_KN,BP_EL,BP_KN,,
PDR1126,*muẓ-,"to speak, make noise",LM_ST,LM_VO,LM_BS,LM_BS,,
PDR1127,*muẓṇ-,"to be immersed, sink",MO_SI,MO_FL,MO_SI,MO_SI,YES,YES
PDR1128,*mū-,three,QN_TH,QN_NN,QN_TH,QN_TH,YES,YES
PDR1129,*mūḍ-,"origin; to bear, begin",MT_CA,SR_GW,AN_BR,MK_AN,,
PDR1130,*mūḍ-,to cover,SR_CO,PA_WA,CA_VE,SR_CO,,YES
PDR1131,*mūḍ- (*-ō-),fog,PW_MI,PW_CL,PW_MI,PW_MI,YES,YES
PDR1132,*mūK-,frog,AN_AN,AN_BI,AN_SK,AN_PI,,
PDR1133,*mūl-,"corner, angle",SR_CN,SR_PO,SR_CN,SR_CN,YES,YES
PDR1134,*mūl-,hair-knot,BP_HA,CA_CD,BP_HA,PA_KN,YES,
PDR1135,*mūl-,piles,BP_BS,BP_LL,PW_MU,BP_ED,,
PDR1136,*mūḷ-,marrow,BP_BR,BP_BN,BP_BL,BP_BL,,
PDR1137,*mūḷ-,"to groan, murmur",EM_GR,BP_BB,EM_GR,EM_GR,YES,YES
PDR1138,*mūḷ-,defect of limb,BP_BO,BP_SM,BP_FT,BP_LE,,
PDR1139,*mūḷ-,bone,BP_BN,BP_BO,BP_BN,BP_BN,YES,YES
PDR1140,*mūḷ- (caus. *mū̆ṭ-),to catch fire; to kindle,PW_LK,PW_BU,PW_LK,PW_BU,YES,
PDR1141,*mūnd(j)-,snout,BP_FA,BP_MO,AN_SK,BP_NO,,
PDR1142,*mū-nǯ-,"to smell, sniff; nose",SP_VO,BP_BB,SP_VS,SP_VS,,
PDR1143,*mūŋ-,nose,BP_NO,BP_FA,BP_NO,BP_NO,YES,YES
PDR1144,*mūŋ-,dumb,MT_FS,BP_TG,MT_FS,MT_FS,YES,YES
PDR1145,*mūŋɣ-,cowbell,CA_AD,DF_LP,AN_CO,AN_CO,,
PDR1146,*mūr-,"to break, tear",PA_BK,PA_CU,PA_TE,PA_TE,,
PDR1147,*mūr-,buffalo; cow,AN_CB,AN_BU,AN_CO,AN_CO,,
PDR1148,*mūr-,old; mature,TI_OL,TI_AG,TI_AG,TI_OL,,YES
PDR1149,*mūṟ-,dirt; bad smell,SP_DS,SP_BD,SP_BD,SP_DS,,YES
PDR1150,*mūt-,old,TI_OL,BP_SM,TI_OL,TI_OL,YES,YES
PDR1151,*mūṭ-,bundle,PT_TA,MO_CA,CA_PO,PA_RC,,
PDR1152,*mūẓ-,"ripe, mature",TI_AG,SR_GW,TI_YG,FD_FR,,
PDR1153,*mVk-,stump; blunt,PW_WD,PW_TR,FD_KN,BP_LE,,
PDR1154,*na[C]ṇ-,fire,PW_FI,PW_LK,PW_FI,PW_FI,YES,YES
PDR1155,*nač-,to tease,EM_AG,SO_HP,BP_LC,EM_PL,,
PDR1156,*nač-,"to desire, trust",EM_DE,EM_WW,EM_DE,EM_DE,YES,YES
PDR1157,*naḍ-,"to shake, tremble",MO_SH,BP_BB,MO_SH,MO_SH,YES,YES
PDR1158,*ńaḍ-,to walk,MO_WA,MO_GO,MO_WA,MO_WA,YES,YES
PDR1159,*nàḍ[u]-,"middle, waist",SR_MI,BP_BS,BP_NV,BP_NV,,
PDR1160,*nag-,to laugh,EM_LS,EM_JY,EM_LS,EM_LS,YES,YES
PDR1161,*naj-,"to love, like; friend, good",EM_LO,EM_DE,EM_LO,EM_LO,YES,YES
PDR1162,*nal-,to squeeze,PA_PR,PA_RU,FD_SU,PA_SR,,
PDR1163,*nal-,good,EM_GD,SP_BR,EM_GD,EM_GD,YES,YES
PDR1164,*nal-,black,SP_BK,SP_CO,SP_BK,SP_BK,YES,YES
PDR1165,*nal-,to dance,MO_DA,EM_PV,MO_DA,MO_DA,YES,YES
PDR1166,*naḶ-,bug,AN_IN,TI_NG,AN_IN,AN_IN,YES,YES
PDR1167,*nam-,to believe,MT_BE,EM_WW,MT_BE,MT_BE,YES,YES
PDR1168,*nam- (*-e-),"moist, damp",SP_WD,SR_SG,SP_WD,SP_WD,YES,YES
PDR1169,*ńamil-,peacock,AN_BI,AV_PN,AN_BI,AN_BI,YES,YES
PDR1170,*nan-,"flower, flower-bud; to blossom",AV_FL,AV_PN,AV_FL,AV_FL,YES,YES
PDR1171,*naṇ-,to do,PA_MA,PA_WV,TI_FI,PA_MA,,YES
PDR1172,*naṇ-,to approach; to join; friend,MO_AP,MT_RM,SO_ME,MO_AP,,YES
PDR1173,*nanǯ-,poison,SP_BD,EM_PS,BP_KI,BP_KI,,
PDR1174,*nanǯ-,1 a mouthful 2 meat,FD_ME,FD_EA,FD_ME,FD_SU,YES,
PDR1175,*ńar-,to sound; to grumble,SP_SO,LM_VO,LM_BO,SP_HE,,
PDR1176,*ńar-,grey (hair),BP_HA,TI_OL,BP_HA,CA_DY,YES,
PDR1177,*nar-,"stunted, deficient",SR_SM,BP_WE,BP_WE,BP_WE,,
PDR1178,*naramb-,"nerve, vein",BP_BO,BP_BL,BP_EB,BP_NV,,
PDR1179,"*nar-, *nar-k-","fox, jackal",AN_FX,AN_AN,AN_FX,AN_FX,YES,YES
PDR1180,*ńar-/*ar-,to fear,EM_FF,EM_AN,EM_FF,EM_FF,YES,YES
PDR1181,*naṟ- (?),night,TI_NG,,TI_NG,TI_NG,YES,YES
PDR1182,*naṟ-Vk-,"to cut, scratch",PA_CU,PA_SH,PA_CU,PA_CU,YES,YES
PDR1183,*nas-,"to fade, waste away",MO_FA,BP_WE,TI_LS,TI_CE,,
PDR1184,*nat-,snail,AN_IN,AN_AN,AN_PI,AN_WR,,
PDR1185,*nav-,female,MK_WO,AN_FE,MK_FS,AN_FE,,
PDR1186,*nav- (*-m-),to trouble; to decline,EM_EF,PT_HI,LM_RF,SO_SQ,,
PDR1187,*navir,hair,BP_HA,BP_BO,BP_HA,BP_HA,YES,YES
PDR1188,*ńavuḍ- (*l-?),lip,BP_LI,BP_CN,BP_LI,BP_LI,YES,YES
PDR1189,*naǯǯ-,to crush; to subdue,PA_CU,PA_BK,TI_HH,FD_GR,,
PDR1190,*nāḍ-,village,SO_CT,PW_PF,SO_CI,SO_CI,,
PDR1191,*ńāḏ-,to smell,SP_VO,SP_BD,SP_VO,SP_VS,YES,
PDR1192,*nāg-,young; female,TI_YG,MK_GI,TI_YG,TI_YG,YES,YES
PDR1193,*nāg- (?),earring,CA_AD,CA_JW,BP_EA,CA_NC,,
PDR1194,*nājk- (?),to lick,BP_LC,FD_SU,BP_LC,BP_LC,YES,YES
PDR1195,*ńāj(t)-,dog,AN_DO,AN_LI,AN_DO,AN_DO,YES,YES
PDR1196,*nāl-,four,QN_NN,QN_QN,QN_TH,QN_TH,,
PDR1197,*nāḷ-,day; tomorrow,TI_DA,TI_TI,TI_TM,TI_DA,,YES
PDR1198,*ńāḷ-,night,TI_NG,PW_DA,TI_NG,TI_NG,YES,YES
PDR1199,*nāḻ-,tongue,BP_TG,BP_BO,BP_TG,BP_TG,YES,YES
PDR1200,*nāḻ- (*-n-),wet; cold,SP_WD,PW_WA,TI_WI,SP_WD,,YES
PDR1201,*nām,we (incl.),MK_HB,LM_SY,MK_FM,MK_HB,,YES
PDR1202,*nāmb-,to be thin,SR_SM,BP_WE,BP_SH,SR_NS,,
PDR1203,*nāṇ-,shame,EM_SH,EM_EF,EM_SH,EM_SH,YES,YES
PDR1204,*ńāṇ-,"rope, necklace",PA_RC,CA_CL,CA_NC,CA_NC,,
PDR1205,*nāṇ-,a k. of grass (kaus),AV_GR,AV_PN,AV_GR,AV_GR,YES,YES
PDR1206,*nānḏ-,female relative,MK_SW,MK_RE,MK_GM,MK_SW,,YES
PDR1207,*[n]ā[n]ḏ,we (incl.),MK_HB,LM_SY,MK_FM,MK_HB,,YES
PDR1208,*nāŋūẓ-,earthworm,AN_WR,AN_IN,AN_WR,AN_WR,YES,YES
PDR1209,*nār-,rope,PA_RC,CA_CL,PA_RC,PA_RC,YES,YES
PDR1210,*nāṬ-,"to fix, settle",PA_MA,SR_PU,LJ_FI,PT_RE,,
PDR1211,*nāt-,husband's sister,MK_SW,MK_BL,MK_SW,MK_SW,YES,YES
PDR1212,*ńegg-,"loose, weak, relaxed",SR_SM,BP_WE,BP_WE,PA_SO,,
PDR1213,*neɣ-,good,EM_BF,EM_GD,EM_GD,EM_GD,,
PDR1214,*nej-,"oil, ghee",FD_OI,FD_BT,FD_OI,FD_OI,YES,YES
PDR1215,*nej-,to weave,CA_WE,PA_MA,CA_WE,CA_WE,YES,YES
PDR1216,*nej-tor,blood,BP_BL,BP_BO,BP_BL,BP_BL,YES,YES
PDR1217,*nejṯ-,forehead,BP_FO,BP_HE,BP_FO,BP_FO,YES,YES
PDR1218,*neK-,to fill up (as a pit),QN_FU,PA_MA,BP_SP,BP_ED,,
PDR1219,*nel-,moon,PW_MO,TI_MT,PW_MO,PW_MO,YES,YES
PDR1220,*nel-,"tamarind, myrobalan",FD_FR,AV_PN,LM_NA,FD_FR,,YES
PDR1221,*nel-,rice,AV_RI,FD_FD,AV_RI,AV_RI,YES,YES
PDR1222,*neḷ-i-,to crawl,MO_CC,SR_CR,MO_CC,MO_CC,YES,YES
PDR1223,*[ń]elV[v]-[k-] (*-i-),silk-cotton tree,AV_TR,PW_WF,CA_CO,CA_CO,,
PDR1224,*ńem-,"to squeeze, crush",PA_MA,PA_PR,EM_DA,PA_SR,,
PDR1225,*ńeṇ-,fat,BP_FL,FD_OI,BP_LI,FD_BT,,
PDR1226,*neṉ-,to think,MT_TR,MT_KN,MT_BE,MT_KN,,
PDR1227,*nenǯ-,1 pith 2 heart,BP_HR,MT_MI,BP_HR,BP_HR,YES,YES
PDR1228,*neŋ-,"to enter, insert",MO_EN,PA_PO,MO_EN,MO_EN,YES,YES
PDR1229,*ńer-,to grind,PA_BK,FD_GR,FD_GR,FD_GR,,
PDR1230,*ńerv-,1 worm 2 (NDR) snake,AN_WR,AN_SK,AN_WR,AN_WR,YES,YES
PDR1231,*neṟ-,"beauty, custom, propriety",EM_BF,SO_CU,CA_MR,CA_WD,,
PDR1232,*neṟ-i (*-ḏ-),fold (n.),PA_FO,SR_FS,PA_FO,PA_FO,YES,YES
PDR1233,*neṭ-,long,SR_LG,SR_TL,TI_LS,SR_LG,,YES
PDR1234,*[ń]evuẓ-,spittle,BP_SP,BP_BB,BP_SP,BP_SP,YES,YES
PDR1235,*ńēḏ-,"to rise, sprout",SR_GW,AV_SS,AV_CT,AV_SS,,
PDR1236,*ńēinḏ-,day,TI_DA,TI_TI,TI_DA,TI_DA,YES,YES
PDR1237,*ńēl-,earth,PW_EL,PW_GS,PW_EL,PW_GS,YES,
PDR1238,*ńēl-,to hang,MO_FA,MO_SH,TI_FI,MO_JL,,
PDR1239,*ńēm- (?),to sift; to thresh,AV_MR,FD_GR,AV_TH,SP_SE,,
PDR1240,*nēnǯ-,to breathe,BP_BB,BP_SL,BP_BB,BP_BB,YES,YES
PDR1241,*ńēŋel-,plough,AV_PL,PA_TO,AV_PL,AV_PL,YES,YES
PDR1242,*nē-r-,1 time 2 sun,PW_SU,TI_DA,PW_SU,TI_DA,YES,
PDR1243,*nēr-,"to assemble, meet; to learn; to resemble",SR_CG,SO_ME,MT_LE,SO_ME,,
PDR1244,*nēr-,thin,SR_ND,SP_LL,SR_NS,SR_NS,,
PDR1245,*nēr- (?),dry,SP_DR,PW_WE,PA_WA,SP_WD,,
PDR1246,*ńērḍ- (?),jambu tree,AV_TR,FD_FR,PW_TR,AV_TR,,YES
PDR1247,*nēṟ-,yesterday,TI_YD,TI_DA,TI_YD,TI_YD,YES,YES
PDR1248,*ńēsir- (?),sun,PW_SU,TI_DA,PW_SU,PW_SU,YES,YES
PDR1249,*nēṬ-,"to seek, obtain",PT_SE,PT_GO,PT_SE,PT_SE,YES,YES
PDR1250,*nig-,"to shine, glitter",SP_SH,PW_LG,CA_DY,SP_SH,,YES
PDR1251,*niɣḏ-,ashes,PW_AS,PW_BU,PW_AS,PW_AS,YES,YES
PDR1252,*nijur,live coal,PW_FI,PW_FL,PW_SM,PW_FI,,YES
PDR1253,*ńil-,to stand,SR_ST,MO_GO,WH_SU,SR_ST,,YES
PDR1254,*nil- (*-e-),earth,PW_EL,PW_GS,PW_EL,PW_GS,YES,
PDR1255,*ninḏ-,to be full,QN_FU,SR_GW,QN_FU,QN_FU,YES,YES
PDR1256,*nip-,shoulder,BP_SD,BP_BA,BP_SD,BP_SD,YES,YES
PDR1257,*nirḍ-,last year,TI_YR,TI_AG,TI_YR,TI_YR,YES,YES
PDR1258,*niṭ-,"straight, erect",SR_SG,SR_RI,SR_SG,SR_SG,YES,YES
PDR1259,*niv-,"straight, erect; to stretch",SR_SG,MO_RI,PA_SR,SR_SG,,YES
PDR1260,*nīg-,"to quit, separate; to remove",SR_SE,MO_GA,TI_CE,MO_GA,,
PDR1261,*nīḷ-,long,SR_LG,SR_XL,TI_LS,TI_LS,,
PDR1262,*ńīnʒ-,to swim,MO_SW,PW_WA,MO_SW,MO_SW,YES,YES
PDR1263,*ńīr-,water,PW_WA,PW_SE,PW_WA,PW_WA,YES,YES
PDR1264,*nīv-/*nivur-,"to stroke, rub",PA_RU,SP_FO,PA_RU,PA_RU,YES,YES
PDR1265,*nīẓ-,shadow,PW_SD,PW_DA,PW_SD,PW_SD,YES,YES
PDR1266,*ńjáŋaḷ,tongue; uvula,BP_TG,BP_MO,BP_TG,BP_TG,YES,YES
PDR1267,*njām,we (excl.),MT_IR,LM_ST,AN_EW,MK_RE,,
PDR1268,*njān (obl. *njan-),I,MT_IR,LM_ST,EM_PD,LM_LA,,
PDR1269,*ńjeẓed-,crab,AN_IN,AN_AN,AN_FM,AN_FM,,
PDR1270,*njīm,you (pl.),MT_IR,LM_ST,EM_TH,MK_MA,,
PDR1271,*njīn,thou,MT_IR,LM_ST,LJ_SW,RB_PH,,
PDR1272,*noḍ-,"to say, speak",LM_SY,LM_ST,LM_ST,LM_ST,,
PDR1273,*noḷ-,to bail out,PA_PO,MO_CA,LJ_PJ,MO_GA,,
PDR1274,*noḷ-,to swallow,BP_VO,FD_SU,BP_SP,FD_SU,,
PDR1275,*ńoṭ-,knuckles; to crack knuckles,BP_FI,SP_SO,PT_RR,BP_TM,,
PDR1276,*ńō-,"to ache, hurt",EM_PS,BP_LL,EM_PS,EM_PS,YES,YES
PDR1277,*nō-,"view, to notice, eye",SP_SE,SP_LO,SP_LO,SP_LO,,
PDR1278,*ńōḍ-,to wash,PA_WA,FD_CO,PA_WA,PA_WA,YES,YES
PDR1279,*ńōḷ-,saliva,BP_BO,FD_FD,BP_SP,BP_SP,,
PDR1280,*nōn-,"to endure, bear, suffer; a religious vow",EM_BR,RB_FA,RB_CU,EM_PS,,
PDR1281,*nōnḍ-,to stir,PA_SH,AV_HO,FD_MX,FD_KD,,
PDR1282,*nōr- (?),mouth,BP_MO,FD_EA,BP_MO,BP_MO,YES,YES
PDR1283,*nÙg-,yoke,MO_YO,AN_CB,MO_YO,MO_YO,YES,YES
PDR1284,*nuj-,a well,PW_SW,PW_WA,FD_CU,PW_SW,,YES
PDR1285,*nuḷ-,to pinch,PA_SH,PA_CU,BP_NA,PA_SR,,
PDR1286,*nuḷ-,"to be broken, powdered",PA_BK,PA_SP,PA_BK,PA_BK,YES,YES
PDR1287,*nuṇ-,soft; fine,SR_ND,SP_SM,SP_SF,SP_SF,,
PDR1288,*nuŋ-,kernel of unripe fruit,FD_FR,AV_PN,FD_FR,FD_FR,YES,YES
PDR1289,*nuŋ- (*-n-?),to swallow,FD_EA,BP_LL,BP_SP,FD_SU,,
PDR1290,*nu(ŋ)k-,broken rice,FD_GR,FD_MF,AV_RI,AV_RI,,
PDR1291,*nur-,"foam, froth",PW_WV,MO_BO,AN_DU,FD_MS,,
PDR1292,*nus-,a k. of biting insect,AN_IN,AN_BE,AN_IN,AN_IN,YES,YES
PDR1293,*nus-,"small, slender, smooth",SR_SM,SR_ND,CA_SK,SP_SM,,
PDR1294,*nutsur-,forehead,BP_FO,BP_HE,BP_FO,BP_FO,YES,YES
PDR1295,*nū-,sesamum,FD_FR,AV_PN,FD_MD,AV_SS,,
PDR1296,*nūḏ-,hundred,QN_NN,QN_QN,QN_FU,QN_HA,,
PDR1297,*nūḏ-,to grind,FD_GR,PA_CU,FD_GR,FD_GR,YES,YES
PDR1298,*nūk-,"to push, shove",MO_PS,PA_SH,MO_PS,MO_PS,YES,YES
PDR1299,*nūk-,"to bow, droop",SR_LI,MO_FA,WH_BW,MO_RL,,
PDR1300,*nūl-,thread,CA_TH,FD_MF,TI_NW,CA_TH,,YES
PDR1301,*nūẓ-[ug-],to hide,SR_HC,MO_EN,BP_SH,SR_HC,,YES
PDR1302,*oḍ-,beautiful,EM_BF,SP_BR,EM_BF,EM_BF,YES,YES
PDR1303,*òḍ-,waist; lap,BP_BS,BP_BO,BP_NV,CA_BG,,
PDR1304,*òḍ-,bubo,BP_SS,BP_HA,AN_RA,BP_SS,,YES
PDR1305,*òḍ-,"together; to join, agree",SR_JU,QN_EA,SO_ME,SO_ME,,
PDR1306,*oḍ- (?),soot,PW_AS,PW_SM,EM_SA,PW_SM,,
PDR1307,*oḍal,1 belly 2 body,BP_BS,BP_BO,BP_BS,BP_BS,YES,YES
PDR1308,*oḍḍ-,1 shore 2 slope,PW_SH,PW_MH,PW_SH,PW_SH,YES,YES
PDR1309,*oḍḍ-,"obstacle, shield",PT_HI,WH_SH,WH_SH,WH_SH,,
PDR1310,*oḍḍ-/*oṭ-,oath,LJ_OA,LJ_SW,LJ_OA,LJ_OA,YES,YES
PDR1311,*oḍ-/*oẓ-,"to sew, spin",CA_SE,CA_SN,CA_SN,CA_SN,,
PDR1312,*oḍ-uŋ-,"to crush, destroy",PA_BK,PT_DE,PT_DE,PA_TE,,
PDR1313,*og-,to set a trap,AN_HU,PA_BI,AN_HU,WH_CP,YES,
PDR1314,*ògir,"claw, nail",BP_NA,BP_FI,BP_NA,BP_NA,YES,YES
PDR1315,*oj-,to take away,MO_CA,PA_DP,PT_TA,PT_DE,,
PDR1316,*ok-,"to remove, carry away",MO_CA,MO_LE,PT_DE,MO_CA,,YES
PDR1317,*ok-,"one, together",QN_ON,SR_JU,QN_ON,QN_CW,YES,
PDR1318,*ok- (?),to sit,SR_SI,DF_DW,SR_SI,SR_SI,YES,YES
PDR1319,*okal-,relations,MK_RE,MK_FM,SO_CM,SO_CM,,
PDR1320,*òl-,"skin, hide; to skin",BP_SH,AN_LI,BP_SH,BP_SH,YES,YES
PDR1321,*ol-,"to flow, gush forth",MO_FL,PW_RS,MO_FL,MO_FL,YES,YES
PDR1322,*ol-,to make sounds,LM_VO,SP_SO,LM_ST,LM_BS,,
PDR1323,*oḷ-,to hide,SR_HC,PT_ST,BP_SH,SR_HC,,YES
PDR1324,*ol-,weak,BP_WE,EM_SA,BP_WE,BP_WE,YES,YES
PDR1325,*oḷ- (?),good,EM_GD,EM_BF,EM_GD,EM_GD,YES,YES
PDR1326,*ol-/*val-,"to love, desire; smth. possible",EM_LO,EM_PL,EM_DE,EM_DE,,
PDR1327,*oṇ- (?),dry,SP_DR,PW_BU,PA_WA,SP_DR,,YES
PDR1328,*onḍ-,shelter,DF_HS,SR_HC,DF_TE,DF_TE,,
PDR1329,*onḏ-,one,QN_ON,QN_NN,QN_ON,QN_ON,YES,YES
PDR1330,*onṭ-,earring,CA_AD,BP_EA,BP_EA,CA_FR,,
PDR1331,*op-,to please; to be good,EM_PL,EM_JY,EM_PL,EM_PL,YES,YES
PDR1332,*op-,to wet,SP_WD,PA_WA,AN_WE,SP_WD,,YES
PDR1333,*or-,one,QN_ON,QN_NN,QN_ON,QN_ON,YES,YES
PDR1334,*oṟ-,1 to bend 2 to fall asleep,PA_BN,BP_SL,BP_SL,SR_LI,,
PDR1335,*oṟ- (*-ḏ-),steady; to support,SR_XL,MT_IR,EM_PD,EM_FL,,
PDR1336,*ot- (?),heavy,SP_HV,MT_IP,SP_HV,SP_HV,YES,YES
PDR1337,*oT- (?),to burn (intr.),PW_BU,PW_FI,PW_BU,PW_BU,YES,YES
PDR1338,*oṯ-,"to press, squeeze together",PA_PR,PA_SH,PA_PR,PA_PR,YES,YES
PDR1339,*oṯ-,"to step aside, give way",MO_GA,SR_LE,MK_SS,MO_GA,,YES
PDR1340,*oṭ-,to stick; to smear; to put together,PA_SO,SR_JU,BP_SP,PA_SO,,YES
PDR1341,*oẓ-uŋk-,"lane, path",MO_PA,MO_RA,MO_PA,MO_PA,YES,YES
PDR1342,*ōḍ-,to burst; break,PA_BK,PA_TE,PA_BK,PA_BK,YES,YES
PDR1343,*ōḍ-,to run; to escape,MO_RU,MO_FL,MO_RU,MO_RU,YES,YES
PDR1344,*ōḍ-,boat,MO_BT,MO_SP,MO_BT,MO_BT,YES,YES
PDR1345,*ōḍ-,shell; tile,AN_FI,PA_GL,PA_MO,AN_CN,,
PDR1346,*ōḍ- (?),bird,AN_BI,AN_AN,AN_BI,AN_BI,YES,YES
PDR1347,*ōg- (*ō-ŋ-),to swim,MO_SW,MO_FT,MO_SW,MO_SW,YES,YES
PDR1348,*ōl-,1 fire 2 to scorch,PW_FI,PW_BU,PW_BU,PW_BU,,
PDR1349,*ōl- (??),to see,SP_SE,SP_LO,SP_SE,SP_LO,YES,
PDR1350,*ōḷ1-,to dry (tr.),SP_DR,PA_WA,PA_WA,PA_WA,,
PDR1351,*ōm-,"to protect, preserve",PT_PR,EM_CA,PT_PR,PT_PR,YES,YES
PDR1352,*ōm-,bishop's weed,FD_VE,AV_PN,RB_PR,AV_PN,,
PDR1353,*ōṇ-i,"alley, path",MO_PA,SR_SD,MO_PA,MO_PA,YES,YES
PDR1354,*ōr-,"side, border",SR_ED,SR_SD,SO_RT,SR_SD,,
PDR1355,*ōr-,"to endure, suffer",EM_PS,BP_SM,EM_PS,EM_PS,YES,YES
PDR1356,*ōr-,male jackal; to howl,AN_AN,LM_VC,AN_MA,AN_MA,,
PDR1357,*ōr- (?),"warm, hot",SP_HW,PW_WE,SP_HW,SP_HW,YES,YES
PDR1358,*ōr-ai,"oblique, slant",SR_CR,PW_MH,SR_CN,SR_CN,,
PDR1359,*paC-,"green, yellow; fresh, raw",SP_GR,SP_YL,SP_GR,SP_YL,YES,
PDR1360,*pač- (?),"skin, bark",BP_SH,AV_BN,CA_CR,BP_SH,,YES
PDR1361,*pàd-,proper condition,MT_CP,FD_CO,PT_SC,PT_HO,,
PDR1362,*paḍ-,"to get, to be able; to receive; to feel",PT_GO,BP_LL,EM_PL,PT_GO,,YES
PDR1363,*pàḍ-,"fight, battle; army",WH_BT,WH_WR,WH_BT,WH_BT,YES,YES
PDR1364,*pàḍ-,"pond, tank",PW_LA,PW_WA,PW_LA,PW_LA,YES,YES
PDR1365,*paḍ-,"hasty, sudden",TI_SW,TI_HH,TI_HH,EM_TC,,
PDR1366,*padaṟ-,to hurry; to prattle,TI_HH,MO_GO,TI_HH,TI_HH,YES,YES
PDR1367,*pàḍav-,boat,MO_BT,MO_SP,MO_BT,MO_BT,YES,YES
PDR1368,*padd-,"moist, damp; distended, inflated",SP_WD,PW_RA,SP_WD,SP_WD,YES,YES
PDR1369,*paḍḍ-,woman; child,MK_WO,MK_CH,MK_FS,MK_WO,,YES
PDR1370,*paḍḍ-,perverse; prostitute,EM_BD,EM_AG,SO_WP,SO_WP,,
PDR1371,*paḍḍ-/*baṟ-,heifer,AN_CF,AN_CO,AN_HG,AN_HG,,
PDR1372,*pàḍ-i,a measure of capacity,QN_QN,PT_MO,QN_EN,QN_MI,,
PDR1373,*paḏ-,"1 to pick, pluck 2 a piece",PA_CU,PA_TE,PT_SG,PA_CU,,YES
PDR1374,*paɣ-,"to split, break",PA_SP,PA_BK,PA_SP,PA_SP,YES,YES
PDR1375,*paɣal-,day; dawn,TI_DA,TI_MG,TI_DW,TI_DA,,YES
PDR1376,*pai-,"1 boy, child 2 calf",MK_CH,AN_CF,AN_CF,AN_CF,,
PDR1377,*pai-,"easily, gently, slowly",TI_SL,MO_FL,BP_LC,TI_SI,,
PDR1378,*pak-,scab,BP_SH,SP_CN,BP_KI,CA_OI,,
PDR1379,*pal,tooth,BP_TO,AN_AN,BP_TO,BP_TO,YES,YES
PDR1380,*pàl-,many,QN_MM,QN_NU,QN_MM,QN_MM,YES,YES
PDR1381,*paḷ-,"plain, valley",PW_VA,PW_PF,PW_VA,PW_PF,YES,
PDR1382,*paḷ-,village,DF_HS,SO_CI,SO_CI,DF_HU,,
PDR1383,*paḷ-,"to shine, glitter",SP_SH,PW_LG,CA_DY,SP_SH,,YES
PDR1384,*paḷ-,"to cower, crouch",MO_CC,SR_SI,AN_CO,WH_SU,,
PDR1385,*Pal-,lizard,AN_AN,AN_IN,AN_SK,AN_SK,,
PDR1386,*paḷ- (?),peel,PA_CU,AV_LE,FD_KN,PA_FS,,
PDR1387,*palṇ- (?),jack-fruit,FD_FR,AV_TR,FD_FR,FD_FR,YES,YES
PDR1388,*paṇ-,"1 to command, speak 2 to send",LM_SY,SO_CR,SO_CR,LM_ST,,
PDR1389,*paṇ-,to do; to work,PA_MA,PA_WV,PA_WV,PA_WV,,
PDR1390,*paṇ-,field; level ground,PW_PF,AV_FC,PW_GS,PW_PF,,YES
PDR1391,*pand-,shed,DF_HS,DF_TE,AN_BA,DF_HU,,
PDR1392,*panḍ-,"skin, bark",BP_SH,AV_LE,CA_CR,PA_FS,,
PDR1393,*panḍ-,to be tired,BP_WE,EM_PS,BP_SL,EM_DE,,
PDR1394,*panḏ-,pig,AN_SW,AN_PI,AN_PI,AN_PI,,
PDR1395,*pans-,to divide,SR_DI,PT_TA,QN_HA,SR_DI,,YES
PDR1396,*panǯ-,to be replete,FD_HU,QN_FU,TI_FI,EM_PD,,
PDR1397,*paŋ-,to divide; bifurcation,SR_DI,AV_BN,SR_DI,SR_DI,YES,YES
PDR1398,*par-,"to cut, split",PA_CU,PA_BK,PA_CU,PA_CU,YES,YES
PDR1399,*par-,to run,MO_RU,MO_FL,MO_RU,MO_RU,YES,YES
PDR1400,*par-,to shine; dawn,PW_LG,TI_DW,TI_DW,SP_SH,,
PDR1401,*par-,to love,EM_LO,EM_JY,EM_LO,EM_LO,YES,YES
PDR1402,*par-,"pimple, boil, sore",BP_SS,SP_WD,FD_BO,BP_SS,,YES
PDR1403,*par-,pebble,PW_SA,PW_SR,AN_PI,PW_SR,,
PDR1404,*par- (*-ṟ-?),"to seek, grope",PT_SE,SP_TV,PT_SE,EM_DE,YES,
PDR1405,*par- (?),"to drink, eat",FD_DR,FD_EA,FD_EA,FD_EA,,
PDR1406,*par[a]-,"to praise, bless",EM_PR,RB_BL,RB_BL,RB_BL,,
PDR1407,*par-anḍ-,frog,AN_AN,AN_BI,AN_SK,AN_PI,,
PDR1408,*part-,cotton,CA_CO,AV_PN,CA_CO,CA_CO,YES,YES
PDR1409,*par(u)nd-,a k. of bird of prey,AN_BI,AN_AN,AN_BI,AN_BI,YES,YES
PDR1410,*parup-,"pulse, dal; peas",FD_VE,FD_FD,FD_PE,FD_BN,,
PDR1411,*paṟ-,to scratch,PA_SH,PA_CU,PA_NA,PA_RU,,
PDR1412,*paṟ-,garden,AV_GA,AV_FC,AV_GA,AV_GA,YES,YES
PDR1413,*paṟ-,drum; a measure of capacity,LM_SG,LM_VO,QN_EN,LM_LA,,
PDR1414,*paṟ-,to speak,LM_ST,LM_SY,LM_ST,LM_ST,YES,YES
PDR1415,*paT-,ten,QN_NN,QN_QN,QN_NN,QN_TH,YES,
PDR1416,*paṬ-,1 to fall 2 to lie down,MO_FA,SR_LI,MO_FA,MO_FA,YES,YES
PDR1417,*paT-,to hide,SR_HC,SR_SI,BP_SH,SR_HC,,YES
PDR1418,*paṯ-,"to catch, hold",PT_SG,PT_TA,PT_HO,PT_SG,,YES
PDR1419,*paṭ-,1 flat 2 place,SR_FS,SR_PL,SR_FL,SR_FL,,
PDR1420,*paṭ-,1 beam 2 timber,PA_BE,PW_WD,PW_WD,PW_WD,,
PDR1421,*paṭ-,dwelling; yard,DF_DW,DF_HS,DF_YR,DF_DW,,YES
PDR1422,*paṭ-,palm; instep,BP_HN,BP_FT,CA_GL,BP_TM,,
PDR1423,*paṭ-ai,stripe,SR_FS,SP_CO,LM_IN,CA_SK,,
PDR1424,*paṭ-ai,bark (of tree),PW_TR,AV_TR,PW_TR,AV_TR,YES,
PDR1425,*paẓ-,"to scold, blame",LM_SC,EM_AG,EM_BL,EM_BL,,
PDR1426,*paẓa-,old,TI_OL,TI_AG,TI_OL,TI_OL,YES,YES
PDR1427,*paẓ-[k-],rib; side,BP_RI,BP_SD,BP_RI,BP_RI,YES,YES
PDR1428,"*paẓ-, *paẓ-nd-",to ripen,AV_CH,SR_GW,FD_FR,FD_FR,,
PDR1429,*pāḍ-,to sing,LM_SG,LM_VO,LM_SG,LM_SG,YES,YES
PDR1430,*pāḍ-,village,SO_CI,SO_PP,SO_CI,SO_CI,YES,YES
PDR1431,*pād- (?),root,AV_RO,AV_PN,AV_RO,AV_RO,YES,YES
PDR1432,*pāḏ-,to fly,MO_FY,MO_RU,MO_FY,MO_FY,YES,YES
PDR1433,*pāɣ-,to strike,PA_SH,WH_FI,PA_SH,PA_SH,YES,YES
PDR1434,*pāj-,"to separate, part; to comb",SR_SE,SR_OP,CA_CB,PA_SP,,
PDR1435,*pāj-,to jump,MO_JL,MO_RU,MO_JL,MO_JL,YES,YES
PDR1436,*pāl,milk,FD_MS,FD_FD,FD_MS,FD_MS,YES,YES
PDR1437,*pāl-,portion,QN_PR,PA_CU,QN_HA,QN_HA,,
PDR1438,*pāl-,a k. of tree or its flower,AV_TR,AV_FL,AV_TR,AV_TR,YES,YES
PDR1439,*pāḷ-,"husk, bark",AV_PN,PA_GL,AN_PU,WH_BA,,
PDR1440,*pā̆ḷ-,seedling,AV_PN,AV_SS,AV_SS,AV_SS,,
PDR1441,*pām-,snake,AN_SK,AN_AN,AN_SK,AN_SK,YES,YES
PDR1442,*pāṇ-,to sing,LM_SG,LM_VO,LM_SG,LM_SG,YES,YES
PDR1443,*pār-,to grow; to swell,SR_GW,QN_MM,AV_SS,SR_GW,,YES
PDR1444,*pār-,spade,AV_SP,PA_TO,AV_SP,AV_SP,YES,YES
PDR1445,*pār-,to look at; sight,SP_LO,SP_SE,SP_LO,SP_LO,YES,YES
PDR1446,*pārp-,child; young,MK_CH,MK_IN,TI_YG,MK_CH,,YES
PDR1447,*pā̆ṟ-,to spread,,SR_GW,PT_LO,PA_SO,,
PDR1448,*pāṟ-,brahman,SP_SE,MT_KN,MK_WI,RB_HS,,
PDR1449,*pās-,to spread,,PA_SO,PT_LO,PA_SO,,
PDR1450,*pās-,to rot; stale,SP_BD,SP_VO,TI_LS,FD_KD,,
PDR1451,*pāT-,"field, garden bed",AV_GA,AV_FC,AV_BA,AV_GA,,YES
PDR1452,*pāṭ-,"size, extent",SR_SZ,QN_QN,SR_SZ,SR_SZ,YES,YES
PDR1453,*pāv-,"way, road",MO_RA,MO_PA,MO_RA,MO_RA,YES,YES
PDR1454,*pāv-,pupil; image,MT_PU,BP_EY,MT_PU,MT_PU,YES,YES
PDR1455,*pāvaṭ-,a k. of plant,AV_PN,AV_TR,AV_LE,AV_PN,,YES
PDR1456,*pāẓ-,"1 old, deserted 2 ruins",PW_WD,PW_EL,MK_OR,DF_HU,,
PDR1457,*pāẓ-,a k. of sacral building and nearby territory,RB_TM,DF_HS,SO_RT,SR_WE,,
PDR1458,*pedav-,lip,BP_LI,BP_MO,BP_LI,BP_LI,YES,YES
PDR1459,*peḏ-,"to pick up, collect",PA_SO,PT_SE,PT_GO,PT_SG,,
PDR1460,*peḏ-,"1 to bear, be born 2 to obtain",BP_BM,PT_GO,AN_BR,BP_BP,,
PDR1461,*peḏ-,"to swell; great, abundant",MO_RI,SR_GW,EM_JG,MO_RL,,
PDR1462,*pein-,"cool, cold",SP_CD,PW_RA,TI_WI,SP_CD,,YES
PDR1463,*peṇ-,female,MK_WO,MK_FS,MK_FS,MK_FS,,
PDR1464,*pendj-[ar],name,LM_NA,LM_WR,LM_NA,LM_NA,YES,YES
PDR1465,*Per-,big,SR_XL,SR_TL,SR_SZ,SR_XL,,YES
PDR1466,*per-,a k. of bee,AN_BE,AN_IN,AN_BE,AN_BE,YES,YES
PDR1467,*pera-,husked rice,FD_FD,AV_RI,AV_RI,AV_RI,,
PDR1468,*peṟ-,curds,FD_CH,FD_MS,AN_PI,FD_SU,,
PDR1469,*pesaL-,green gram,FD_BN,FD_VE,SP_GR,SP_GR,,
PDR1470,*peṭ-,"female of animals, birds",AN_FE,MK_WO,AN_FE,AN_FE,YES,YES
PDR1471,*peṭ-,"box, chest",PA_BA,DF_FR,BP_FC,MO_CA,,
PDR1472,*Peṭ-,"to place, put",SR_PU,PA_MA,SR_PU,SR_PU,YES,YES
PDR1473,*peẓ(n)- (?),bone,BP_BN,BP_BO,BP_BN,BP_BN,YES,YES
PDR1474,*pēd-,"1 folly, ignorance; 2 poor",MT_FS,EM_AG,MT_FS,MT_FS,YES,YES
PDR1475,*pēḍ-,effeminate,EM_TC,EM_FF,MK_SX,MK_MS,,
PDR1476,*pēḏ- (*-ṟ-),"to pile up, load",MO_CA,PA_WS,TI_HH,MO_RL,,
PDR1477,*pēj-[Vn],1 god 2 fervency,RB_GD,RB_DM,RB_GD,RB_GD,YES,YES
PDR1478,*pēḷ-,to defecate,BP_ED,FD_EA,BP_ED,BP_ED,YES,YES
PDR1479,*pēn,louse,AN_IN,AN_AN,MK_GM,AN_WR,,
PDR1480,*pēṇ-,"to foster, protect",BP_BM,SO_HA,PT_PR,PT_PR,,
PDR1481,*pēnḍ-,cowdung,BP_ED,AN_LI,AN_CO,AN_CO,,
PDR1482,*pēnǯ-,to strain water,FD_CO,PA_WA,PA_BN,PA_PO,,
PDR1483,*pēS-,"filth, secretions",BP_ED,SP_BD,MT_SR,BP_SS,,
PDR1484,*pēẓ-,to fear,EM_FF,EM_AN,EM_FF,EM_FF,YES,YES
PDR1485,*pēẓ- (?),to speak,LM_ST,LM_SG,LM_ST,LM_ST,YES,YES
PDR1486,*pic-,mad; bile,MT_IM,EM_AG,EM_AG,EM_AG,,
PDR1487,*pic-,rheum of the eye,BP_EY,SP_CN,BP_EY,BP_EY,YES,YES
PDR1488,*pič-,"sticky, gummy",SP_SM,PW_MU,BP_MO,SP_WD,,
PDR1489,*pid-,to squeeze,PA_PR,PA_CU,FD_SU,PA_SR,,
PDR1490,*piḍ-,"to catch, seize",PT_SG,PT_TA,PT_SG,PT_SG,YES,YES
PDR1491,*pìḍ-,"1 back, behind 2 nape",BP_BA,SR_SD,BP_BA,BP_NK,YES,
PDR1492,*pìḍ-i,female of animal (elephant),AN_FE,AN_EL,AN_FE,AN_FE,YES,YES
PDR1493,*piḏ-,back,BP_BA,SR_SD,BP_BA,BP_BA,YES,YES
PDR1494,*piḏ-,rain,PW_RA,PW_WE,PW_RA,PW_RA,YES,YES
PDR1495,*piḏ-Vk- (?),a k. of small insect,AN_IN,AN_AN,AN_IN,AN_IN,YES,YES
PDR1496,*pig- (?),heavy,SP_HV,SR_SM,SP_HV,SP_HV,YES,YES
PDR1497,*piɣ-,"shoulder, nape of neck",BP_SD,BP_TR,BP_NK,BP_NK,,
PDR1498,*pik-,calf of leg,BP_LE,BP_FT,AN_CF,BP_LE,,YES
PDR1499,*Pil-,cat,AN_CT,AN_AN,AN_CT,AN_CT,YES,YES
PDR1500,*piḷ-,"to crack, burst",PA_BK,PA_SP,TI_HH,PA_BK,,YES
PDR1501,*piḷ-,young girl,MK_GI,MK_CH,TI_YG,TI_YG,,
PDR1502,*piḷ-,to call; to roar,LM_SC,LM_SG,LM_CS,LM_CN,,
PDR1503,*pilpul-,butterfly,AN_IN,AN_BI,AN_BI,AN_IN,,YES
PDR1504,*pin-,"1 small, young 2 mother's younger sister, etc.",SR_SM,TI_YG,MK_BS,BP_BM,,
PDR1505,*pinc-,peacock's tail,BP_TA,AN_BI,AN_BI,BP_FE,,
PDR1506,*pinḍ-,flour,FD_MF,FD_FD,FD_MF,FD_MF,YES,YES
PDR1507,*pindj-,young fruit or berry,FD_FR,AV_PN,FD_BY,FD_FR,,YES
PDR1508,*piṇ-/*pīnḍ-,"to entwine, twist",PA_BI,PA_PL,TI_AU,PA_SO,,
PDR1509,*pir-,"to twist, turn",MO_TU,PA_BI,MO_TU,MO_TA,YES,
PDR1510,*PIr-,"skin, bark",BP_SH,AV_TR,CA_CR,PA_FS,,
PDR1511,*pir-i-,"to crack, open",SR_OP,PA_BK,TI_NW,PA_TE,,
PDR1512,*piṟ-,to tremble,BP_BB,EM_FF,MO_SH,EM_TC,,
PDR1513,*pis-,to sprinkle,PW_RA,PA_SO,FD_KD,PA_PO,,
PDR1514,*piṭ-,small bird,AN_BI,SR_SM,AN_BI,AN_BI,YES,YES
PDR1515,*piẓ-,to slip; to err,MO_SS,MT_ME,MO_SS,MO_SS,YES,YES
PDR1516,*piẓc-,sparrow,AN_BI,SR_SM,AN_BI,AN_BI,YES,YES
PDR1517,*piẓig-,"entrails, bowels",BP_BS,BP_BO,BP_ED,BP_ED,,
PDR1518,"*piẓi-k-, -l-",mango fruit,FD_FR,FD_VE,FD_FR,FD_FR,YES,YES
PDR1519,*piẓ-/*pinḍ-,"to squeeze, milk",PA_PR,FD_MV,FD_MV,FD_MV,,
PDR1520,*piẓuk-,cowdung,BP_ED,AN_LI,AN_CO,AN_CO,,
PDR1521,*pī-,excrement,BP_ED,FD_FD,BP_ED,BP_ED,YES,YES
PDR1522,*pīc-,"to squeeze, milk",PA_PR,FD_MV,FD_MV,FD_MV,,
PDR1523,*pīḏ-,"to squeeze, milk",FD_MV,PA_PR,FD_MV,FD_MV,YES,YES
PDR1524,*pīK-,to pull out,PA_DP,PA_CU,BP_SP,PA_DP,,YES
PDR1525,*pīl-,weak,BP_WE,SR_SM,BP_WE,BP_WE,YES,YES
PDR1526,*pīl-i,peacock's feather,AN_BI,BP_FE,AN_HN,BP_FE,,
PDR1527,*pīṇV́-,corpse,BP_CS,BP_DD,BP_CS,BP_CS,YES,YES
PDR1528,*pīr-,straw,AV_HY,AV_GR,FD_SP,FD_SP,,
PDR1529,*pīṟ- (*-ḏ-),to be torn,PA_TE,PA_CU,EM_TR,PA_TE,,YES
PDR1530,*pīt-,to fart,BP_FB,BP_BO,BP_FB,BP_FB,YES,YES
PDR1531,*poč-,vulva,BP_PE,BP_BO,BP_SI,BP_NV,,
PDR1532,*pod-,"to increase, swell",SR_GW,MO_RI,MO_RL,PA_SR,,
PDR1533,*poḍ-,"1 to winnow, beat 2 to fight",AV_TH,WH_FI,WH_DF,WH_FI,,
PDR1534,*pòḍ-,"1 tall, long 2 slope of hill",SR_TL,SR_LG,PW_MH,PW_MH,,
PDR1535,*poḍ-,to rise,MO_RI,AV_SS,MO_RL,MO_RI,,YES
PDR1536,*podd-,father-in-law,MK_FL,MK_ML,MK_FL,MK_FL,YES,YES
PDR1537,*pòḍ-i,"powder, dust",PW_DU,FD_MF,PW_DU,PW_DU,YES,YES
PDR1538,*pod-k-,navel,BP_NV,BP_BO,BP_NV,BP_NV,YES,YES
PDR1539,*podm-,udder,BP_UA,AN_CO,BP_UA,BP_UA,YES,YES
PDR1540,*podṟ- (?),"1 to soak, get wet 2 to swell",SP_WD,SR_GW,CA_OI,SP_WD,,YES
PDR1541,*poḍVl-,snake-gourd,FD_VE,AV_PN,AN_SK,AN_SK,,
PDR1542,*poḏ-,top; hill,SR_TO,PW_MH,PW_MH,SR_TO,,YES
PDR1543,*poḏ-,lungs,BP_HR,BP_BO,BP_CO,BP_CO,,
PDR1544,*pog-,"to burn, grieve",PW_BU,EM_GS,PW_BU,EM_CW,YES,
PDR1545,*pog-,to enter,MO_EN,MO_GO,MO_EN,MO_EN,YES,YES
PDR1546,*pog-aẓ-,"to praise; renown, praise",EM_PR,EM_GL,EM_PR,EM_PR,YES,YES
PDR1547,*pogVn-,green pigeon,AN_BI,AN_AN,AN_BI,AN_BI,YES,YES
PDR1548,*poɣ-,smoke,PW_SM,PW_MI,PW_SM,PW_SM,YES,YES
PDR1549,*poj-,"to spill, flow",MO_FL,PW_RA,MO_FL,PA_PO,YES,
PDR1550,*pok-,"blister, bubble, boil",BP_SW,MO_BO,FD_BO,FD_BO,,
PDR1551,*pok-,to speak; to cry,LM_ST,LM_SY,EM_CW,LM_ST,,YES
PDR1552,*PoK-,hole,SR_HL,SR_HW,SR_HL,SR_HL,YES,YES
PDR1553,*pòl-,"field, rice-field",AV_FC,AV_GA,AV_RI,AV_RI,,
PDR1554,*pol-,to perish; to be weakened,BP_DD,BP_LL,EM_DG,MO_GA,,
PDR1555,*pol-,"to lament, grieve; speech, sound",EM_CW,EM_GS,EM_GR,EM_GR,,
PDR1556,*poḷ-,husk; chaff,AV_CH,,AN_AD,BP_ED,,
PDR1557,*poḷ-,"hole; to bore, chisel",SR_HL,PA_BR,PA_CS,SR_HL,,YES
PDR1558,*pol-,"bad, mean; dirty, pollution",EM_BD,SP_DS,EM_BD,EM_BD,YES,YES
PDR1559,*poḷ-,to pare off (skin),PA_FS,PA_CU,BP_SH,BP_SH,,
PDR1560,*pol-i-,"to increase; to acquire, gain, prosper",SR_GW,PT_PF,PT_PF,MO_RI,,
PDR1561,*pom-,to embrace,MO_CA,PA_BI,EM_LO,EM_KS,,
PDR1562,*pom-,breast,BP_BW,BP_BO,BP_BW,BP_BW,YES,YES
PDR1563,*pon-,metal,PA_GO,PA_IR,PA_CM,PA_CO,,
PDR1564,*pon-,mast-wood,AV_TR,PW_WD,PW_WD,PW_WD,,
PDR1565,*Pond-,hole,SR_HL,PA_BR,SR_HL,SR_HL,YES,YES
PDR1566,*poŋ-,to swell,MO_BO,SR_GW,BP_BI,FD_BO,,
PDR1567,*Poŋ-,"to float, flow",MO_FL,MO_SA,MO_FT,MO_FT,,
PDR1568,*por-,"1 to join, unite 2 to occur",SR_JU,MO_AR,SR_JU,SR_JU,YES,YES
PDR1569,*por-,"to fry, roast",FD_RF,PW_BU,FD_RF,FD_RF,YES,YES
PDR1570,*por-,layer; scale; cataract,SR_LS,QN_PR,SP_SG,CA_VE,,
PDR1571,*por- (*-u-),roof; house,DF_RF,DF_HS,DF_RF,DF_RF,YES,YES
PDR1572,*por-[a-],to sell,PT_SL,PT_BU,PT_SL,PT_SL,YES,YES
PDR1573,*pos-,to lie (cheat),EM_LI,EM_DC,EM_LI,EM_DC,YES,
PDR1574,*pot-,"1 to bury, cover 2 bush",BP_BD,SR_CO,BP_BD,AV_DI,YES,
PDR1575,*pot-,"sapling, twig",AV_PN,AV_BN,AN_SO,AV_TR,,
PDR1576,*pot-,common; friendship,SO_CN,PT_PY,SO_CN,SO_CN,YES,YES
PDR1577,*pot-,"to pierce, perforate",PA_BR,SR_HL,FD_KN,PA_CV,,
PDR1578,*pot-,to burn,PW_BU,PW_FI,PW_BU,PW_BU,YES,YES
PDR1579,*poṭ-,blister,BP_SS,SR_GW,CA_PI,CA_OI,,
PDR1580,*poṭ-,"husks, chaff",AV_CH,FD_MF,AN_AD,CA_FL,,
PDR1581,*poṭ-,1 to burst 2 to clap,PA_BK,MO_SH,TI_MS,EM_GR,,
PDR1582,*poṭ- (*pavṭ-),belly,BP_BS,BP_WO,BP_BS,BP_BS,YES,YES
PDR1583,*poṭ- (?),bird,AN_BI,AN_AN,AN_BI,AN_BI,YES,YES
PDR1584,*poẓ-,to pour,MO_FL,PA_PO,PA_PO,PA_PO,,
PDR1585,*poẓd-,sun,PW_SU,TI_DA,PW_SU,PW_SU,YES,YES
PDR1586,*pō-,to go,MO_GO,MO_GA,MO_GO,MO_GA,YES,
PDR1587,*pōk-,"wicked, mischievous",EM_BD,SO_EN,AN_DU,RB_DM,,
PDR1588,*pōk-,ant,AN_IN,AN_AN,AN_EL,AN_IN,,YES
PDR1589,*pōl-,to resemble,SR_LS,SR_EQ,MT_SE,SR_LS,,YES
PDR1590,*pōr-,to cover,SR_CO,CA_CD,CA_VE,CA_OV,,
PDR1591,*pōr-,1 to be angry; to abuse 2 to fight,EM_AG,WH_FI,EM_AG,EM_AG,YES,YES
PDR1592,*pōr-,heap,QN_MC,SR_GW,AN_RA,PW_AS,,
PDR1593,*pōr-,to hatch eggs,AN_PV,BP_SL,BP_EG,BP_EG,,
PDR1594,*Pōr-,bull,AN_BU,AN_CB,AN_BU,AN_BU,YES,YES
PDR1595,*pōṟ-,child,MK_CH,MK_BO,AN_KI,MK_CH,,YES
PDR1596,*pōt-,male (of animals); cock,AN_MA,AN_LI,AN_MA,AN_MA,YES,YES
PDR1597,*pōt- (?),flesh,BP_FL,FD_ME,BP_FL,BP_FL,YES,YES
PDR1598,*pōẓ-,"to split, cleave",PA_SP,SR_HL,PA_SP,PA_SP,YES,YES
PDR1599,*pucn-,new,TI_NW,TI_YG,TI_NW,TI_NW,YES,YES
PDR1600,*puḍ-,"to touch, feel",SP_TV,SP_FO,SP_TV,SP_TV,YES,YES
PDR1601,*puḏ-,dove,AN_BI,AN_FI,AN_GS,AN_BI,,YES
PDR1602,*pul,small,SR_SM,QN_LF,QN_LF,QN_LF,,
PDR1603,*pùl-,tiger,AN_AN,AN_LI,AN_LN,AN_LN,,
PDR1604,*pul-,dawn; to shine,TI_DW,PW_LG,TI_DW,TI_DW,YES,YES
PDR1605,*puḷ-,sour,SP_AC,FD_VE,SP_AC,SP_AC,YES,YES
PDR1606,*puḷ-,grey,SP_LC,BP_HA,SP_CO,CA_DY,,
PDR1607,*puḷ-,bird,AN_BI,AN_AN,AN_BI,AN_BI,YES,YES
PDR1608,*puḷ-,small dry sticks,PW_WD,AV_PN,CA_LO,PA_NA,,
PDR1609,*Pul-,"brown, yellowish",SP_CO,SP_LC,SP_YL,SP_YL,,
PDR1610,*pul- (*-i-),grass,AV_GR,AV_PN,AV_GR,AV_GR,YES,YES
PDR1611,*Pul- (*-o-),"to sulk, be jealous",EM_EJ,EM_AG,EM_EJ,EM_EJ,YES,YES
PDR1612,*pUṇ-,1 to join 2 to occur,SR_JU,MO_GO,SR_JU,SR_JU,YES,YES
PDR1613,*pun-,to know,MT_KN,MT_UN,MT_KN,MT_KN,YES,YES
PDR1614,*puṇ-[d-],"boil, wound",BP_SS,BP_BO,FD_BO,FD_BO,,
PDR1615,*pUr-,"1 to preserve, protect 2 to revere; gift",PT_PR,RB_WO,PT_PR,PT_PR,YES,YES
PDR1616,*pUraḷ-,"to turn, roll over",MO_RO,MO_TU,MO_RO,MO_RO,YES,YES
PDR1617,*pur-i-,"to curl, twist",PA_PL,MO_WW,PA_RC,CA_SN,,
PDR1618,*purn-,1 bone 2 skull,BP_BN,BP_SK,BP_SK,BP_SK,,
PDR1619,*puruḍ,childbirth; pollution,BP_BM,MK_FM,MK_IN,BP_WO,,
PDR1620,*puṟ-/*peṟ- (*-ḏ-),"outside, exterior",SR_ED,SR_SD,TI_WI,DF_DG,,
PDR1621,*puS-,to take off,PA_CU,,PT_TA,MO_GA,,
PDR1622,*put-[Vr-],to vomit,BP_VO,BP_BB,BP_VO,BP_VO,YES,YES
PDR1623,*puṯ-,anthill,PW_GS,AN_AN,PW_MH,AV_AC,,
PDR1624,*puṭ-,to be born,BP_BP,SR_GW,MK_IN,BP_BP,,YES
PDR1625,*pUṭ-,short,SR_SS,SR_SM,SR_SS,TI_SL,YES,
PDR1626,*puṭ-,cloth,CA_CL,CA_CC,CA_CL,CA_CL,YES,YES
PDR1627,*puṭ-i,measure of capacity,SR_MS,QN_QN,QN_EN,QN_FU,,
PDR1628,*puẓ-,"worm, insect",AN_IN,AN_WR,AN_WR,AN_WR,,
PDR1629,*puẓuŋ-,civet cat,AN_AN,AN_FE,AN_CT,AN_CT,,
PDR1630,*pU[ǯ]-,"to twist, wrap",PA_PL,PA_BI,MO_WW,MO_WW,,
PDR1631,*pū-,flower,AV_FL,BP_FE,AV_FL,AV_FL,YES,YES
PDR1632,*pū-,"to be dry, furred (of tongue)",SP_DR,BP_SS,CA_FU,BP_TG,,
PDR1633,*pū-,spark,PW_LI,PW_FI,PW_FL,PW_FI,,
PDR1634,*pūc-,1 green 2 yellow,SP_GR,SP_YL,SP_GR,SP_YL,YES,
PDR1635,*pū[c]-,"to smear, rub",PA_RU,PA_WA,PA_RU,PA_RU,YES,YES
PDR1636,*pūṇ-,yoke,MO_YO,PA_BI,MO_YO,MO_YO,YES,YES
PDR1637,*pūnǯ-,cock,AN_CK,AN_HC,AN_CK,AN_CK,YES,YES
PDR1638,*pūr-,peacock's tail,BP_FE,AN_BI,AN_BI,BP_FE,,YES
PDR1639,*pūṟ-,anus,BP_BO,BP_BS,AN_EL,BP_ED,,
PDR1640,*pūs-,beads,CA_NC,CA_JW,CA_NC,CA_NC,YES,YES
PDR1641,*pū[-S-],a k. of tree,AV_TR,PW_TR,PW_TR,AV_TR,,YES
PDR1642,*pū[s]-,to fart,BP_FB,FD_EA,BP_FB,BP_FB,YES,YES
PDR1643,*pūẓ-,to bury,BP_BD,SR_HC,BP_BD,BP_BD,YES,YES
PDR1644,*pūẓ-,to boil,MO_BO,FD_BO,FD_BO,FD_BO,,
PDR1645,*rā- (?),to be possessed,EM_EF,MT_IM,RB_DM,RB_DM,,
PDR1646,*rēk- (?),leaf,AV_LE,AV_FL,AV_LE,AV_LE,YES,YES
PDR1647,*śab-,rotten,PT_SP,PT_DE,SP_BD,SP_DS,,
PDR1648,*saḍ-,sound,LM_VO,SP_SO,SP_SO,SP_HE,,
PDR1649,*Saḏ-,to tear,PA_TE,PA_SP,PA_TE,PA_TE,YES,YES
PDR1650,*saḏ- (?),road,MO_PA,MO_RA,MO_RA,MO_RA,,
PDR1651,*śai-,five,QN_NN,QN_QN,QN_LF,QN_TH,,
PDR1652,*sal-,to go,MO_GO,MO_FL,MO_GO,MO_GA,YES,
PDR1653,*śaḷ-,son-in-law,MK_SL,MK_BL,MK_SL,MK_SL,YES,YES
PDR1654,*Sal-,"to sprinkle, scatter",PA_SO,AV_SS,PW_RA,PA_SO,,YES
PDR1655,*Saḷ-,buttermilk,FD_CH,FD_MS,FD_BT,FD_BT,,
PDR1656,*sal- (?),to stand,SR_ST,MO_RI,WH_SU,SR_ST,,YES
PDR1657,*sam-,"to kill, destroy",BP_KI,PT_DE,BP_KI,PT_DE,YES,
PDR1658,*Samb-,fish,AN_FI,AN_AN,AN_FI,AN_FI,YES,YES
PDR1659,*samVṭ- (?),"hammer, sledge-hammer",PA_HA,PA_TO,PA_HA,PA_HA,YES,YES
PDR1660,*saṇpag-,campaka tree and its flower,AV_FL,AV_TR,AV_FL,AV_FL,YES,YES
PDR1661,*śaŋk-,armpit; to tickle,BP_AR,BP_BO,CA_BR,BP_EL,,
PDR1662,*saŋk- (?),neck,BP_NK,BP_TR,BP_NK,BP_NK,YES,YES
PDR1663,*sap-,tasteless,SP_SA,EM_BD,SP_TO,SP_TJ,,
PDR1664,*sap-,1 to chew 2 to suck,BP_BI,FD_SU,FD_SU,FD_SU,,
PDR1665,*śàrac-,snake,AN_SK,AN_AN,AN_SK,AN_SK,YES,YES
PDR1666,*sarak-,"articles, goods",PT_PY,PT_TR,PT_PF,PT_SS,,
PDR1667,*saṟ-,neck,BP_NK,BP_BA,BP_NK,BP_NK,YES,YES
PDR1668,*sas-,"straight, right, correct",SR_SG,EM_GD,SR_SG,SR_SG,YES,YES
PDR1669,*Saṭ-,"shoulder, shoulder-blade; wing",BP_SD,BP_WI,BP_WI,BP_SD,,YES
PDR1670,*saṭuv-,ladle,FD_SP,FD_PO,FD_ML,FD_SP,,YES
PDR1671,*śav-,1 to pound (rice) 2 mortar,PA_SH,FD_GR,PA_MO,PA_MO,,
PDR1672,*sav-,ready,TI_RE,EM_GD,TI_RE,TI_RE,YES,YES
PDR1673,*Sav-,taste,SP_TO,SP_ST,SP_TO,SP_TJ,YES,
PDR1674,*Sav- (?),"flesh, meat",FD_ME,BP_FL,FD_ME,FD_ME,YES,YES
PDR1675,*Savar-,"to rub in, apply oil",PA_RU,FD_OI,PA_RU,PA_RU,YES,YES
PDR1676,*saẓ- (?),breast,BP_UA,BP_BW,BP_BW,BP_BW,,
PDR1677,*saẓap-,cowdung,AN_CB,FD_ME,AN_CO,AN_CO,,
PDR1678,*śāḏ-,six,QN_NN,QN_QN,QN_EN,QN_TH,,
PDR1679,*sāj-,to leave; to cease,SR_LE,SR_RM,TI_CE,MO_GA,,
PDR1680,*sāj- (*c-),"beauty, light",SP_BR,EM_BF,EM_BF,SP_SH,,
PDR1681,*śāk-,hunger,FD_HU,BP_SS,FD_HU,FD_HU,YES,YES
PDR1682,*sāl,furrow,AV_FU,SR_LN,AV_FU,AV_FU,YES,YES
PDR1683,*sāl-,to be able; sufficient,PA_US,MT_IR,QN_EN,EM_DE,,
PDR1684,*sānḍ-,menstrual discharge; semen,,BP_TS,BP_SI,BP_BW,,
PDR1685,*sā(ŋ)k-,"to rear, bring up",,PA_WV,MO_AR,MO_RL,,
PDR1686,*sār- (?),"to be left over, in excess",SR_RL,MO_FA,PT_SP,QN_FU,,
PDR1687,*sār-i,"time, turn",TI_TI,QN_NN,TI_CW,TI_NO,,
PDR1688,*śārp-,thorn,AV_PN,PW_SR,WH_SP,WH_SW,,
PDR1689,*sā̆ṟŋ-,sāl tree,AV_TR,PW_WF,AV_TR,AV_TR,YES,YES
PDR1690,*seḍ-,"rotten, stinking",SP_BD,SP_VO,SP_BD,SP_BD,YES,YES
PDR1691,*Sei(p)-,1 broom 2 to sweep,PA_SW,PA_BM,PA_BM,PA_SW,,YES
PDR1692,*Sek- (?),near,SR_NE,SR_DP,SR_NE,SR_NE,YES,YES
PDR1693,*sel- (*c-),"to split, crack",PA_SP,PA_CU,PA_SP,PA_TE,YES,
PDR1694,*Sen-,"to smell, stink",SP_VO,SP_BD,SP_BD,SP_BD,,
PDR1695,*Send-,cloth,CA_CL,CA_FL,CA_CL,CA_CL,YES,YES
PDR1696,*śeṟn-,"ear (of corn, paddy)",AV_CH,AV_RI,BP_EA,AV_GG,,
PDR1697,*śēd-,porcupine,AN_IN,AN_AN,AN_SW,AN_BU,,
PDR1698,*sēn-,frost,PW_IC,PW_WE,PW_IC,PW_IC,YES,YES
PDR1699,*sēn- (?),many,QN_MM,QN_EA,QN_MM,QN_MM,YES,YES
PDR1700,*Sēnd-,"to draw out, remove",PA_DP,MO_CA,BP_SH,PA_DP,,YES
PDR1701,*śē(ŋ)k-,to breathe heavily; asthma,BP_BB,BP_TR,BP_BB,BP_BB,YES,YES
PDR1702,*śēr-,plough,AV_PL,PA_TO,AV_PL,AV_PL,YES,YES
PDR1703,*sēr-,"1 to join, unite 2 to go",SR_JU,MO_GO,SR_JU,SO_ME,YES,
PDR1704,*śēr- (*-ḏ-),husband's brother's wife,MK_SW,MK_RE,MK_BL,MK_BL,,
PDR1705,*sēr- (?),"neck, shoulder",BP_NK,BP_SD,BP_NK,BP_NK,YES,YES
PDR1706,*śig-,"1 to sprout, shoot 2 young leaf",AV_SS,AV_LE,AV_LE,AV_SS,,YES
PDR1707,*sigg-,shame,EM_SH,EM_AG,EM_SH,EM_SH,YES,YES
PDR1708,*śil-,not to be,BP_DD,MT_UN,TI_NV,TI_CE,,
PDR1709,*Sil-,to peel off,PA_FS,PA_CU,BP_SH,PA_FS,,YES
PDR1710,*Siḷ-p-,chip of wood,PW_WD,AV_BN,PW_WD,PW_WD,YES,YES
PDR1711,*śim-,"to wink, eyelid",BP_EY,SP_SH,EM_LS,BP_YG,,
PDR1712,*sint-,tamarind tree,FD_FR,AV_TR,AV_TR,AV_TR,,
PDR1713,*śip-,shell,AN_FI,PW_SR,AN_PI,FD_DI,,
PDR1714,*śir-,1 black 2 charcoal 3 night,SP_BK,TI_NG,TI_NG,TI_NG,,
PDR1715,*siv-aŋ-,a k. of predator,AN_LN,AN_AN,AN_SK,AN_LN,,YES
PDR1716,*siẓ- (?),"yellow, saffron",SP_YL,FD_VE,SP_YL,SP_YL,YES,YES
PDR1717,*sī-,a k. of small tree or shrub with nuts,AV_TR,FD_VE,AV_TR,AV_TR,YES,YES
PDR1718,*śī-,to give,PT_GI,SO_HA,PT_GI,PT_GI,YES,YES
PDR1719,*sīk- (??),green,SP_GR,TI_YG,SP_GR,SP_GR,YES,YES
PDR1720,*sīp-,upper belly,BP_FC,BP_BS,BP_BS,BP_NV,,
PDR1721,*śīr-,a k. of rat,AN_MO,AN_AN,AN_MO,AN_MO,YES,YES
PDR1722,*śīr,nit,AN_IN,BP_HA,TI_NG,CA_CB,,
PDR1723,*sīr- (*ś-),root,AV_RO,AV_PN,AV_RO,AV_RO,YES,YES
PDR1724,*Sīr-[ēk-],chironji tree,AV_TR,FD_NT,PW_TR,AV_TR,,YES
PDR1725,*sjēr[_]-,handful,BP_HN,QN_QN,QN_LF,QN_LF,,
PDR1726,*sog-,beauty,EM_BF,SP_BR,EM_BF,EM_BF,YES,YES
PDR1727,*śoj-,porcupine,AN_IN,AN_AN,AN_SW,AN_HN,,
PDR1728,*s(́)ojd-,ant,AN_IN,AN_AN,AN_EL,AN_IN,,YES
PDR1729,*so-k-,to climb,MO_RI,MO_GO,MO_RL,MO_RI,,YES
PDR1730,*śol-,fireplace,DF_FP,PA_TO,DF_FP,DF_FP,YES,YES
PDR1731,*Sol-,mouth (pointed),BP_MO,AN_BI,BP_MO,BP_MO,YES,YES
PDR1732,*sol-,"to peel, strip (bark)",PA_CU,PA_TE,PA_RU,PA_CU,,YES
PDR1733,*Soṭ-,"defect, fault",EM_FA,EM_ME,EM_FA,PA_BK,YES,
PDR1734,*śovar,salt,FD_SL,SP_SA,FD_SL,FD_SL,YES,YES
PDR1735,*śō-,to get out; to drive away,MO_GO,MO_RI,MO_FE,MO_GA,,
PDR1736,*sōk-,to be possessed; devil,RB_DM,RB_GP,RB_DE,PT_SG,,
PDR1737,*sōl-,"loose, slack; to faint",SR_RL,BP_WE,BP_YG,PA_SO,,
PDR1738,*sōn-,"rain, drizzle, rainclouds",PW_RA,PW_MI,PW_RA,PW_RA,YES,YES
PDR1739,*sōr-,mountain,PW_MH,PW_PF,PW_MH,PW_MH,YES,YES
PDR1740,*Suj-,breath,BP_BB,BP_LL,BP_BB,BP_BB,YES,YES
PDR1741,*śup-,salt,FD_SL,SP_SA,FD_SL,FD_SL,YES,YES
PDR1742,*suṟ-,whirlwind,PW_WI,PW_AI,PW_WI,PW_WI,YES,YES
PDR1743,*sut-,hammer,PA_HA,PA_TO,PA_HA,PA_HA,YES,YES
PDR1744,*śut-[Vk]-,to wash,PA_WA,PA_MA,PA_WA,PA_WA,YES,YES
PDR1745,*sūḏ-,stale,FD_FD,SP_BD,TI_OL,TI_OL,,
PDR1746,*sūṟ-ai (*-ḏ-),"plunder, robbery",PT_RR,WH_BS,PT_RR,PT_RR,YES,YES
PDR1747,*sūṭ-,to show; to point at,SP_SW,MT_IN,SP_SW,SP_SW,YES,YES
PDR1748,*sū̆ṭ-,"intelligent, methodical",MT_IR,MT_WI,MT_IR,MT_WI,YES,
PDR1749,*ta-,to bring; to give to 1st/2nd p.,MO_BG,MO_LE,PT_GI,MO_BG,,YES
PDR1750,*tabb-,to grope,SP_TV,SP_FO,TI_SP,EM_DE,,
PDR1751,*taḍap-,"strip of cloth, waistcloth",CA_CC,CA_CL,CA_CL,CA_CL,,
PDR1752,*taḍ-av-,"to grope, feel",SP_TV,SP_FO,EM_EF,SP_TV,,YES
PDR1753,*tag-,"proper, suitable; to fit",EM_GD,MT_IR,CA_TA,CA_TA,,
PDR1754,*tagar-,ram,AN_RA,AN_SH,AN_RA,AN_RA,YES,YES
PDR1755,*tagar- (?),tin,PA_TT,PA_IR,PA_TT,PA_TT,YES,YES
PDR1756,*taK-,to touch,SP_TV,MO_AR,SP_TV,SP_TV,YES,YES
PDR1757,*tàl-,head,BP_HE,SR_TO,BP_HE,BP_HE,YES,YES
PDR1758,*taḷ-,"mother, female",MK_MO,MK_WO,MK_FS,MK_MO,,YES
PDR1759,*taḷ-,"to bind, chain",PA_BI,PA_CH,PA_BI,PA_BI,YES,YES
PDR1760,*taḷ-,"to push off, remove",MO_PS,PA_CU,MO_PS,MO_PS,YES,YES
PDR1761,*taḷ-,"to bloom, sprout",AV_FL,MO_RI,AV_SS,AV_FL,,YES
PDR1762,*tal-,"agitation, commotion",EM_AN,EM_EF,SO_SQ,EM_AG,,
PDR1763,*taḷ-,"to move, shake, stagger",MO_SH,MO_MO,MO_SH,MO_SH,YES,YES
PDR1764,"*taḷ-, *taḷtaḷ-","to shine, shining, glitter",SP_SH,PW_LG,EM_GL,SP_SH,,YES
PDR1765,*t-amp-,younger brother,MK_BR,MK_BS,MK_BS,MK_NE,,
PDR1766,*taṇ-,to kick,PA_SH,WH_FI,WH_FI,PA_SH,,YES
PDR1767,*taṇ-,1 cold 2 satisfied,SP_CD,EM_JY,QN_ON,SP_CD,,YES
PDR1768,*taṇ-,"rich, abundant",QN_MM,SR_GW,PT_RC,PT_WR,,
PDR1769,*tanḍ-,to obstruct; obstruction,SO_HP,PT_HI,SR_HC,SO_HP,,YES
PDR1770,*tanḍ-,"mass, herd; troops",QN_MC,WH_AR,WH_AR,AN_HE,,
PDR1771,*tanḍ-,to collect,SR_CG,QN_MC,PT_GO,PT_PU,,
PDR1772,*t-anḏ-,father,MK_FA,MK_PA,MK_FA,MK_FA,YES,YES
PDR1773,*taṇk- (?),liver,BP_LV,BP_BO,BP_LV,BP_LV,YES,YES
PDR1774,*taŋ-/*tak-,to remain; to stay,SR_RM,MO_SH,PT_KR,SR_RM,,YES
PDR1775,*tap-,to make mistakes,MT_ME,EM_FA,MT_IP,EM_ME,,
PDR1776,*tap-,to strike,PA_SH,BP_KI,PA_SH,PA_SH,YES,YES
PDR1777,*TaP-,"sound of falling; quickly, in a moment",PW_TH,TI_SW,MO_FA,MO_FA,,
PDR1778,*tap-,to put,SR_PU,MO_CA,SR_PU,SR_PU,YES,YES
PDR1779,*taR-,"to diminish, decrease; fee",QN_LF,PT_LS,LJ_CN,TI_CE,,
PDR1780,*taṟ-,bald,SR_MS,SR_XL,BP_HA,BP_HA,,
PDR1781,*taṟ- (*-ḏ-),"to join, tuck in, fasten; appropriate, opportune",PA_BI,PA_SH,TI_HH,CA_SE,,
PDR1782,*taṟe-,to cut,PA_CU,PA_SH,PA_CU,PA_CU,YES,YES
PDR1783,*taṬ-,"to knock, slap",PA_SH,BP_BI,PA_SH,PA_SH,YES,YES
PDR1784,*taṬ-,"door, mat door",DF_DG,DF_WN,DF_DG,DF_DG,YES,YES
PDR1785,*taṭ-,"flat; wide basket, plate",SR_FL,FD_DI,FD_PL,SR_FL,,YES
PDR1786,*taṭ- (?),tongue,BP_TG,BP_MO,BP_TG,BP_TG,YES,YES
PDR1787,*tav-,"much, abundantly",QN_MM,SR_XL,QN_MM,QN_MM,YES,YES
PDR1788,*tav- (?),1 to destroy 2 to die,BP_DD,PT_DE,BP_KI,PT_DE,,
PDR1789,*taviḍ-,"bran, chaff",FD_MF,FD_VE,AN_BA,CA_FL,,
PDR1790,*tav-iẓ- / *tiv-aẓ-,"to creep, crawl",MO_CC,MO_WA,MO_CC,MO_CC,YES,YES
PDR1791,*taẓ-,to burn; to glow (of embers),PW_BU,PW_FI,PW_BU,PW_BU,YES,YES
PDR1792,*taẓ-,to embrace,MO_CA,EM_LO,EM_LO,EM_KS,,
PDR1793,*taẓVv-,to dig,AV_DI,PA_CU,AV_DI,AV_DI,YES,YES
PDR1794,*tāk-,to walk,MO_WA,MO_GO,MO_WA,MO_WA,YES,YES
PDR1795,*tāk-,to touch; to hit,SP_TV,PA_SH,SP_TV,SP_TV,YES,YES
PDR1796,*tāk- (?),wind,PW_WI,PW_AI,PW_WI,PW_WI,YES,YES
PDR1797,*tāḷ-,to bear; to suffer; patience,MO_CA,BP_LL,AN_BR,AN_BR,,
PDR1798,*tāḷ-,"to season, seasoning",FD_CO,FD_RF,TI_SN,FD_CO,,YES
PDR1799,*tāḷ-,"leg, foot, stem",BP_LE,BP_FT,BP_FT,BP_LE,,YES
PDR1800,*tām,"they, themselves",MT_MI,EM_SS,MK_FM,MK_MA,,
PDR1801,*tāmar-,lotus,,AV_PN,FD_BY,AV_FL,,
PDR1802,*tān,"he, himself",MT_IR,MK_HB,MK_HU,MK_HB,,
PDR1803,*tā̆nḍ-,a k. of pot,FD_PO,PA_MD,FD_PO,FD_PO,YES,YES
PDR1804,*tānḏ-,belleric myrobalan,,FD_VE,AN_SN,AN_SN,,
PDR1805,*tāṟ- (*-ḏ-),"thin, dried",,BP_WE,CA_CO,SR_NS,,
PDR1806,*tāṟ-g-,to gorge,FD_DR,FD_EA,MO_FL,FD_SU,,
PDR1807,*tāt-,(grand)father,MK_GF,MK_FA,MK_FL,MK_FL,,
PDR1808,*tāṭ-,bark,BP_SH,AV_BN,AN_DO,AN_DO,,
PDR1809,*tāv-,"to jump, leap",MO_JL,MO_FY,MO_JL,MO_JL,YES,YES
PDR1810,*tāẓ-,toddy palm,AV_TR,AV_PN,CA_GL,CA_GL,,
PDR1811,*tāẓ-,earring,CA_AD,CA_JW,BP_EA,CA_FR,,
PDR1812,*tāẓ-,to fall low; to lower,MO_FA,SR_LO,MO_FA,MO_FA,YES,YES
PDR1813,*tāẓ-,"bolt, bar, lock; key",DF_LO,DF_DG,DF_LO,DF_LO,YES,YES
PDR1814,*tā̆ǯ- (?),to wipe,PA_RU,PA_WA,PA_WA,PA_WA,,
PDR1815,*teḏ-,"to pay, return",PT_PA,PT_TR,PT_GB,PT_OW,,
PDR1816,*teḏ-a-,to open,SR_OP,SR_HC,SR_OP,SR_OP,YES,YES
PDR1817,*teg-,"to be full, finished",QN_FU,TI_FI,TI_FI,TI_FI,,
PDR1818,*teK-,1 to extinguish 2 to die,BP_DD,PW_LK,BP_DD,PW_BU,YES,
PDR1819,*teḷ-,to be clear; white,SP_BR,MT_CP,SP_WH,MT_CP,,
PDR1820,*teḷ-,"to sift, winnow",AV_SS,PA_SO,SP_PS,PA_SW,,
PDR1821,*tel-,"to ask, request, praise",LM_AR,EM_PR,EM_PR,EM_PR,,
PDR1822,*teḷ-,"thin, fine",,SR_SS,SR_NS,SR_NS,,
PDR1823,*tenḍ-,to pull,PA_DP,MO_CA,PA_DP,PA_DP,YES,YES
PDR1824,*ter-,wrinkle; fold,MO_WW,PW_WV,PA_FO,PA_FO,,
PDR1825,*ter-[aḷ-],to coil; round,MO_RO,SR_RO,SR_RO,PA_SO,,
PDR1826,*teṟ-V-,"to cut, severe",PA_CU,PA_BK,PA_CU,PA_CU,YES,YES
PDR1827,*tē̆ḏ-,to burn (of sun),PW_BU,SP_HW,PW_BU,PW_BU,YES,YES
PDR1828,*tēg-,to belch,BP_VO,BP_BB,RB_BP,BP_VO,,YES
PDR1829,*tēj-,"to rub, wear off",PA_RU,SR_GW,PA_RU,PA_RU,YES,YES
PDR1830,*tēl-,to float,MO_FT,MO_SW,MO_FT,MO_FT,YES,YES
PDR1831,*tēḷ-,scorpion,AN_IN,AN_AN,AN_SK,AN_IN,,YES
PDR1832,*tēn-,honey; bee,FD_HO,AN_BE,AN_BE,FD_HO,,YES
PDR1833,*tēnḍ- (?),to rise,MO_RL,MO_RI,MO_RL,MO_RI,YES,
PDR1834,*tēr-,"to be clear, evident",MT_UN,SP_SE,MT_CP,SP_PS,,
PDR1835,*tēr-,to lie down; cot,SR_LI,BP_SL,BP_SL,BP_SL,,
PDR1836,*tēr-,chariot,MO_CW,PA_MA,AN_SN,MO_CW,,YES
PDR1837,*tēṟ-,1 to accomplish; to finish 2 to clear,MT_TO,EM_SU,TI_FI,MT_CP,,
PDR1838,*tig-,"to press, oush down",MO_PS,PA_PR,PA_PR,MO_PS,,YES
PDR1839,*Tigil-,teror,EM_FF,EM_AN,MK_SS,CA_SH,,
PDR1840,*tiK-,bedbug,AN_IN,AN_AN,DF_BD,DF_BD,,
PDR1841,*tim-,to smear,PA_RU,PA_SO,BP_SP,PA_RU,,YES
PDR1842,*tin-,right,SR_RI,SR_SD,EM_RI,EM_RI,,
PDR1843,*tin-,to eat,FD_EA,BP_BI,FD_EA,FD_SU,YES,
PDR1844,*tiṇ-,a k. of platform,DF_FR,PW_MH,PW_CL,MO_RL,,
PDR1845,*tiṇ-,"to strain; hard, firm",PA_PR,BP_SM,PA_SR,PA_SR,,
PDR1846,*tiŋaḷ (?),moon,PW_MO,TI_MO,PW_MO,PW_MO,YES,YES
PDR1847,*tir-i-,to tremble,MO_SH,BP_BB,MO_SH,MO_SH,YES,YES
PDR1848,*tir-[i]-,to turn,MO_TU,MO_RO,MO_TU,MO_TA,YES,
PDR1849,*tir-nd-,"correct, right",MT_TO,EM_GD,EM_RI,EM_RI,,
PDR1850,*tiṭ-,rising ground,PW_MH,PW_PF,PW_GS,MO_RI,,
PDR1851,*tiv-,"to take out, remove",PT_TA,,MO_GA,MO_GA,,
PDR1852,*tiv-/*tīg-,1 creeper 2 wire 3 thread,AV_PN,CA_TH,CA_TH,CA_TH,,
PDR1853,*tīḍ-,to whet,PA_RU,PA_SR,EM_PL,CA_WE,,
PDR1854,*tīr- (?),hair,BP_HA,BP_BO,BP_HA,BP_HA,YES,YES
PDR1855,*tīṟ-,to be finished,TI_FI,TI_EN,TI_FI,TI_FI,YES,YES
PDR1856,*tīt- (?),bird,AN_BI,BP_FE,AN_BI,AN_BI,YES,YES
PDR1857,*tjām-,tortoise,AN_AN,AN_LI,AN_SK,AN_SK,,
PDR1858,*tjī-,to burn,PW_BU,PW_FI,PW_BU,PW_BU,YES,YES
PDR1859,*tjī-,sweet,SP_ST,EM_PL,TI_NO,SP_ST,,YES
PDR1860,*tjoṭ-,beehive,AN_BE,FD_HO,AN_BE,AN_BE,YES,YES
PDR1861,*toḍ-,"to wear, put on",CA_CD,CA_CC,CA_CD,CA_CD,YES,YES
PDR1862,*toḍ-,lip,BP_LI,BP_MO,BP_LI,BP_LI,YES,YES
PDR1863,*toḍ-,to begin; to get ready,TI_BB,EM_DA,TI_BB,TI_BB,YES,YES
PDR1864,*toḏ- (?),feather,BP_FE,AN_BI,BP_FE,BP_FE,YES,YES
PDR1865,*toɣar-,dhal,FD_VE,FD_BN,PW_ST,AN_WE,,
PDR1866,*tok-,"bark, rind",BP_SH,AV_PN,AN_BU,CA_FU,,
PDR1867,*tol-,"to remove; to depart; to die, perish",MO_GA,BP_DD,MO_GA,MO_GA,YES,YES
PDR1868,*tol-,formerly; early; tomorrow,TI_EA,PW_RA,TI_TM,TI_OL,,
PDR1869,*toḷ-,"to pierce, bore",PA_BR,SR_HL,PA_BR,PA_CV,YES,
PDR1870,*toḷ-,to spill; to flow,MO_FL,PW_RA,MO_FL,PA_PO,YES,
PDR1871,*toḷ-pad-,nine,QN_NN,QN_QN,QN_NN,QN_TH,YES,
PDR1872,*tonḍ-,throat,BP_TR,BP_NK,BP_TR,BP_TR,YES,YES
PDR1873,*tonḍ-,beak; trunk,AN_BI,BP_NO,AN_BI,BP_FE,YES,
PDR1874,*Tonḍ-,creeper,AV_PN,AV_VI,MO_CC,MO_CC,,
PDR1875,*tondar-,trouble,EM_AN,EM_PS,TI_HR,SO_SQ,,
PDR1876,*toŋ-,to hang,MO_FA,PA_DP,TI_FI,CA_WE,,
PDR1877,"*tor-, *dor-","to push, shove",MO_PS,PA_SH,MO_PS,MO_PS,YES,YES
PDR1878,*toṟ-,kine,AN_CO,AN_CB,PW_MU,AN_CO,,YES
PDR1879,*toT-,to stammer,LM_ST,BP_TG,PA_SO,EM_GR,,
PDR1880,*toṬ-,to touch,SP_TV,SR_JU,SP_TV,SP_TV,YES,YES
PDR1881,*toṭ-i,trough,FD_PO,DF_FR,TI_SP,MO_SI,,
PDR1882,*toṭil-,cradle,DF_BD,DF_FR,MK_IN,MK_IN,,
PDR1883,*toẓ-,"to tread on, kick",PA_SH,MO_PS,MO_RU,MO_WA,,
PDR1884,*toẓ-,work,PA_WS,SO_NT,TI_FI,PA_WS,,YES
PDR1885,*toẓ-,to worship,RB_WO,SO_OB,RB_WO,RB_WO,YES,YES
PDR1886,*tō-,to bathe; to be wet,PA_WA,BP_SW,CA_TW,PA_WA,,YES
PDR1887,*tōɣ-,"to kick, stamp",PA_SH,MO_PS,PA_SH,PA_SH,YES,YES
PDR1888,*tōɣ-,a k. of ficus,AV_TR,FD_FR,FD_FI,FD_FI,,
PDR1889,*tōk-,tail,BP_TA,MO_FA,BP_TA,BP_TA,YES,YES
PDR1890,*tōl,"skin, hide",BP_SH,CA_LE,BP_SH,BP_SH,YES,YES
PDR1891,*tōl-,egg,BP_EG,QN_PR,BP_EG,BP_EG,YES,YES
PDR1892,*tōḷ-,"shoulder, arm",BP_SD,BP_AR,BP_SD,BP_SD,YES,YES
PDR1893,*tōnḍ-,"to bale out, draw (water); to dig",MO_RL,PA_CU,AV_DI,PA_DP,,
PDR1894,*tōnḍl-,"wolf, jackal",AN_WO,AN_AN,AN_WO,AN_WO,YES,YES
PDR1895,*tōnḏ-,"to appear, be",SP_SE,MT_BE,MT_SE,MT_SE,,
PDR1896,*tōp-,"grove, garden",PW_WF,AV_GA,AV_GA,AV_GA,,
PDR1897,*tōr-,"large, stout, mature",SR_XL,SR_GW,FD_BB,AN_SN,,
PDR1898,*tōr-,to flow; blood,MO_FL,PW_RS,MO_FL,MO_FL,YES,YES
PDR1899,*tōṟ-,"bushes, shrubbery",PW_WF,AV_PN,AV_PN,AV_BI,,
PDR1900,*tōẓ-,"1 friend; younger brother 2 assistance, help",SO_FR,SO_CM,SO_HA,SO_FR,,YES
PDR1901,*tōẓ-,"stable, stall",AN_ST,DF_HS,AN_ST,AN_ST,YES,YES
PDR1902,*tUḍ-,thigh,BP_LE,BP_AR,BP_LE,BP_LE,YES,YES
PDR1903,*tùd-,"point, edge",SR_PO,SR_EN,SR_ED,SR_ED,,
PDR1904,*tuḍ-,to wipe,PA_RU,PA_WA,PA_WA,PA_WA,,
PDR1905,*tuḏ-,to leave,SR_LE,PT_RS,MO_GA,MO_GA,,
PDR1906,*tuḏ-,to block up,PA_SH,SR_CO,LM_RF,MO_PS,,
PDR1907,*tuḏ-,pig,AN_PI,AN_SW,AN_PI,AN_PI,YES,YES
PDR1908,*tUḷ-,to wash,PA_WA,FD_CO,PA_WA,PA_WA,YES,YES
PDR1909,*tuḷ-,to jump,MO_JL,MO_RO,MO_JL,MO_JL,YES,YES
PDR1910,*tuḷ-,to shine,SP_SH,PW_LG,EM_GL,SP_SH,,YES
PDR1911,*Tuḷ-,"to shake, tremble",MO_SH,MO_BO,MO_SH,MO_SH,YES,YES
PDR1912,*tuḷas-,sacred basil,AV_PN,FD_VE,RB_HS,AV_PN,,YES
PDR1913,*tum-,ebony,AV_TR,PW_WD,SP_BK,AV_BE,,
PDR1914,*tum-,quail,AN_BI,AN_AN,AN_BI,AN_BI,YES,YES
PDR1915,*tum-,to sneeze,BP_SN,BP_CO,BP_SN,BP_SN,YES,YES
PDR1916,*tum-,"to be cut off, piece",PA_CU,QN_PR,PA_CU,PA_CU,YES,YES
PDR1917,*tumb-,"bee, beetle",AN_BE,AN_IN,AN_BE,AN_BE,YES,YES
PDR1918,*tumb-,a k. of tree,AV_TR,AV_PN,PW_TR,AV_TR,,YES
PDR1919,*tumb- (?),crowd,QN_MC,SO_PP,QN_MC,QN_MC,YES,YES
PDR1920,*tunḍ-,piece (of cloth),QN_PR,PA_CU,CA_CL,CA_CL,,
PDR1921,*tund-,"to pour, spill",PA_PO,MO_FL,PA_PO,PA_PO,YES,YES
PDR1922,*tunṭ-,a wicked person,EM_BD,EM_AG,RB_WS,MK_HB,,
PDR1923,*tuŋ-,a k. of grass,AV_GR,AV_PN,AV_GR,AV_GR,YES,YES
PDR1924,*tup-,to spit,BP_SP,BP_BB,BP_SP,BP_SP,YES,YES
PDR1925,*tur-,"rust, verdigris",PA_IR,PA_GO,WH_SW,CA_JW,,
PDR1926,*turŋ-,1 to hang 2 to swing 3 to sleep,BP_SL,MO_SH,BP_SL,BP_SL,YES,YES
PDR1927,*tuṟ-[k-],"weed; rubbish, refuse",AV_GG,FD_VE,LM_RF,FD_PO,,
PDR1928,*tuv- (*-o-),"to dip, soak",PA_WA,FD_BO,FD_SL,PA_WA,,YES
PDR1929,*tūḏ-,"to pierce, penetrate",PA_CU,PA_BR,WH_SP,PA_CV,,
PDR1930,*TūK-,earth,PW_GS,PW_DU,PW_EL,PW_GS,,YES
PDR1931,*tūḷ-,to run away,MO_GO,MO_RU,MO_RU,MO_FE,,
PDR1932,*tūm-,tube,PA_TO,DF_DG,AN_BA,MO_CW,,
PDR1933,*tūṇ-,to cut; slice,PA_CU,PA_TE,FD_KN,PA_CU,,YES
PDR1934,*tūṟ-,to pierce; to dig out,PA_BR,PA_CU,BP_NA,PA_CV,,
PDR1935,*tū[v]-,feather,BP_FE,AN_BI,BP_FE,BP_FE,YES,YES
PDR1936,*ṭaɣ-,mango stone,FD_FR,AV_PN,FD_PC,PW_SR,,
PDR1937,*ṭeŋ-,coconut,AV_TR,FD_FR,FD_PR,FD_NT,,
PDR1938,*ṭēk-,teak tree,AV_TR,PW_WD,AV_LE,AV_TR,,YES
PDR1939,*ṭoŋ-,knee (?),BP_KN,BP_EL,BP_KN,BP_KN,YES,YES
PDR1940,*ubb- (? *urb-),"to swell, bloat, boil",MO_BO,SR_GW,FD_BO,FD_BO,,
PDR1941,*uc-i,crown of head,BP_HE,SR_TO,BP_FO,CA_HC,,
PDR1942,*Ud-,"to give, give a hand; to aid",PT_GI,SO_HA,SO_HA,BP_HN,,
PDR1943,*Ùḍ-,wealth; possession,PT_WR,PT_PY,PT_WR,PT_WR,YES,YES
PDR1944,*uḍ-,"to wear, put on",CA_CD,CA_CC,CA_CD,CA_CD,YES,YES
PDR1945,*uḍ-,to boil; hot,FD_BO,FD_CO,FD_BO,FD_BO,YES,YES
PDR1946,*ud-,"match, pair?",,SO_CM,PW_MT,PW_MT,,
PDR1947,*ud-aṟ-,to shake,MO_SH,MO_TH,MO_SH,MO_SH,YES,YES
PDR1948,*udd- (?),long,SR_LG,SR_SZ,TI_LS,SR_LG,,YES
PDR1949,*ùḍ-[u-],iguana,AN_AN,AN_SK,AN_SK,AN_SK,,
PDR1950,*uḏ-,to butt; to crush,PA_SH,AN_BU,AN_AD,AN_AD,,
PDR1951,*uḏ-,"1 to happen 2 to fit, agree with",MO_MO,SR_RM,TI_MS,SR_RM,,
PDR1952,*uḏ-/*uṯ-,network,PA_BA,PA_RC,SO_NE,PA_RC,,
PDR1953,*ug-,to shed (hair),MO_FL,PA_SO,BP_HA,BP_HA,,
PDR1954,*Ul-,"to move, shake",MO_SH,MO_TU,MO_SH,MO_SH,YES,YES
PDR1955,*uḷ-,snipe,AN_BI,AN_AN,AN_SO,AN_BI,,YES
PDR1956,*ul- (*o-),pestle,FD_KD,PA_TO,AN_IN,FD_CB,,
PDR1957,*Ular- (?),dry,SP_DR,TI_OL,PA_WA,SP_DR,,YES
PDR1958,*ùḷ-i,chisel,PA_CS,PA_TO,PA_CS,PA_CS,YES,YES
PDR1959,*uḷ-i,onion; garlic,FD_ON,FD_VE,FD_ON,FD_ON,YES,YES
PDR1960,*ùḷo-,inside,SR_MI,DF_HS,DF_RO,DF_RO,,
PDR1961,*uḷ-[u-]/[d-],to be,BP_LL,PT_HA,TI_FI,MT_SE,,
PDR1962,*uḷum-/*uḷuŋ-,tick,AN_IN,AN_AN,AN_GS,AN_MU,,
PDR1963,*um-,to spit,BP_SP,MO_FL,BP_SP,BP_SP,YES,YES
PDR1964,*um(b)-,"insect, mosquito",AN_IN,AN_BI,AN_IN,AN_IN,YES,YES
PDR1965,*umbḷ-,urine; to urinate,BP_UU,FD_DR,BP_UU,BP_UU,YES,YES
PDR1966,*um-[Vk-],"husk, chaff",FD_MF,AV_CH,AN_AD,AV_PL,,
PDR1967,*un-,to think,MT_TR,MT_TO,MT_BE,MT_KN,,
PDR1968,*uṇ-,1 to drink 2 to eat,FD_EA,FD_DR,FD_EA,FD_SU,YES,
PDR1969,*unḍ-,1 round 2 wheel,SR_RO,MO_WH,MO_WH,MO_WH,,
PDR1970,*unḏ- (?),to sit,SR_SI,SR_ST,SR_SI,SR_SI,YES,YES
PDR1971,*ur-,to burn,PW_BU,EM_AG,PW_BU,PW_BU,YES,YES
PDR1972,*ur-,"noose, knot",PA_KN,PA_BO,PA_KN,PA_KN,YES,YES
PDR1973,*ur-,to rub,PA_RU,PA_MA,PA_RU,PA_RU,YES,YES
PDR1974,*Ùral-,mortar,PA_MO,FD_CO,PA_MO,PA_MO,YES,YES
PDR1975,*ur-c-,to pierce,PA_BR,MO_EN,FD_KN,PA_CV,,
PDR1976,*ur-[c-],to urinate,BP_UU,BP_ED,BP_UU,BP_UU,YES,YES
PDR1977,"*ur-, *ur-av-","shape, form, beauty",SR_FS,EM_BF,BP_FA,PA_MD,,
PDR1978,*ur-ug-,"to dissolve, melt; steel",MO_FL,SP_SM,PA_IR,PA_SP,,
PDR1979,*urVḷ-,to roll,MO_RO,SR_RO,MO_RO,MO_RO,YES,YES
PDR1980,*uṟ-,to jump; to run away,MO_JL,MO_DA,MO_JL,MO_JL,YES,YES
PDR1981,*uṟ-,"to throw, fling",MO_TH,PA_SH,MO_TH,MO_TH,YES,YES
PDR1982,*Uṟ- (*-ḏ-),sheath,PA_MA,DF_FR,CA_LE,WH_SW,,
PDR1983,*uṟ- (*-ḏ-),"numerous, abundant",QN_MM,QN_MC,QN_MM,QN_MM,YES,YES
PDR1984,*uṟum-,thunder,PW_TH,PW_LT,PW_TH,PW_TH,YES,YES
PDR1985,*uS-,to husk,PA_SH,FD_GR,EM_PL,AV_PL,,
PDR1986,*uS-,life; to live,BP_LL,BP_BB,BP_LL,BP_LL,YES,YES
PDR1987,*uS-,to wipe; to wash,PA_WA,PA_RU,PA_WA,PA_WA,YES,YES
PDR1988,*uSir-,gooseberry,FD_FR,AV_TR,AN_GS,FD_BY,,
PDR1989,*uẓ-,to comb; to rub,CA_CB,PA_RU,CA_CB,CA_CB,YES,YES
PDR1990,*uẓ-,to plough,AV_PL,AV_CT,AV_PL,AV_PL,YES,YES
PDR1991,*uẓ- (*ū-),1 to fall off; to undress 2 to strip off (bark),MO_FA,PA_SP,CA_CR,MO_DR,,
PDR1992,*uẓund-,black gram,FD_BN,FD_VE,SP_BK,SP_BK,,
PDR1993,*uẓ-up-,deer,AN_DE,AN_AN,AN_DE,AN_DE,YES,YES
PDR1994,*uẓuv-,tiger,AN_LN,AN_WO,AN_LN,AN_LN,YES,YES
PDR1995,*uǯ-,truth,EM_TE,MT_SN,EM_TE,EM_TE,YES,YES
PDR1996,*ū-,that (intermediate),SR_PL,SR_MI,TI_FI,SP_LI,,
PDR1997,*ū-,"flesh, meat",BP_FL,FD_ME,FD_ME,FD_ME,,
PDR1998,*ūk-,to put forth effort; to endeavour,PA_WV,BP_SM,PA_WV,PA_WV,YES,YES
PDR1999,*ūḷ-,to howl,LM_VC,LM_SC,AN_HU,EM_GR,,
PDR2000,*ūm-,"to swim, fly",MO_SW,MO_FY,MO_SW,MO_SW,YES,YES
PDR2001,*ūm,dumbness,MT_FS,EM_BD,MT_FS,MT_FS,YES,YES
PDR2002,*ū(n)d-,to blow,MO_BL,PA_BU,MO_BL,MO_BL,YES,YES
PDR2003,*ūnḏ-,"to plant, fix",AV_SS,,AV_MR,AV_RO,,
PDR2004,*ūnǯ- (*-nc-),"lean, withered; to dry up",,,PA_WA,BP_WE,,
PDR2005,*ūr-,to wash (face),PA_WA,BP_SH,PA_WA,PA_WA,YES,YES
PDR2006,*ūr-,to blow,MO_BL,PA_BU,MO_BL,MO_BL,YES,YES
PDR2007,*ūr-,village,SO_CI,SR_PL,SO_CI,SO_CI,YES,YES
PDR2008,*ū̆r-,"to rise, boil over, swell",MO_RI,MO_BO,FD_BO,FD_BO,,
PDR2009,*ū̆r- (*-ḏ-),"to leak, ooze",MO_FL,PW_WA,CA_OI,PA_PO,,
PDR2010,*ūs-[c-],to spit,BP_SP,BP_MO,BP_SP,BP_SP,YES,YES
PDR2011,"*ūs-, *ūs-ŋ-",to swing,MO_SH,MO_TU,MO_TH,MO_JL,,
PDR2012,*ūẓ-,"to sweep up, heap up",PA_SW,PA_CU,PA_SW,PA_SW,YES,YES
PDR2013,*ūẓ-i-,service; to serve,PA_WS,SO_ST,SO_ST,SO_ST,,
PDR2014,*vaḍ-,"1 to fade, diminish 2 to dry up",,SP_DR,SP_WD,SP_DR,,
PDR2015,*vàḍ-,north,SR_NO,PW_SK,SR_NO,SR_NO,YES,YES
PDR2016,*vadaṟ-,"to chatter, prattle",LM_ST,LM_SC,LM_ST,LM_ST,YES,YES
PDR2017,*vaḍḍ-,to flow; to pour; to strain,MO_FL,PW_RS,PA_PO,MO_FL,,YES
PDR2018,*vaḍ[i]- (*b-),"form, shape, beauty",SR_FS,EM_BF,BP_FA,PA_MD,,
PDR2019,*vaḏ-,to fry,FD_RF,FD_CO,FD_RF,FD_RF,YES,YES
PDR2020,*vaḏ-/*vaṯ-,to dry; to wither,SP_DR,,PA_WA,SP_WD,,
PDR2021,*vag-,to think,MT_TR,MT_UN,MT_BE,MT_KN,,
PDR2022,*vagg-,a k. of fish,AN_FI,FD_ME,AN_FI,AN_FI,YES,YES
PDR2023,*vagg-/*vaŋ-,to bend,PA_BN,MO_FA,PA_BN,PA_BN,YES,YES
PDR2024,*vai-,"1 to put, place 2 to bear",SR_PU,MO_CA,AN_BR,SR_PU,,YES
PDR2025,*vai-[ɣ-],dawn,TI_DW,TI_BB,TI_DW,TI_DW,YES,YES
PDR2026,*vaj-,straw [of paddy],AV_GR,FD_FD,FD_SP,AV_HY,,
PDR2027,*va(j)-,"desire, longing",EM_DE,EM_WW,EM_DE,EM_DE,YES,YES
PDR2028,*vaj-,to snatch away,PT_TA,PA_DP,PT_ST,PT_SG,,
PDR2029,*vaj-,to revile,LM_ST,EM_AG,MO_TU,PT_RE,,
PDR2030,*vajndeṟ-,"tongue, palate",BP_TG,BP_MO,BP_TG,BP_TG,YES,YES
PDR2031,*vajt-,finger ring,CA_FR,CA_AD,CA_FR,CA_FR,YES,YES
PDR2032,*vaK-,"division; kind; manner, mode",SR_DI,PA_CU,QN_CW,SR_DI,,YES
PDR2033,*vàl-,net,PA_BA,AN_HU,MT_MI,AN_FM,,
PDR2034,*val-,"big; much, very",SR_XL,BP_SM,QN_MM,SR_XL,,YES
PDR2035,*val-,tired; attenuate,BP_WE,EM_PS,BP_SL,EM_SA,,
PDR2036,*vaḷ-,to cut; to be sharp,PA_CU,SP_SP,PA_CU,PA_CU,YES,YES
PDR2037,*val- (?),stone,PW_SR,PA_TO,PW_SR,PW_SR,YES,YES
PDR2038,*vaḷ-ai-,to turn; to surround,MO_TU,MO_RO,MO_TA,MO_TA,,
PDR2039,*vaḷ-i,creeper,AV_PN,AV_VI,MO_CC,MO_CC,,
PDR2040,*vàḷi-,wind,PW_WI,PW_AI,PW_WI,PW_WI,YES,YES
PDR2041,*valṯ-,paddy,AV_GG,FD_FD,FD_PT,FD_DI,,
PDR2042,*vaṇ-,to tremble,MO_SH,BP_BB,MO_SH,MO_SH,YES,YES
PDR2043,*van- (?),elder brother's wife,MK_BL,MK_RE,MK_SW,MK_SW,,
PDR2044,*vanḍ-,"mud, dirt",PW_MU,PW_GS,PW_MU,PW_MU,YES,YES
PDR2045,*vanḏ-,to cook,FD_CO,FD_BO,FD_CO,FD_CO,YES,YES
PDR2046,*van-i,a k. of prickly tree,AV_TR,AV_PN,PW_TR,AV_TR,,YES
PDR2047,*vans-,1 intestines 2 stomach,BP_BS,BP_WO,BP_BS,BP_BS,YES,YES
PDR2048,*vaŋ- (?),calf of leg,BP_LE,BP_KN,AN_CF,BP_LE,,YES
PDR2049,*vaŋk-,hook; a k. of curved ornament,SR_HK,PA_TO,SR_HK,CA_PI,YES,
PDR2050,*va(ŋ)k-,"stork, crane",AN_BI,AN_AN,AN_BA,AN_CK,,
PDR2051,*vaŋk-,rat hole,SR_HL,PW_WA,AN_MO,SR_HL,,YES
PDR2052,*var-,paddy,AV_RI,FD_VE,FD_PT,AV_GG,,
PDR2053,*var-,boundary; ridge,SR_ED,AV_FC,SR_ED,PW_SH,YES,
PDR2054,*var-a-,"to scratch, write",LM_WE,PA_CV,LM_WE,PA_CV,YES,
PDR2055,*var-ai,mountain; steep slope,PW_MH,SR_XL,PW_MH,PW_MH,YES,YES
PDR2056,*vaṟ-,flood,PW_RA,PW_WV,PW_RS,PW_RA,,YES
PDR2057,*vas-,sharp,SP_SP,SR_FS,SP_SP,SP_SP,YES,YES
PDR2058,*vaṭ-,unmarried,MK_WD,BP_WE,MK_MR,MK_MR,,
PDR2059,*vaṭ-i,belly; rupture,BP_BS,BP_BO,BP_BS,BP_BS,YES,YES
PDR2060,*vaẓ-,road,MO_RA,SR_PL,MO_RA,MO_RA,YES,YES
PDR2061,*vaẓ-,to scrape; to wipe,PA_RU,PA_CU,PA_WA,PA_SW,,
PDR2062,*vaẓ-,to act; action; manner; movement,MO_MO,PA_WS,MO_MO,PA_MA,YES,
PDR2063,*vaẓ-,to flow,MO_FL,PW_RS,MO_FL,MO_FL,YES,YES
PDR2064,*vaẓdaŋ-,brinjal,FD_VE,AV_PN,AV_FO,FD_ON,,
PDR2065,*vaẓt-,a snare,PT_ST,WH_WA,BP_SP,AN_SK,,
PDR2066,*vāḍ-,to shrivel,SR_GW,SP_DR,AN_CA,PA_TE,,
PDR2067,*vāḍ-,scent; to smell,SP_SB,SP_VS,SP_GS,SP_GS,,
PDR2068,*vāḍ-,"habit; to use, employ",SO_CU,MT_IP,PT_HR,TI_OF,,
PDR2069,*vāḍ- (?),"flesh, roast meat",FD_ME,FD_RF,FD_ME,FD_RF,YES,
PDR2070,*vāɣil,1 outside 2 door,DF_DG,SR_PL,DF_DG,DF_DG,YES,YES
PDR2071,*vāj-,field,AV_FC,PW_PF,PW_PF,PW_PF,,
PDR2072,*vāj,mouth; edge,BP_MO,SR_ED,BP_MO,BP_MO,YES,YES
PDR2073,*vāj-,to swell,SR_GW,MO_BO,BP_BI,PA_SR,,
PDR2074,*vāl-,to perch,MO_FY,MO_JL,AN_BI,MO_JL,,
PDR2075,*vāḷ-,to peel; to slice,PA_CU,PA_RU,FD_KN,PA_CU,,YES
PDR2076,*vāḷ-,a k. of fish,AN_FI,FD_FD,AN_FI,AN_FI,YES,YES
PDR2077,*vāḷ-,sword,WH_SW,PA_KF,WH_SW,WH_SW,YES,YES
PDR2078,*vāl- (?),yellow,SP_YL,SP_CO,SP_YL,SP_YL,YES,YES
PDR2079,*vān-,1 sky 2 rain,PW_SK,PW_RA,PW_RA,PW_RA,,
PDR2080,*vān-,to make smth.,PA_MA,PA_WV,PA_SI,FD_CO,,
PDR2081,*vāŋ-,to leak; to pour,MO_FL,PW_RS,PA_PO,PA_PO,,
PDR2082,*vāpal-,bat,AN_BI,AN_AN,FD_PJ,AN_FL,,
PDR2083,*vā-[r]-,to come,MO_CO,MO_GO,TI_FI,TI_SI,,
PDR2084,*vār-,to flow; to strain,MO_FL,PW_RS,MO_FL,MO_FL,YES,YES
PDR2085,*vār-,"to split, cut open",PA_SP,PA_CU,PA_SP,PA_CU,YES,
PDR2086,*vār-,a sum of money,PT_MO,PT_WA,QN_QN,PT_MO,,YES
PDR2087,*vār-,to scoop,PA_SH,PT_SG,BP_SP,FD_KD,,
PDR2088,"*vār-, *vār-nd-",to suffer; pain,EM_PS,EM_GS,EM_PS,EM_PS,YES,YES
PDR2089,*ved-,to search,PT_SE,MT_TR,PT_FI,PT_SE,,YES
PDR2090,*veḍ-,to shine; clear,PW_LG,SP_SH,MT_CP,SP_SH,,
PDR2091,*veḍ-[aŋ-] (?),beauty,EM_BF,SP_BR,EM_BF,EM_BF,YES,YES
PDR2092,*vedir,bamboo,AV_PN,AV_TR,AN_MK,AV_TR,,
PDR2093,*veḏ- / *ver- (?),to fear,EM_FF,EM_AN,EM_FF,EM_FF,YES,YES
PDR2094,*veḏag-,firewood,PW_WD,PW_FI,PW_WD,PW_WD,YES,YES
PDR2095,*vej-,to hit (with a throwing motion),PA_SH,MO_TH,MO_TH,PA_SH,,YES
PDR2096,*vejṟ- (?),"empty, alone",QN_EM,QN_AO,QN_EM,QN_EM,YES,YES
PDR2097,*vek-,to hiccough,BP_YG,BP_CO,TI_MS,EM_GR,,
PDR2098,*veḷ-,to lie on one's back,SR_LI,MO_FA,EM_LI,SR_LI,,YES
PDR2099,*veḷ-,"to go out, expel; outside",MO_GA,SR_OP,MO_EN,MO_GA,,YES
PDR2100,*veḷ-,white,SP_WH,PW_LG,SP_WH,SP_WH,YES,YES
PDR2101,*veḷ-,flood,PW_WA,PW_RS,PW_RS,PW_RS,,
PDR2102,*veḷ-,wood apple,FD_FR,AV_TR,FD_AP,FD_AP,,
PDR2103,*veḷ-,"to be ashamed, afraid",EM_SH,EM_FF,EM_SH,EM_SH,YES,YES
PDR2104,*velg-,fence,PA_BU,DF_WL,DF_YR,AN_PS,,
PDR2105,*vel-V́k- (?),thin strip of bamboo,PA_BA,AV_PN,PW_WD,SR_NS,,
PDR2106,*ven-,to hear,SP_HE,SP_LI,SP_HE,SP_HE,YES,YES
PDR2107,*venḍ-,to return; again,MO_GO,MO_TU,PT_GB,PT_GB,,
PDR2108,*venḍ- (?),hair,BP_HA,BP_BO,BP_HA,BP_HA,YES,YES
PDR2109,*ve[ń]s-,to thatch,DF_RF,PA_CO,TI_LS,DF_RF,,YES
PDR2110,*veraḻ-,finger,BP_FI,BP_TE,BP_FI,BP_FI,YES,YES
PDR2111,*verin-,back,BP_BA,SR_BO,BP_BA,BP_BA,YES,YES
PDR2112,*verl-,large tree root,AV_RO,AV_TR,AV_RO,AV_TR,YES,
PDR2113,*verVg-,wild cat,AN_CT,AN_AN,AN_CT,AN_CT,YES,YES
PDR2114,*veṟ-,mad,MT_IM,EM_AG,EM_AG,EM_AG,,
PDR2115,*veṟ- (*-ḏ-),"to hate, detest",EM_HT,EM_AG,EM_HT,EM_HT,YES,YES
PDR2116,*veṯ-,betel pepper,FD_VE,AV_PN,FD_PP,FD_PP,,
PDR2117,*veṭ-,1 mountain 2 shore,PW_MH,PW_SH,PW_SH,PW_MH,,YES
PDR2118,*veṭ-,"hot, heat",SP_HW,PW_FI,SP_HW,SP_HW,YES,YES
PDR2119,*veṭ-,to cut,PA_CU,PA_SH,PA_CU,PA_CU,YES,YES
PDR2120,*vē-,to be hot,PW_BU,SP_HW,EM_DE,EM_DE,,
PDR2121,*vēɣ- (*b-),"to spy, peep",SP_LO,MT_TR,BP_UU,SP_LO,,YES
PDR2122,*vēḷ-,to sacrifice,RB_SO,RB_WO,RB_SO,RB_SO,YES,YES
PDR2123,*vēḷ-,"throat, neck",BP_TR,BP_NK,BP_NK,BP_TR,,YES
PDR2124,*vēḷ-,petty chief,SO_KK,SO_NO,WH_AD,WH_AD,,
PDR2125,*vēl-,"dart, spear",WH_SP,WH_WA,WH_SP,WH_SP,YES,YES
PDR2126,*vēl-ai,work,PA_WS,PA_WV,TI_FI,PA_WS,,YES
PDR2127,*vēḷai,a k. of herb (black vailay),FD_VE,AV_PN,AV_PN,AV_PN,,
PDR2128,*vēlẓ- (?),to desire (physically),EM_DE,EM_WW,EM_DE,EM_DE,YES,YES
PDR2129,*vēmp-,the neem tree,AV_TR,FD_VE,AV_TR,AV_TR,YES,YES
PDR2130,*vēnd-,king; god,SO_KK,RB_GD,SO_KK,SO_KK,YES,YES
PDR2131,*vēnḍ-,"to want, desire",EM_WW,EM_DE,EM_DE,EM_DE,,
PDR2132,*vē[ń]s-,to wear (a piece of cloth),CA_CD,CA_CC,CA_CD,CA_CD,YES,YES
PDR2133,*vēnṭ-,to hunt,AN_HU,WH_FI,AN_HU,AN_HU,YES,YES
PDR2134,*vēnǯ-,to unpack,PA_DP,MO_EN,MO_FE,MO_CA,,
PDR2135,*vēŋ-,"tiger, leopard",AN_BR,AN_AN,AN_LN,AN_LN,,
PDR2136,*vēŋ-,a k. of tree (Pterocarpus marsupium),AV_TR,PW_WD,AV_TR,AV_TR,YES,YES
PDR2137,*vēs-,weariness,EM_PS,EM_AN,CA_FE,EM_GS,,
PDR2138,*vēṯ-/*vēḏ-,to separate,SR_SE,SR_DI,PA_SP,SR_SE,,YES
PDR2139,*vid-,"to expand, open; to flap",SR_OP,AV_FL,SR_OP,PA_SR,YES,
PDR2140,*vìd-,"desire, lust; rutting",EM_DE,,EM_DE,EM_DE,YES,YES
PDR2141,*viḍ- (*-e-),"to open, burst, crack",PA_BK,PA_SP,PA_BK,PA_TE,YES,
PDR2142,*vid-[aḻ-],"to scatter, disperse",PA_SO,MO_FL,PW_DU,PA_SO,,YES
PDR2143,*viḍ[i]-,to leave,SR_LE,PT_RS,MO_GA,MO_GA,,
PDR2144,*vig-,tight,PA_BI,SP_HA,CA_TR,PA_SR,,
PDR2145,*vig- (?),"surprise, amazement",EM_SU,EM_WA,EM_SU,EM_WA,YES,
PDR2146,*vil-,to sell,PT_SL,PT_TD,PT_SL,PT_SL,YES,YES
PDR2147,*viḷ-,"to split, crack",PA_SP,PA_BK,PA_SP,PA_TE,YES,
PDR2148,*vIḷ-aj-,to thrive; to grow,SR_GW,AV_CH,AV_CT,AV_SS,,
PDR2149,*vil1,bow,WH_BW,PA_TO,WH_BW,WH_BW,YES,YES
PDR2150,*viṇ,sky,PW_SK,PW_CL,PW_SK,PW_SK,YES,YES
PDR2151,*viṇ-,"to swell; stout, heavy",SR_XL,MO_RI,FD_BB,PA_SR,,
PDR2152,*vir-,to collapse; to be loosened,SR_OP,MO_RI,PA_FO,PA_FO,,
PDR2153,*vir-,a k. of tree (sebesten),AV_TR,PW_WD,AV_TR,AV_TR,YES,YES
PDR2154,*vir-,to beg for,EM_DE,LM_AR,PT_BG,EM_PL,,
PDR2155,*vir-nd-,feast; entertainment,FD_AM,SO_GU,FD_SR,FD_AM,,YES
PDR2156,*virs-,to thresh,AV_TH,PA_SH,AV_TH,AV_TH,YES,YES
PDR2157,*viṟ- (*-ḏ-),"bewildered, surprised",EM_WA,MT_DB,EM_SU,EM_WA,,YES
PDR2158,*vis-,to cook; to heat on the sun,FD_CO,PW_BU,FD_RF,FD_CO,,YES
PDR2159,*viS-,"1 all 2 big, great",SR_XL,QN_MM,QN_WH,SR_XL,,YES
PDR2160,*vistar-,leaf plate,FD_PL,AV_LE,FD_PL,AV_LE,YES,
PDR2161,*viẓ(i)-,to fall,MO_FA,BP_DD,MO_FA,MO_FA,YES,YES
PDR2162,*vī-,to throw; to blow,MO_TH,PA_SH,MO_TH,MO_TH,YES,YES
PDR2163,*vī-,"to die; to pass, go away",BP_DD,MO_GA,BP_DD,BP_DD,YES,YES
PDR2164,*vīc-,one sixteenth,QN_NN,PT_MO,TI_MS,QN_HA,,
PDR2165,*vīŋ-,to stand up; to grow,SR_ST,SR_XL,EM_GL,SR_ST,,YES
PDR2166,*vī̆ṟ- (*-ḏ-),"to grow, overflow; proud, arrogant",SR_GW,MO_RI,EM_PD,SR_GW,,YES
PDR2167,*vī̆t-,to sow,AV_SS,AV_CT,AN_SO,AV_SS,,YES
PDR2168,*vīẓ-,to sell,PT_SL,PT_GO,PT_SL,PT_SL,YES,YES
PDR2169,*źaḷ-,pangolin,AN_AN,AN_IN,AN_CN,AN_LN,,
PDR2170,*zaŋk-,to scold; to fear,LM_ST,EM_AG,EM_FF,SO_CO,,
PDR2171,*zēṟ-,a k. of snake (dhaman),AN_SK,AN_AN,AN_SK,AN_SK,YES,YES
PDR2172,*zol-,1 to speak 2 to order,LM_ST,SO_CR,SO_CR,SO_CR,,
PDR2173,*zoḷ-,decayed; empty,BP_WE,SP_DR,QN_EM,BP_DD,,
PDR2174,*zōk-,to wash,PA_WA,CA_SA,PA_WA,PA_WA,YES,YES
PDR2175,*zōl-,"to shake, swing, oscillate",MO_SH,MO_TU,MO_SH,MO_SH,YES,YES
PDR2176,*zōmb-,"drowsy, lazy, idle; swoon",EM_EF,BP_SL,EM_UG,SP_DR,,
PDR2177,*ʒak-,"to deride, jeer",LM_SY,EM_AG,PT_MS,RB_CU,,
PDR2178,*ʒal-,"to sift, sieve",PA_MA,PA_TO,QN_PR,SP_PS,,
PDR2179,*ʒaŋ-,"step, stride",MO_WA,SR_MS,MO_WA,MO_WA,YES,YES
PDR2180,*ʒēg- (?),far,SR_FR,SR_SZ,SR_FR,SR_FR,YES,YES
PDR2181,*ǯabb-,"weak, ill",BP_WE,BP_SS,BP_WE,BP_WE,YES,YES
PDR2182,*ǯabb-,shoulder blade,BP_SD,BP_BA,BP_SD,BP_SD,YES,YES
PDR2183,*ǯaḍḍ-,blockhead,MT_FS,BP_WE,BP_FO,BP_HE,,
PDR2184,*ǯaḍ-i-,to fear; to frighten,EM_FF,LM_TH,EM_FF,EM_FF,YES,YES
PDR2185,*ǯak- (?),to pierce,PA_CU,PA_SH,FD_KN,PA_CV,,
PDR2186,*ǯal-,"1 to strain, sprinkle 2 spring",PW_RA,PA_PO,PA_BN,PA_SO,,
PDR2187,*ǯal-,broken stone,PW_SR,PW_SA,PW_SR,PW_SR,YES,YES
PDR2188,*ǯal-,spring; to leak,PW_SW,PW_WA,PW_SW,TI_SP,YES,
PDR2189,*ǯamb-,elephant grass,AV_GR,PW_WF,AN_EL,AV_GR,,YES
PDR2190,*ǯaŋ- (?),moon,PW_MO,PW_SK,PW_MO,PW_MO,YES,YES
PDR2191,*ǯar-,"to slip, fall",MO_FA,MO_SS,MO_SS,MO_SS,,
PDR2192,*ǯav-,"swampy, shaky, soft",PW_MU,BP_WE,PW_SA,SP_WD,,
PDR2193,*ǯavaḷ-i,a k. of cloth,CA_CL,CA_CD,CA_CL,CA_CL,YES,YES
PDR2194,*ǯāḍ-,"sign, trace",SR_SN,MT_ME,SR_SN,SR_SN,YES,YES
PDR2195,*ǯā̆ḍ-,to strike; to trample,PA_SH,PA_HA,PA_SH,PA_SH,YES,YES
PDR2196,*ǯāṟ-,"to slip, slide",MO_SS,MO_GA,MO_SS,MO_SS,YES,YES
PDR2197,*ǯā[v]il-,dog,AN_DO,AN_WO,AN_DO,AN_DO,YES,YES
PDR2198,*ǯeṟ-,centipede,AN_IN,AN_AN,AN_IN,AN_WR,YES,
PDR2199,*ǯē[v]-,child,MK_CH,MK_BO,AN_KI,MK_CH,,YES
PDR2200,*ǯig-,"thick, sticky, viscid, gum",SP_TS,SP_SF,AN_GE,SR_TS,,
PDR2201,*ǯil-,"cold, chill",SP_CD,SP_HW,TI_WI,SP_CD,,YES
PDR2202,*ǯiŋk-,antelope,AN_DE,AN_AN,AN_BE,AN_DE,,YES
PDR2203,*ǯī̆nṭ- (?),to stick to; gum,PA_PR,FD_OI,BP_BI,PA_BI,,
PDR2204,*ǯol-,"bundle, tress at the back of the head; back",BP_HA,DF_HS,BP_FO,BP_HE,,
PDR2205,*ǯon-[aḷ]-,maize,AV_MA,FD_FD,AV_MA,AV_MA,YES,YES
PDR2206,*ǯō̆k-,care,EM_CA,EM_SS,EM_CA,EM_CA,YES,YES
PDR2207,*ǯōr-,to leak,MO_FL,PW_WF,BP_SP,FD_SU,,
PDR2208,*ǯuḷ-,pungent; to prick,SP_SP,SP_HA,CA_NE,SP_AC,,
PDR2209,*ǯuṟ(p)-,"to sip, suck",FD_SU,FD_DR,FD_SU,FD_SU,YES,YES
PDR2210,*ǯuṭ-,tuft of hair,BP_HA,AN_BI,BP_HA,BP_HA,YES,YES
PDR2211,*ǯuv-,fig tree,AV_TR,FD_FR,FD_FI,FD_FI,,
